series_id,source_file,source_row,timestamp,SPM72_Wm2,PV_Rear,sync_difference_s,source_status,category,condition_code,notes,valid_pair,sync_within_tolerance,analysis_eligible
20260820_091508,C:\Users\Sorin\OneDrive - Universitatea Vasile Alecsandri Bacau\Proiecte_Cercetare\FurduI\FSM_Achizitie\emi_dataset_analysis_windows\data\20260820_091508\synchronized_measurements.csv,2,2026-08-20 06:15:08+00:00,335.0,61.6,0.277,,unknown,,No metadata entry,True,True,True
20260820_091508,C:\Users\Sorin\OneDrive - Universitatea Vasile Alecsandri Bacau\Proiecte_Cercetare\FurduI\FSM_Achizitie\emi_dataset_analysis_windows\data\20260820_091508\synchronized_measurements.csv,3,2026-08-20 06:15:38+00:00,337.0,61.9,0.299,,unknown,,No metadata entry,True,True,True
20260820_091508,C:\Users\Sorin\OneDrive - Universitatea Vasile Alecsandri Bacau\Proiecte_Cercetare\FurduI\FSM_Achizitie\emi_dataset_analysis_windows\data\20260820_091508\synchronized_measurements.csv,4,2026-08-20 06:16:08+00:00,338.0,62.1,0.388,,unknown,,No metadata entry,True,True,True
20260820_091508,C:\Users\Sorin\OneDrive - Universitatea Vasile Alecsandri Bacau\Proiecte_Cercetare\FurduI\FSM_Achizitie\emi_dataset_analysis_windows\data\20260820_091508\synchronized_measurements.csv,5,2026-08-20 06:16:38+00:00,340.0,62.3,0.586,,unknown,,No metadata entry,True,True,True
20260820_091508,C:\Users\Sorin\OneDrive - Universitatea Vasile Alecsandri Bacau\Proiecte_Cercetare\FurduI\FSM_Achizitie\emi_dataset_analysis_windows\data\20260820_091508\synchronized_measurements.csv,6,2026-08-20 06:17:08+00:00,341.0,62.7,0.355,,unknown,,No metadata entry,True,True,True
20260820_091508,C:\Users\Sorin\OneDrive - Universitatea Vasile Alecsandri Bacau\Proiecte_Cercetare\FurduI\FSM_Achizitie\emi_dataset_analysis_windows\data\20260820_091508\synchronized_measurements.csv,7,2026-08-20 06:17:38+00:00,342.0,63.2,0.371,,unknown,,No metadata entry,True,True,True
20260820_091508,C:\Users\Sorin\OneDrive - Universitatea Vasile Alecsandri Bacau\Proiecte_Cercetare\FurduI\FSM_Achizitie\emi_dataset_analysis_windows\data\20260820_091508\synchronized_measurements.csv,8,2026-08-20 06:18:08+00:00,343.0,63.1,0.39,,unknown,,No metadata entry,True,True,True
20260820_091508,C:\Users\Sorin\OneDrive - Universitatea Vasile Alecsandri Bacau\Proiecte_Cercetare\FurduI\FSM_Achizitie\emi_dataset_analysis_windows\data\20260820_091508\synchronized_measurements.csv,9,2026-08-20 06:18:38+00:00,346.0,63.3,0.41,,unknown,,No metadata entry,True,True,True
20260820_091508,C:\Users\Sorin\OneDrive - Universitatea Vasile Alecsandri Bacau\Proiecte_Cercetare\FurduI\FSM_Achizitie\emi_dataset_analysis_windows\data\20260820_091508\synchronized_measurements.csv,10,2026-08-20 06:19:08+00:00,347.0,63.7,0.433,,unknown,,No metadata entry,True,True,True
20260820_091508,C:\Users\Sorin\OneDrive - Universitatea Vasile Alecsandri Bacau\Proiecte_Cercetare\FurduI\FSM_Achizitie\emi_dataset_analysis_windows\data\20260820_091508\synchronized_measurements.csv,11,2026-08-20 06:19:38+00:00,348.0,63.9,0.453,,unknown,,No metadata entry,True,True,True
20260820_091508,C:\Users\Sorin\OneDrive - Universitatea Vasile Alecsandri Bacau\Proiecte_Cercetare\FurduI\FSM_Achizitie\emi_dataset_analysis_windows\data\20260820_091508\synchronized_measurements.csv,12,2026-08-20 06:20:08+00:00,355.0,63.9,0.465,,unknown,,No metadata entry,True,True,True
20260820_091508,C:\Users\Sorin\OneDrive - Universitatea Vasile Alecsandri Bacau\Proiecte_Cercetare\FurduI\FSM_Achizitie\emi_dataset_analysis_windows\data\20260820_091508\synchronized_measurements.csv,13,2026-08-20 06:20:38+00:00,356.0,64.3,0.478,,unknown,,No metadata entry,True,True,True
20260820_091508,C:\Users\Sorin\OneDrive - Universitatea Vasile Alecsandri Bacau\Proiecte_Cercetare\FurduI\FSM_Achizitie\emi_dataset_analysis_windows\data\20260820_091508\synchronized_measurements.csv,14,2026-08-20 06:21:08+00:00,356.0,64.6,0.498,,unknown,,No metadata entry,True,True,True
20260820_091508,C:\Users\Sorin\OneDrive - Universitatea Vasile Alecsandri Bacau\Proiecte_Cercetare\FurduI\FSM_Achizitie\emi_dataset_analysis_windows\data\20260820_091508\synchronized_measurements.csv,15,2026-08-20 06:21:38+00:00,358.0,64.69,0.521,,unknown,,No metadata entry,True,True,True
20260820_091508,C:\Users\Sorin\OneDrive - Universitatea Vasile Alecsandri Bacau\Proiecte_Cercetare\FurduI\FSM_Achizitie\emi_dataset_analysis_windows\data\20260820_091508\synchronized_measurements.csv,16,2026-08-20 06:22:08+00:00,360.0,65.1,0.545,,unknown,,No metadata entry,True,True,True
20260820_091508,C:\Users\Sorin\OneDrive - Universitatea Vasile Alecsandri Bacau\Proiecte_Cercetare\FurduI\FSM_Achizitie\emi_dataset_analysis_windows\data\20260820_091508\synchronized_measurements.csv,17,2026-08-20 06:22:38+00:00,361.0,65.3,0.556,,unknown,,No metadata entry,True,True,True
20260820_091508,C:\Users\Sorin\OneDrive - Universitatea Vasile Alecsandri Bacau\Proiecte_Cercetare\FurduI\FSM_Achizitie\emi_dataset_analysis_windows\data\20260820_091508\synchronized_measurements.csv,18,2026-08-20 06:23:08+00:00,363.0,65.6,0.58,,unknown,,No metadata entry,True,True,True
20260820_091508,C:\Users\Sorin\OneDrive - Universitatea Vasile Alecsandri Bacau\Proiecte_Cercetare\FurduI\FSM_Achizitie\emi_dataset_analysis_windows\data\20260820_091508\synchronized_measurements.csv,19,2026-08-20 06:23:38+00:00,364.0,65.8,0.59,,unknown,,No metadata entry,True,True,True
20260820_091508,C:\Users\Sorin\OneDrive - Universitatea Vasile Alecsandri Bacau\Proiecte_Cercetare\FurduI\FSM_Achizitie\emi_dataset_analysis_windows\data\20260820_091508\synchronized_measurements.csv,20,2026-08-20 06:24:08+00:00,365.0,66.1,0.604,,unknown,,No metadata entry,True,True,True
20260820_091508,C:\Users\Sorin\OneDrive - Universitatea Vasile Alecsandri Bacau\Proiecte_Cercetare\FurduI\FSM_Achizitie\emi_dataset_analysis_windows\data\20260820_091508\synchronized_measurements.csv,21,2026-08-20 06:24:38+00:00,366.0,66.3,0.623,,unknown,,No metadata entry,True,True,True
20260820_091508,C:\Users\Sorin\OneDrive - Universitatea Vasile Alecsandri Bacau\Proiecte_Cercetare\FurduI\FSM_Achizitie\emi_dataset_analysis_windows\data\20260820_091508\synchronized_measurements.csv,22,2026-08-20 06:25:08+00:00,368.0,66.5,0.647,,unknown,,No metadata entry,True,True,True
20260820_091508,C:\Users\Sorin\OneDrive - Universitatea Vasile Alecsandri Bacau\Proiecte_Cercetare\FurduI\FSM_Achizitie\emi_dataset_analysis_windows\data\20260820_091508\synchronized_measurements.csv,23,2026-08-20 06:25:38+00:00,370.0,66.9,0.666,,unknown,,No metadata entry,True,True,True
20260820_091508,C:\Users\Sorin\OneDrive - Universitatea Vasile Alecsandri Bacau\Proiecte_Cercetare\FurduI\FSM_Achizitie\emi_dataset_analysis_windows\data\20260820_091508\synchronized_measurements.csv,24,2026-08-20 06:26:08+00:00,371.0,67.0,0.689,,unknown,,No metadata entry,True,True,True
20260820_091508,C:\Users\Sorin\OneDrive - Universitatea Vasile Alecsandri Bacau\Proiecte_Cercetare\FurduI\FSM_Achizitie\emi_dataset_analysis_windows\data\20260820_091508\synchronized_measurements.csv,25,2026-08-20 06:26:38+00:00,372.0,67.3,0.712,,unknown,,No metadata entry,True,True,True
20260820_091508,C:\Users\Sorin\OneDrive - Universitatea Vasile Alecsandri Bacau\Proiecte_Cercetare\FurduI\FSM_Achizitie\emi_dataset_analysis_windows\data\20260820_091508\synchronized_measurements.csv,26,2026-08-20 06:27:08+00:00,375.0,67.5,0.734,,unknown,,No metadata entry,True,True,True
20260820_091508,C:\Users\Sorin\OneDrive - Universitatea Vasile Alecsandri Bacau\Proiecte_Cercetare\FurduI\FSM_Achizitie\emi_dataset_analysis_windows\data\20260820_091508\synchronized_measurements.csv,27,2026-08-20 06:27:38+00:00,376.0,67.9,0.757,,unknown,,No metadata entry,True,True,True
20260820_091508,C:\Users\Sorin\OneDrive - Universitatea Vasile Alecsandri Bacau\Proiecte_Cercetare\FurduI\FSM_Achizitie\emi_dataset_analysis_windows\data\20260820_091508\synchronized_measurements.csv,28,2026-08-20 06:28:08+00:00,377.0,68.0,0.774,,unknown,,No metadata entry,True,True,True
20260820_091508,C:\Users\Sorin\OneDrive - Universitatea Vasile Alecsandri Bacau\Proiecte_Cercetare\FurduI\FSM_Achizitie\emi_dataset_analysis_windows\data\20260820_091508\synchronized_measurements.csv,29,2026-08-20 06:28:38+00:00,379.0,68.4,0.799,,unknown,,No metadata entry,True,True,True
20260820_091508,C:\Users\Sorin\OneDrive - Universitatea Vasile Alecsandri Bacau\Proiecte_Cercetare\FurduI\FSM_Achizitie\emi_dataset_analysis_windows\data\20260820_091508\synchronized_measurements.csv,30,2026-08-20 06:29:08+00:00,381.0,68.69,0.812,,unknown,,No metadata entry,True,True,True
20260820_091508,C:\Users\Sorin\OneDrive - Universitatea Vasile Alecsandri Bacau\Proiecte_Cercetare\FurduI\FSM_Achizitie\emi_dataset_analysis_windows\data\20260820_091508\synchronized_measurements.csv,31,2026-08-20 06:29:38+00:00,381.0,68.9,0.834,,unknown,,No metadata entry,True,True,True
20260820_091508,C:\Users\Sorin\OneDrive - Universitatea Vasile Alecsandri Bacau\Proiecte_Cercetare\FurduI\FSM_Achizitie\emi_dataset_analysis_windows\data\20260820_091508\synchronized_measurements.csv,32,2026-08-20 06:30:08+00:00,384.0,69.1,0.917,,unknown,,No metadata entry,True,True,True
20260820_091508,C:\Users\Sorin\OneDrive - Universitatea Vasile Alecsandri Bacau\Proiecte_Cercetare\FurduI\FSM_Achizitie\emi_dataset_analysis_windows\data\20260820_091508\synchronized_measurements.csv,33,2026-08-20 06:30:38+00:00,384.0,69.3,1.116,,unknown,,No metadata entry,True,True,True
20260820_091508,C:\Users\Sorin\OneDrive - Universitatea Vasile Alecsandri Bacau\Proiecte_Cercetare\FurduI\FSM_Achizitie\emi_dataset_analysis_windows\data\20260820_091508\synchronized_measurements.csv,34,2026-08-20 06:31:08+00:00,386.0,69.69,0.876,,unknown,,No metadata entry,True,True,True
20260820_091508,C:\Users\Sorin\OneDrive - Universitatea Vasile Alecsandri Bacau\Proiecte_Cercetare\FurduI\FSM_Achizitie\emi_dataset_analysis_windows\data\20260820_091508\synchronized_measurements.csv,35,2026-08-20 06:31:38+00:00,388.0,69.9,0.897,,unknown,,No metadata entry,True,True,True
20260820_091508,C:\Users\Sorin\OneDrive - Universitatea Vasile Alecsandri Bacau\Proiecte_Cercetare\FurduI\FSM_Achizitie\emi_dataset_analysis_windows\data\20260820_091508\synchronized_measurements.csv,36,2026-08-20 06:32:08+00:00,389.0,70.1,0.919,,unknown,,No metadata entry,True,True,True
20260820_091508,C:\Users\Sorin\OneDrive - Universitatea Vasile Alecsandri Bacau\Proiecte_Cercetare\FurduI\FSM_Achizitie\emi_dataset_analysis_windows\data\20260820_091508\synchronized_measurements.csv,37,2026-08-20 06:32:38+00:00,389.0,70.3,0.935,,unknown,,No metadata entry,True,True,True
20260820_091508,C:\Users\Sorin\OneDrive - Universitatea Vasile Alecsandri Bacau\Proiecte_Cercetare\FurduI\FSM_Achizitie\emi_dataset_analysis_windows\data\20260820_091508\synchronized_measurements.csv,38,2026-08-20 06:33:08+00:00,392.0,70.6,0.956,,unknown,,No metadata entry,True,True,True
20260820_091508,C:\Users\Sorin\OneDrive - Universitatea Vasile Alecsandri Bacau\Proiecte_Cercetare\FurduI\FSM_Achizitie\emi_dataset_analysis_windows\data\20260820_091508\synchronized_measurements.csv,39,2026-08-20 06:33:38+00:00,392.0,70.69,0.97,,unknown,,No metadata entry,True,True,True
20260820_091508,C:\Users\Sorin\OneDrive - Universitatea Vasile Alecsandri Bacau\Proiecte_Cercetare\FurduI\FSM_Achizitie\emi_dataset_analysis_windows\data\20260820_091508\synchronized_measurements.csv,40,2026-08-20 06:34:08+00:00,394.0,71.1,0.995,,unknown,,No metadata entry,True,True,True
20260820_091508,C:\Users\Sorin\OneDrive - Universitatea Vasile Alecsandri Bacau\Proiecte_Cercetare\FurduI\FSM_Achizitie\emi_dataset_analysis_windows\data\20260820_091508\synchronized_measurements.csv,41,2026-08-20 06:34:38+00:00,396.0,71.3,1.264,,unknown,,No metadata entry,True,True,True
20260820_091508,C:\Users\Sorin\OneDrive - Universitatea Vasile Alecsandri Bacau\Proiecte_Cercetare\FurduI\FSM_Achizitie\emi_dataset_analysis_windows\data\20260820_091508\synchronized_measurements.csv,42,2026-08-20 06:35:08+00:00,397.0,71.6,1.196,,unknown,,No metadata entry,True,True,True
20260820_091508,C:\Users\Sorin\OneDrive - Universitatea Vasile Alecsandri Bacau\Proiecte_Cercetare\FurduI\FSM_Achizitie\emi_dataset_analysis_windows\data\20260820_091508\synchronized_measurements.csv,43,2026-08-20 06:35:38+00:00,398.0,71.69,1.222,,unknown,,No metadata entry,True,True,True
20260820_091508,C:\Users\Sorin\OneDrive - Universitatea Vasile Alecsandri Bacau\Proiecte_Cercetare\FurduI\FSM_Achizitie\emi_dataset_analysis_windows\data\20260820_091508\synchronized_measurements.csv,44,2026-08-20 06:36:08+00:00,400.0,72.1,1.238,,unknown,,No metadata entry,True,True,True
20260820_091508,C:\Users\Sorin\OneDrive - Universitatea Vasile Alecsandri Bacau\Proiecte_Cercetare\FurduI\FSM_Achizitie\emi_dataset_analysis_windows\data\20260820_091508\synchronized_measurements.csv,45,2026-08-20 06:36:38+00:00,401.0,72.3,1.268,,unknown,,No metadata entry,True,True,True
20260820_091508,C:\Users\Sorin\OneDrive - Universitatea Vasile Alecsandri Bacau\Proiecte_Cercetare\FurduI\FSM_Achizitie\emi_dataset_analysis_windows\data\20260820_091508\synchronized_measurements.csv,46,2026-08-20 06:37:08+00:00,402.0,72.6,1.282,,unknown,,No metadata entry,True,True,True
20260820_091508,C:\Users\Sorin\OneDrive - Universitatea Vasile Alecsandri Bacau\Proiecte_Cercetare\FurduI\FSM_Achizitie\emi_dataset_analysis_windows\data\20260820_091508\synchronized_measurements.csv,47,2026-08-20 06:37:38+00:00,404.0,72.69,1.306,,unknown,,No metadata entry,True,True,True
20260820_091508,C:\Users\Sorin\OneDrive - Universitatea Vasile Alecsandri Bacau\Proiecte_Cercetare\FurduI\FSM_Achizitie\emi_dataset_analysis_windows\data\20260820_091508\synchronized_measurements.csv,48,2026-08-20 06:38:08+00:00,405.0,72.9,1.321,,unknown,,No metadata entry,True,True,True
20260820_091508,C:\Users\Sorin\OneDrive - Universitatea Vasile Alecsandri Bacau\Proiecte_Cercetare\FurduI\FSM_Achizitie\emi_dataset_analysis_windows\data\20260820_091508\synchronized_measurements.csv,49,2026-08-20 06:38:38+00:00,407.0,73.3,1.347,,unknown,,No metadata entry,True,True,True
20260820_091508,C:\Users\Sorin\OneDrive - Universitatea Vasile Alecsandri Bacau\Proiecte_Cercetare\FurduI\FSM_Achizitie\emi_dataset_analysis_windows\data\20260820_091508\synchronized_measurements.csv,50,2026-08-20 06:39:08+00:00,408.0,73.3,1.369,,unknown,,No metadata entry,True,True,True
20260820_091508,C:\Users\Sorin\OneDrive - Universitatea Vasile Alecsandri Bacau\Proiecte_Cercetare\FurduI\FSM_Achizitie\emi_dataset_analysis_windows\data\20260820_091508\synchronized_measurements.csv,51,2026-08-20 06:39:38+00:00,410.0,73.69,1.39,,unknown,,No metadata entry,True,True,True
20260820_091508,C:\Users\Sorin\OneDrive - Universitatea Vasile Alecsandri Bacau\Proiecte_Cercetare\FurduI\FSM_Achizitie\emi_dataset_analysis_windows\data\20260820_091508\synchronized_measurements.csv,52,2026-08-20 06:40:08+00:00,412.0,74.0,1.411,,unknown,,No metadata entry,True,True,True
20260820_091508,C:\Users\Sorin\OneDrive - Universitatea Vasile Alecsandri Bacau\Proiecte_Cercetare\FurduI\FSM_Achizitie\emi_dataset_analysis_windows\data\20260820_091508\synchronized_measurements.csv,53,2026-08-20 06:40:38+00:00,414.0,74.4,1.432,,unknown,,No metadata entry,True,True,True
20260820_091508,C:\Users\Sorin\OneDrive - Universitatea Vasile Alecsandri Bacau\Proiecte_Cercetare\FurduI\FSM_Achizitie\emi_dataset_analysis_windows\data\20260820_091508\synchronized_measurements.csv,54,2026-08-20 06:41:08+00:00,416.0,74.4,1.449,,unknown,,No metadata entry,True,True,True
20260820_091508,C:\Users\Sorin\OneDrive - Universitatea Vasile Alecsandri Bacau\Proiecte_Cercetare\FurduI\FSM_Achizitie\emi_dataset_analysis_windows\data\20260820_091508\synchronized_measurements.csv,55,2026-08-20 06:41:38+00:00,417.0,74.8,1.467,,unknown,,No metadata entry,True,True,True
20260820_091508,C:\Users\Sorin\OneDrive - Universitatea Vasile Alecsandri Bacau\Proiecte_Cercetare\FurduI\FSM_Achizitie\emi_dataset_analysis_windows\data\20260820_091508\synchronized_measurements.csv,56,2026-08-20 06:42:08+00:00,418.0,75.0,1.492,,unknown,,No metadata entry,True,True,True
20260820_091508,C:\Users\Sorin\OneDrive - Universitatea Vasile Alecsandri Bacau\Proiecte_Cercetare\FurduI\FSM_Achizitie\emi_dataset_analysis_windows\data\20260820_091508\synchronized_measurements.csv,57,2026-08-20 06:42:38+00:00,420.0,75.3,1.515,,unknown,,No metadata entry,True,True,True
20260820_091508,C:\Users\Sorin\OneDrive - Universitatea Vasile Alecsandri Bacau\Proiecte_Cercetare\FurduI\FSM_Achizitie\emi_dataset_analysis_windows\data\20260820_091508\synchronized_measurements.csv,58,2026-08-20 06:43:08+00:00,421.0,75.4,1.542,,unknown,,No metadata entry,True,True,True
20260820_091508,C:\Users\Sorin\OneDrive - Universitatea Vasile Alecsandri Bacau\Proiecte_Cercetare\FurduI\FSM_Achizitie\emi_dataset_analysis_windows\data\20260820_091508\synchronized_measurements.csv,59,2026-08-20 06:43:38+00:00,423.0,75.8,1.566,,unknown,,No metadata entry,True,True,True
20260820_091508,C:\Users\Sorin\OneDrive - Universitatea Vasile Alecsandri Bacau\Proiecte_Cercetare\FurduI\FSM_Achizitie\emi_dataset_analysis_windows\data\20260820_091508\synchronized_measurements.csv,60,2026-08-20 06:44:08+00:00,424.0,76.0,1.592,,unknown,,No metadata entry,True,True,True
20260820_091508,C:\Users\Sorin\OneDrive - Universitatea Vasile Alecsandri Bacau\Proiecte_Cercetare\FurduI\FSM_Achizitie\emi_dataset_analysis_windows\data\20260820_091508\synchronized_measurements.csv,61,2026-08-20 06:44:38+00:00,426.0,76.0,1.685,,unknown,,No metadata entry,True,True,True
20260820_091508,C:\Users\Sorin\OneDrive - Universitatea Vasile Alecsandri Bacau\Proiecte_Cercetare\FurduI\FSM_Achizitie\emi_dataset_analysis_windows\data\20260820_091508\synchronized_measurements.csv,62,2026-08-20 06:45:08+00:00,427.0,76.4,1.887,,unknown,,No metadata entry,True,True,True
20260820_091508,C:\Users\Sorin\OneDrive - Universitatea Vasile Alecsandri Bacau\Proiecte_Cercetare\FurduI\FSM_Achizitie\emi_dataset_analysis_windows\data\20260820_091508\synchronized_measurements.csv,63,2026-08-20 06:45:38+00:00,430.0,76.69,1.649,,unknown,,No metadata entry,True,True,True
20260820_091508,C:\Users\Sorin\OneDrive - Universitatea Vasile Alecsandri Bacau\Proiecte_Cercetare\FurduI\FSM_Achizitie\emi_dataset_analysis_windows\data\20260820_091508\synchronized_measurements.csv,64,2026-08-20 06:46:08+00:00,430.0,76.8,1.662,,unknown,,No metadata entry,True,True,True
20260820_091508,C:\Users\Sorin\OneDrive - Universitatea Vasile Alecsandri Bacau\Proiecte_Cercetare\FurduI\FSM_Achizitie\emi_dataset_analysis_windows\data\20260820_091508\synchronized_measurements.csv,65,2026-08-20 06:46:38+00:00,431.0,77.1,1.678,,unknown,,No metadata entry,True,True,True
20260820_091508,C:\Users\Sorin\OneDrive - Universitatea Vasile Alecsandri Bacau\Proiecte_Cercetare\FurduI\FSM_Achizitie\emi_dataset_analysis_windows\data\20260820_091508\synchronized_measurements.csv,66,2026-08-20 06:47:08+00:00,433.0,77.19,1.697,,unknown,,No metadata entry,True,True,True
20260820_091508,C:\Users\Sorin\OneDrive - Universitatea Vasile Alecsandri Bacau\Proiecte_Cercetare\FurduI\FSM_Achizitie\emi_dataset_analysis_windows\data\20260820_091508\synchronized_measurements.csv,67,2026-08-20 06:47:38+00:00,434.0,77.4,1.72,,unknown,,No metadata entry,True,True,True
20260820_091508,C:\Users\Sorin\OneDrive - Universitatea Vasile Alecsandri Bacau\Proiecte_Cercetare\FurduI\FSM_Achizitie\emi_dataset_analysis_windows\data\20260820_091508\synchronized_measurements.csv,68,2026-08-20 06:48:08+00:00,437.0,77.69,1.736,,unknown,,No metadata entry,True,True,True
20260820_091508,C:\Users\Sorin\OneDrive - Universitatea Vasile Alecsandri Bacau\Proiecte_Cercetare\FurduI\FSM_Achizitie\emi_dataset_analysis_windows\data\20260820_091508\synchronized_measurements.csv,69,2026-08-20 06:48:38+00:00,437.0,77.9,1.757,,unknown,,No metadata entry,True,True,True
20260820_091508,C:\Users\Sorin\OneDrive - Universitatea Vasile Alecsandri Bacau\Proiecte_Cercetare\FurduI\FSM_Achizitie\emi_dataset_analysis_windows\data\20260820_091508\synchronized_measurements.csv,70,2026-08-20 06:49:08+00:00,438.0,78.19,1.781,,unknown,,No metadata entry,True,True,True
20260820_091508,C:\Users\Sorin\OneDrive - Universitatea Vasile Alecsandri Bacau\Proiecte_Cercetare\FurduI\FSM_Achizitie\emi_dataset_analysis_windows\data\20260820_091508\synchronized_measurements.csv,71,2026-08-20 06:49:38+00:00,438.0,78.3,1.805,,unknown,,No metadata entry,True,True,True
20260820_091508,C:\Users\Sorin\OneDrive - Universitatea Vasile Alecsandri Bacau\Proiecte_Cercetare\FurduI\FSM_Achizitie\emi_dataset_analysis_windows\data\20260820_091508\synchronized_measurements.csv,72,2026-08-20 06:50:08+00:00,440.0,78.5,1.83,,unknown,,No metadata entry,True,True,True
20260820_091508,C:\Users\Sorin\OneDrive - Universitatea Vasile Alecsandri Bacau\Proiecte_Cercetare\FurduI\FSM_Achizitie\emi_dataset_analysis_windows\data\20260820_091508\synchronized_measurements.csv,73,2026-08-20 06:50:38+00:00,442.0,78.8,1.854,,unknown,,No metadata entry,True,True,True
20260820_091508,C:\Users\Sorin\OneDrive - Universitatea Vasile Alecsandri Bacau\Proiecte_Cercetare\FurduI\FSM_Achizitie\emi_dataset_analysis_windows\data\20260820_091508\synchronized_measurements.csv,74,2026-08-20 06:51:08+00:00,444.0,79.0,1.864,,unknown,,No metadata entry,True,True,True
20260820_091508,C:\Users\Sorin\OneDrive - Universitatea Vasile Alecsandri Bacau\Proiecte_Cercetare\FurduI\FSM_Achizitie\emi_dataset_analysis_windows\data\20260820_091508\synchronized_measurements.csv,75,2026-08-20 06:51:38+00:00,446.0,79.19,1.889,,unknown,,No metadata entry,True,True,True
20260820_091508,C:\Users\Sorin\OneDrive - Universitatea Vasile Alecsandri Bacau\Proiecte_Cercetare\FurduI\FSM_Achizitie\emi_dataset_analysis_windows\data\20260820_091508\synchronized_measurements.csv,76,2026-08-20 06:52:08+00:00,446.0,79.5,1.905,,unknown,,No metadata entry,True,True,True
20260820_091508,C:\Users\Sorin\OneDrive - Universitatea Vasile Alecsandri Bacau\Proiecte_Cercetare\FurduI\FSM_Achizitie\emi_dataset_analysis_windows\data\20260820_091508\synchronized_measurements.csv,77,2026-08-20 06:52:38+00:00,447.0,79.6,1.929,,unknown,,No metadata entry,True,True,True
20260820_091508,C:\Users\Sorin\OneDrive - Universitatea Vasile Alecsandri Bacau\Proiecte_Cercetare\FurduI\FSM_Achizitie\emi_dataset_analysis_windows\data\20260820_091508\synchronized_measurements.csv,78,2026-08-20 06:53:08+00:00,449.0,79.9,1.951,,unknown,,No metadata entry,True,True,True
20260820_091508,C:\Users\Sorin\OneDrive - Universitatea Vasile Alecsandri Bacau\Proiecte_Cercetare\FurduI\FSM_Achizitie\emi_dataset_analysis_windows\data\20260820_091508\synchronized_measurements.csv,79,2026-08-20 06:53:38+00:00,451.0,80.0,1.974,,unknown,,No metadata entry,True,True,True
20260820_091508,C:\Users\Sorin\OneDrive - Universitatea Vasile Alecsandri Bacau\Proiecte_Cercetare\FurduI\FSM_Achizitie\emi_dataset_analysis_windows\data\20260820_091508\synchronized_measurements.csv,80,2026-08-20 06:54:08+00:00,451.0,80.1,1.984,,unknown,,No metadata entry,True,True,True
20260820_091508,C:\Users\Sorin\OneDrive - Universitatea Vasile Alecsandri Bacau\Proiecte_Cercetare\FurduI\FSM_Achizitie\emi_dataset_analysis_windows\data\20260820_091508\synchronized_measurements.csv,81,2026-08-20 06:54:38+00:00,453.0,80.4,2.006,,unknown,,No metadata entry,True,True,True
20260820_091508,C:\Users\Sorin\OneDrive - Universitatea Vasile Alecsandri Bacau\Proiecte_Cercetare\FurduI\FSM_Achizitie\emi_dataset_analysis_windows\data\20260820_091508\synchronized_measurements.csv,82,2026-08-20 06:55:08+00:00,454.0,80.6,2.025,,unknown,,No metadata entry,True,True,True
20260820_091508,C:\Users\Sorin\OneDrive - Universitatea Vasile Alecsandri Bacau\Proiecte_Cercetare\FurduI\FSM_Achizitie\emi_dataset_analysis_windows\data\20260820_091508\synchronized_measurements.csv,83,2026-08-20 06:55:38+00:00,456.0,81.0,2.051,,unknown,,No metadata entry,True,True,True
20260820_091508,C:\Users\Sorin\OneDrive - Universitatea Vasile Alecsandri Bacau\Proiecte_Cercetare\FurduI\FSM_Achizitie\emi_dataset_analysis_windows\data\20260820_091508\synchronized_measurements.csv,84,2026-08-20 06:56:08+00:00,457.0,81.1,2.07,,unknown,,No metadata entry,True,True,True
20260820_091508,C:\Users\Sorin\OneDrive - Universitatea Vasile Alecsandri Bacau\Proiecte_Cercetare\FurduI\FSM_Achizitie\emi_dataset_analysis_windows\data\20260820_091508\synchronized_measurements.csv,85,2026-08-20 06:56:38+00:00,458.0,81.4,2.085,,unknown,,No metadata entry,True,True,True
20260820_091508,C:\Users\Sorin\OneDrive - Universitatea Vasile Alecsandri Bacau\Proiecte_Cercetare\FurduI\FSM_Achizitie\emi_dataset_analysis_windows\data\20260820_091508\synchronized_measurements.csv,86,2026-08-20 06:57:08+00:00,461.0,81.69,2.094,,unknown,,No metadata entry,True,True,True
20260820_091508,C:\Users\Sorin\OneDrive - Universitatea Vasile Alecsandri Bacau\Proiecte_Cercetare\FurduI\FSM_Achizitie\emi_dataset_analysis_windows\data\20260820_091508\synchronized_measurements.csv,87,2026-08-20 06:57:38+00:00,461.0,81.8,2.105,,unknown,,No metadata entry,True,True,True
20260820_091508,C:\Users\Sorin\OneDrive - Universitatea Vasile Alecsandri Bacau\Proiecte_Cercetare\FurduI\FSM_Achizitie\emi_dataset_analysis_windows\data\20260820_091508\synchronized_measurements.csv,88,2026-08-20 06:58:08+00:00,462.0,82.2,2.121,,unknown,,No metadata entry,True,True,True
20260820_091508,C:\Users\Sorin\OneDrive - Universitatea Vasile Alecsandri Bacau\Proiecte_Cercetare\FurduI\FSM_Achizitie\emi_dataset_analysis_windows\data\20260820_091508\synchronized_measurements.csv,89,2026-08-20 06:58:38+00:00,465.0,82.2,2.306,,unknown,,No metadata entry,True,True,True
20260820_091508,C:\Users\Sorin\OneDrive - Universitatea Vasile Alecsandri Bacau\Proiecte_Cercetare\FurduI\FSM_Achizitie\emi_dataset_analysis_windows\data\20260820_091508\synchronized_measurements.csv,90,2026-08-20 06:59:08+00:00,466.0,82.4,2.152,,unknown,,No metadata entry,True,True,True
20260820_091508,C:\Users\Sorin\OneDrive - Universitatea Vasile Alecsandri Bacau\Proiecte_Cercetare\FurduI\FSM_Achizitie\emi_dataset_analysis_windows\data\20260820_091508\synchronized_measurements.csv,91,2026-08-20 06:59:38+00:00,467.0,82.8,2.168,,unknown,,No metadata entry,True,True,True
20260820_091508,C:\Users\Sorin\OneDrive - Universitatea Vasile Alecsandri Bacau\Proiecte_Cercetare\FurduI\FSM_Achizitie\emi_dataset_analysis_windows\data\20260820_091508\synchronized_measurements.csv,92,2026-08-20 07:00:08+00:00,467.0,82.9,2.183,,unknown,,No metadata entry,True,True,True
20260820_091508,C:\Users\Sorin\OneDrive - Universitatea Vasile Alecsandri Bacau\Proiecte_Cercetare\FurduI\FSM_Achizitie\emi_dataset_analysis_windows\data\20260820_091508\synchronized_measurements.csv,93,2026-08-20 07:00:38+00:00,489.0,82.9,2.198,,unknown,,No metadata entry,True,True,True
20260820_091508,C:\Users\Sorin\OneDrive - Universitatea Vasile Alecsandri Bacau\Proiecte_Cercetare\FurduI\FSM_Achizitie\emi_dataset_analysis_windows\data\20260820_091508\synchronized_measurements.csv,94,2026-08-20 07:01:08+00:00,482.0,83.5,2.213,,unknown,,No metadata entry,True,True,True
20260820_091508,C:\Users\Sorin\OneDrive - Universitatea Vasile Alecsandri Bacau\Proiecte_Cercetare\FurduI\FSM_Achizitie\emi_dataset_analysis_windows\data\20260820_091508\synchronized_measurements.csv,95,2026-08-20 07:01:38+00:00,488.0,83.5,-7.772,,unknown,,No metadata entry,True,True,True
20260820_091508,C:\Users\Sorin\OneDrive - Universitatea Vasile Alecsandri Bacau\Proiecte_Cercetare\FurduI\FSM_Achizitie\emi_dataset_analysis_windows\data\20260820_091508\synchronized_measurements.csv,96,2026-08-20 07:02:08+00:00,478.0,83.6,-2.643,,unknown,,No metadata entry,True,True,True
20260820_091508,C:\Users\Sorin\OneDrive - Universitatea Vasile Alecsandri Bacau\Proiecte_Cercetare\FurduI\FSM_Achizitie\emi_dataset_analysis_windows\data\20260820_091508\synchronized_measurements.csv,97,2026-08-20 07:02:38+00:00,480.0,83.9,-2.623,,unknown,,No metadata entry,True,True,True
20260820_091508,C:\Users\Sorin\OneDrive - Universitatea Vasile Alecsandri Bacau\Proiecte_Cercetare\FurduI\FSM_Achizitie\emi_dataset_analysis_windows\data\20260820_091508\synchronized_measurements.csv,98,2026-08-20 07:03:08+00:00,482.0,84.1,-2.609,,unknown,,No metadata entry,True,True,True
20260820_091508,C:\Users\Sorin\OneDrive - Universitatea Vasile Alecsandri Bacau\Proiecte_Cercetare\FurduI\FSM_Achizitie\emi_dataset_analysis_windows\data\20260820_091508\synchronized_measurements.csv,99,2026-08-20 07:03:38+00:00,484.0,84.3,-2.598,,unknown,,No metadata entry,True,True,True
20260820_114939,C:\Users\Sorin\OneDrive - Universitatea Vasile Alecsandri Bacau\Proiecte_Cercetare\FurduI\FSM_Achizitie\emi_dataset_analysis_windows\data\20260820_114939\synchronized_measurements.csv,2,2026-08-20 08:49:39+00:00,690.0,113.6,2.373,,dynamic_C1,C1,isolated clouds,True,True,True
20260820_114939,C:\Users\Sorin\OneDrive - Universitatea Vasile Alecsandri Bacau\Proiecte_Cercetare\FurduI\FSM_Achizitie\emi_dataset_analysis_windows\data\20260820_114939\synchronized_measurements.csv,3,2026-08-20 08:50:09+00:00,693.0,113.7,2.578,,dynamic_C1,C1,isolated clouds,True,True,True
20260820_114939,C:\Users\Sorin\OneDrive - Universitatea Vasile Alecsandri Bacau\Proiecte_Cercetare\FurduI\FSM_Achizitie\emi_dataset_analysis_windows\data\20260820_114939\synchronized_measurements.csv,4,2026-08-20 08:50:39+00:00,695.0,113.8,2.329,,dynamic_C1,C1,isolated clouds,True,True,True
20260820_114939,C:\Users\Sorin\OneDrive - Universitatea Vasile Alecsandri Bacau\Proiecte_Cercetare\FurduI\FSM_Achizitie\emi_dataset_analysis_windows\data\20260820_114939\synchronized_measurements.csv,5,2026-08-20 08:51:09+00:00,697.0,114.2,2.353,,dynamic_C1,C1,isolated clouds,True,True,True
20260820_114939,C:\Users\Sorin\OneDrive - Universitatea Vasile Alecsandri Bacau\Proiecte_Cercetare\FurduI\FSM_Achizitie\emi_dataset_analysis_windows\data\20260820_114939\synchronized_measurements.csv,6,2026-08-20 08:51:39+00:00,695.0,114.2,2.366,,dynamic_C1,C1,isolated clouds,True,True,True
20260820_114939,C:\Users\Sorin\OneDrive - Universitatea Vasile Alecsandri Bacau\Proiecte_Cercetare\FurduI\FSM_Achizitie\emi_dataset_analysis_windows\data\20260820_114939\synchronized_measurements.csv,7,2026-08-20 08:52:09+00:00,695.0,114.2,2.39,,dynamic_C1,C1,isolated clouds,True,True,True
20260820_114939,C:\Users\Sorin\OneDrive - Universitatea Vasile Alecsandri Bacau\Proiecte_Cercetare\FurduI\FSM_Achizitie\emi_dataset_analysis_windows\data\20260820_114939\synchronized_measurements.csv,8,2026-08-20 08:52:39+00:00,696.0,114.3,2.409,,dynamic_C1,C1,isolated clouds,True,True,True
20260820_114939,C:\Users\Sorin\OneDrive - Universitatea Vasile Alecsandri Bacau\Proiecte_Cercetare\FurduI\FSM_Achizitie\emi_dataset_analysis_windows\data\20260820_114939\synchronized_measurements.csv,9,2026-08-20 08:53:09+00:00,696.0,114.5,2.424,,dynamic_C1,C1,isolated clouds,True,True,True
20260820_114939,C:\Users\Sorin\OneDrive - Universitatea Vasile Alecsandri Bacau\Proiecte_Cercetare\FurduI\FSM_Achizitie\emi_dataset_analysis_windows\data\20260820_114939\synchronized_measurements.csv,10,2026-08-20 08:53:39+00:00,698.0,114.6,2.44,,dynamic_C1,C1,isolated clouds,True,True,True
20260820_114939,C:\Users\Sorin\OneDrive - Universitatea Vasile Alecsandri Bacau\Proiecte_Cercetare\FurduI\FSM_Achizitie\emi_dataset_analysis_windows\data\20260820_114939\synchronized_measurements.csv,11,2026-08-20 08:54:09+00:00,698.0,114.5,2.454,,dynamic_C1,C1,isolated clouds,True,True,True
20260820_114939,C:\Users\Sorin\OneDrive - Universitatea Vasile Alecsandri Bacau\Proiecte_Cercetare\FurduI\FSM_Achizitie\emi_dataset_analysis_windows\data\20260820_114939\synchronized_measurements.csv,12,2026-08-20 08:54:39+00:00,701.0,114.5,2.462,,dynamic_C1,C1,isolated clouds,True,True,True
20260820_114939,C:\Users\Sorin\OneDrive - Universitatea Vasile Alecsandri Bacau\Proiecte_Cercetare\FurduI\FSM_Achizitie\emi_dataset_analysis_windows\data\20260820_114939\synchronized_measurements.csv,13,2026-08-20 08:55:09+00:00,700.0,114.9,2.476,,dynamic_C1,C1,isolated clouds,True,True,True
20260820_114939,C:\Users\Sorin\OneDrive - Universitatea Vasile Alecsandri Bacau\Proiecte_Cercetare\FurduI\FSM_Achizitie\emi_dataset_analysis_windows\data\20260820_114939\synchronized_measurements.csv,14,2026-08-20 08:55:39+00:00,702.0,114.9,2.49,,dynamic_C1,C1,isolated clouds,True,True,True
20260820_114939,C:\Users\Sorin\OneDrive - Universitatea Vasile Alecsandri Bacau\Proiecte_Cercetare\FurduI\FSM_Achizitie\emi_dataset_analysis_windows\data\20260820_114939\synchronized_measurements.csv,15,2026-08-20 08:56:09+00:00,706.0,115.2,2.505,,dynamic_C1,C1,isolated clouds,True,True,True
20260820_114939,C:\Users\Sorin\OneDrive - Universitatea Vasile Alecsandri Bacau\Proiecte_Cercetare\FurduI\FSM_Achizitie\emi_dataset_analysis_windows\data\20260820_114939\synchronized_measurements.csv,16,2026-08-20 08:56:39+00:00,706.0,115.1,2.517,,dynamic_C1,C1,isolated clouds,True,True,True
20260820_114939,C:\Users\Sorin\OneDrive - Universitatea Vasile Alecsandri Bacau\Proiecte_Cercetare\FurduI\FSM_Achizitie\emi_dataset_analysis_windows\data\20260820_114939\synchronized_measurements.csv,17,2026-08-20 08:57:09+00:00,705.0,115.2,2.53,,dynamic_C1,C1,isolated clouds,True,True,True
20260820_114939,C:\Users\Sorin\OneDrive - Universitatea Vasile Alecsandri Bacau\Proiecte_Cercetare\FurduI\FSM_Achizitie\emi_dataset_analysis_windows\data\20260820_114939\synchronized_measurements.csv,18,2026-08-20 08:57:39+00:00,704.0,115.1,2.546,,dynamic_C1,C1,isolated clouds,True,True,True
20260820_114939,C:\Users\Sorin\OneDrive - Universitatea Vasile Alecsandri Bacau\Proiecte_Cercetare\FurduI\FSM_Achizitie\emi_dataset_analysis_windows\data\20260820_114939\synchronized_measurements.csv,19,2026-08-20 08:58:09+00:00,704.0,115.4,2.558,,dynamic_C1,C1,isolated clouds,True,True,True
20260820_114939,C:\Users\Sorin\OneDrive - Universitatea Vasile Alecsandri Bacau\Proiecte_Cercetare\FurduI\FSM_Achizitie\emi_dataset_analysis_windows\data\20260820_114939\synchronized_measurements.csv,20,2026-08-20 08:58:39+00:00,669.0,115.5,2.57,,dynamic_C1,C1,isolated clouds,True,True,True
20260820_114939,C:\Users\Sorin\OneDrive - Universitatea Vasile Alecsandri Bacau\Proiecte_Cercetare\FurduI\FSM_Achizitie\emi_dataset_analysis_windows\data\20260820_114939\synchronized_measurements.csv,21,2026-08-20 08:59:10+00:00,510.0,115.5,1.577,,dynamic_C1,C1,isolated clouds,True,True,True
20260820_114939,C:\Users\Sorin\OneDrive - Universitatea Vasile Alecsandri Bacau\Proiecte_Cercetare\FurduI\FSM_Achizitie\emi_dataset_analysis_windows\data\20260820_114939\synchronized_measurements.csv,22,2026-08-20 08:59:40+00:00,312.0,115.5,1.587,,dynamic_C1,C1,isolated clouds,True,True,True
20260820_114939,C:\Users\Sorin\OneDrive - Universitatea Vasile Alecsandri Bacau\Proiecte_Cercetare\FurduI\FSM_Achizitie\emi_dataset_analysis_windows\data\20260820_114939\synchronized_measurements.csv,23,2026-08-20 09:00:10+00:00,135.0,115.7,1.591,,dynamic_C1,C1,isolated clouds,True,True,True
20260820_114939,C:\Users\Sorin\OneDrive - Universitatea Vasile Alecsandri Bacau\Proiecte_Cercetare\FurduI\FSM_Achizitie\emi_dataset_analysis_windows\data\20260820_114939\synchronized_measurements.csv,24,2026-08-20 09:00:40+00:00,62.0,115.8,1.605,,dynamic_C1,C1,isolated clouds,True,True,True
20260820_114939,C:\Users\Sorin\OneDrive - Universitatea Vasile Alecsandri Bacau\Proiecte_Cercetare\FurduI\FSM_Achizitie\emi_dataset_analysis_windows\data\20260820_114939\synchronized_measurements.csv,25,2026-08-20 09:01:10+00:00,61.0,115.7,1.62,,dynamic_C1,C1,isolated clouds,True,True,True
20260820_114939,C:\Users\Sorin\OneDrive - Universitatea Vasile Alecsandri Bacau\Proiecte_Cercetare\FurduI\FSM_Achizitie\emi_dataset_analysis_windows\data\20260820_114939\synchronized_measurements.csv,26,2026-08-20 09:01:40+00:00,61.0,115.9,1.637,,dynamic_C1,C1,isolated clouds,True,True,True
20260820_114939,C:\Users\Sorin\OneDrive - Universitatea Vasile Alecsandri Bacau\Proiecte_Cercetare\FurduI\FSM_Achizitie\emi_dataset_analysis_windows\data\20260820_114939\synchronized_measurements.csv,27,2026-08-20 09:02:10+00:00,61.0,114.0,1.65,,dynamic_C1,C1,isolated clouds,True,True,True
20260820_114939,C:\Users\Sorin\OneDrive - Universitatea Vasile Alecsandri Bacau\Proiecte_Cercetare\FurduI\FSM_Achizitie\emi_dataset_analysis_windows\data\20260820_114939\synchronized_measurements.csv,28,2026-08-20 09:02:40+00:00,703.0,115.0,1.665,,dynamic_C1,C1,isolated clouds,True,True,True
20260820_114939,C:\Users\Sorin\OneDrive - Universitatea Vasile Alecsandri Bacau\Proiecte_Cercetare\FurduI\FSM_Achizitie\emi_dataset_analysis_windows\data\20260820_114939\synchronized_measurements.csv,29,2026-08-20 09:03:10+00:00,759.0,118.3,1.867,,dynamic_C1,C1,isolated clouds,True,True,True
20260820_114939,C:\Users\Sorin\OneDrive - Universitatea Vasile Alecsandri Bacau\Proiecte_Cercetare\FurduI\FSM_Achizitie\emi_dataset_analysis_windows\data\20260820_114939\synchronized_measurements.csv,30,2026-08-20 09:03:40+00:00,731.0,115.4,-8.325,,dynamic_C1,C1,isolated clouds,True,True,True
20260820_114939,C:\Users\Sorin\OneDrive - Universitatea Vasile Alecsandri Bacau\Proiecte_Cercetare\FurduI\FSM_Achizitie\emi_dataset_analysis_windows\data\20260820_114939\synchronized_measurements.csv,31,2026-08-20 09:04:10+00:00,731.0,115.7,-3.196,,dynamic_C1,C1,isolated clouds,True,True,True
20260820_114939,C:\Users\Sorin\OneDrive - Universitatea Vasile Alecsandri Bacau\Proiecte_Cercetare\FurduI\FSM_Achizitie\emi_dataset_analysis_windows\data\20260820_114939\synchronized_measurements.csv,32,2026-08-20 09:04:40+00:00,731.0,115.5,-3.181,,dynamic_C1,C1,isolated clouds,True,True,True
20260820_114939,C:\Users\Sorin\OneDrive - Universitatea Vasile Alecsandri Bacau\Proiecte_Cercetare\FurduI\FSM_Achizitie\emi_dataset_analysis_windows\data\20260820_114939\synchronized_measurements.csv,33,2026-08-20 09:05:10+00:00,730.0,115.4,-3.172,,dynamic_C1,C1,isolated clouds,True,True,True
20260820_114939,C:\Users\Sorin\OneDrive - Universitatea Vasile Alecsandri Bacau\Proiecte_Cercetare\FurduI\FSM_Achizitie\emi_dataset_analysis_windows\data\20260820_114939\synchronized_measurements.csv,34,2026-08-20 09:05:40+00:00,730.0,115.3,-3.161,,dynamic_C1,C1,isolated clouds,True,True,True
20260820_114939,C:\Users\Sorin\OneDrive - Universitatea Vasile Alecsandri Bacau\Proiecte_Cercetare\FurduI\FSM_Achizitie\emi_dataset_analysis_windows\data\20260820_114939\synchronized_measurements.csv,35,2026-08-20 09:06:10+00:00,731.0,115.5,-3.138,,dynamic_C1,C1,isolated clouds,True,True,True
20260820_114939,C:\Users\Sorin\OneDrive - Universitatea Vasile Alecsandri Bacau\Proiecte_Cercetare\FurduI\FSM_Achizitie\emi_dataset_analysis_windows\data\20260820_114939\synchronized_measurements.csv,36,2026-08-20 09:06:40+00:00,730.0,115.4,-3.127,,dynamic_C1,C1,isolated clouds,True,True,True
20260820_114939,C:\Users\Sorin\OneDrive - Universitatea Vasile Alecsandri Bacau\Proiecte_Cercetare\FurduI\FSM_Achizitie\emi_dataset_analysis_windows\data\20260820_114939\synchronized_measurements.csv,37,2026-08-20 09:07:10+00:00,732.0,115.6,-3.108,,dynamic_C1,C1,isolated clouds,True,True,True
20260820_114939,C:\Users\Sorin\OneDrive - Universitatea Vasile Alecsandri Bacau\Proiecte_Cercetare\FurduI\FSM_Achizitie\emi_dataset_analysis_windows\data\20260820_114939\synchronized_measurements.csv,38,2026-08-20 09:07:40+00:00,731.0,115.9,-3.096,,dynamic_C1,C1,isolated clouds,True,True,True
20260820_114939,C:\Users\Sorin\OneDrive - Universitatea Vasile Alecsandri Bacau\Proiecte_Cercetare\FurduI\FSM_Achizitie\emi_dataset_analysis_windows\data\20260820_114939\synchronized_measurements.csv,39,2026-08-20 09:08:10+00:00,733.0,116.1,-3.081,,dynamic_C1,C1,isolated clouds,True,True,True
20260820_114939,C:\Users\Sorin\OneDrive - Universitatea Vasile Alecsandri Bacau\Proiecte_Cercetare\FurduI\FSM_Achizitie\emi_dataset_analysis_windows\data\20260820_114939\synchronized_measurements.csv,40,2026-08-20 09:08:40+00:00,735.0,116.4,-3.065,,dynamic_C1,C1,isolated clouds,True,True,True
20260820_114939,C:\Users\Sorin\OneDrive - Universitatea Vasile Alecsandri Bacau\Proiecte_Cercetare\FurduI\FSM_Achizitie\emi_dataset_analysis_windows\data\20260820_114939\synchronized_measurements.csv,41,2026-08-20 09:09:10+00:00,736.0,116.4,-3.049,,dynamic_C1,C1,isolated clouds,True,True,True
20260820_114939,C:\Users\Sorin\OneDrive - Universitatea Vasile Alecsandri Bacau\Proiecte_Cercetare\FurduI\FSM_Achizitie\emi_dataset_analysis_windows\data\20260820_114939\synchronized_measurements.csv,42,2026-08-20 09:09:40+00:00,735.0,116.4,-3.034,,dynamic_C1,C1,isolated clouds,True,True,True
20260820_114939,C:\Users\Sorin\OneDrive - Universitatea Vasile Alecsandri Bacau\Proiecte_Cercetare\FurduI\FSM_Achizitie\emi_dataset_analysis_windows\data\20260820_114939\synchronized_measurements.csv,43,2026-08-20 09:10:10+00:00,738.0,116.5,-3.024,,dynamic_C1,C1,isolated clouds,True,True,True
20260820_114939,C:\Users\Sorin\OneDrive - Universitatea Vasile Alecsandri Bacau\Proiecte_Cercetare\FurduI\FSM_Achizitie\emi_dataset_analysis_windows\data\20260820_114939\synchronized_measurements.csv,44,2026-08-20 09:10:40+00:00,739.0,116.8,-3.008,,dynamic_C1,C1,isolated clouds,True,True,True
20260820_114939,C:\Users\Sorin\OneDrive - Universitatea Vasile Alecsandri Bacau\Proiecte_Cercetare\FurduI\FSM_Achizitie\emi_dataset_analysis_windows\data\20260820_114939\synchronized_measurements.csv,45,2026-08-20 09:11:10+00:00,741.0,117.2,-3.001,,dynamic_C1,C1,isolated clouds,True,True,True
20260820_114939,C:\Users\Sorin\OneDrive - Universitatea Vasile Alecsandri Bacau\Proiecte_Cercetare\FurduI\FSM_Achizitie\emi_dataset_analysis_windows\data\20260820_114939\synchronized_measurements.csv,46,2026-08-20 09:11:40+00:00,739.0,117.3,-2.988,,dynamic_C1,C1,isolated clouds,True,True,True
20260820_114939,C:\Users\Sorin\OneDrive - Universitatea Vasile Alecsandri Bacau\Proiecte_Cercetare\FurduI\FSM_Achizitie\emi_dataset_analysis_windows\data\20260820_114939\synchronized_measurements.csv,47,2026-08-20 09:12:10+00:00,744.0,118.1,-2.97,,dynamic_C1,C1,isolated clouds,True,True,True
20260820_114939,C:\Users\Sorin\OneDrive - Universitatea Vasile Alecsandri Bacau\Proiecte_Cercetare\FurduI\FSM_Achizitie\emi_dataset_analysis_windows\data\20260820_114939\synchronized_measurements.csv,48,2026-08-20 09:12:40+00:00,735.0,115.8,-2.957,,dynamic_C1,C1,isolated clouds,True,True,True
20260820_114939,C:\Users\Sorin\OneDrive - Universitatea Vasile Alecsandri Bacau\Proiecte_Cercetare\FurduI\FSM_Achizitie\emi_dataset_analysis_windows\data\20260820_114939\synchronized_measurements.csv,49,2026-08-20 09:13:10+00:00,742.0,117.2,-2.947,,dynamic_C1,C1,isolated clouds,True,True,True
20260820_114939,C:\Users\Sorin\OneDrive - Universitatea Vasile Alecsandri Bacau\Proiecte_Cercetare\FurduI\FSM_Achizitie\emi_dataset_analysis_windows\data\20260820_114939\synchronized_measurements.csv,50,2026-08-20 09:13:40+00:00,736.0,115.8,-2.941,,dynamic_C1,C1,isolated clouds,True,True,True
20260820_114939,C:\Users\Sorin\OneDrive - Universitatea Vasile Alecsandri Bacau\Proiecte_Cercetare\FurduI\FSM_Achizitie\emi_dataset_analysis_windows\data\20260820_114939\synchronized_measurements.csv,51,2026-08-20 09:14:40+00:00,740.0,117.2,-2.919,,dynamic_C1,C1,isolated clouds,True,True,True
20260820_114939,C:\Users\Sorin\OneDrive - Universitatea Vasile Alecsandri Bacau\Proiecte_Cercetare\FurduI\FSM_Achizitie\emi_dataset_analysis_windows\data\20260820_114939\synchronized_measurements.csv,52,2026-08-20 09:15:10+00:00,741.0,117.3,-2.909,,dynamic_C1,C1,isolated clouds,True,True,True
20260820_114939,C:\Users\Sorin\OneDrive - Universitatea Vasile Alecsandri Bacau\Proiecte_Cercetare\FurduI\FSM_Achizitie\emi_dataset_analysis_windows\data\20260820_114939\synchronized_measurements.csv,53,2026-08-20 09:15:40+00:00,743.0,117.5,-2.899,,dynamic_C1,C1,isolated clouds,True,True,True
20260820_114939,C:\Users\Sorin\OneDrive - Universitatea Vasile Alecsandri Bacau\Proiecte_Cercetare\FurduI\FSM_Achizitie\emi_dataset_analysis_windows\data\20260820_114939\synchronized_measurements.csv,54,2026-08-20 09:16:10+00:00,743.0,117.6,-2.883,,dynamic_C1,C1,isolated clouds,True,True,True
20260820_114939,C:\Users\Sorin\OneDrive - Universitatea Vasile Alecsandri Bacau\Proiecte_Cercetare\FurduI\FSM_Achizitie\emi_dataset_analysis_windows\data\20260820_114939\synchronized_measurements.csv,55,2026-08-20 09:16:40+00:00,745.0,117.6,-2.68,,dynamic_C1,C1,isolated clouds,True,True,True
20260820_114939,C:\Users\Sorin\OneDrive - Universitatea Vasile Alecsandri Bacau\Proiecte_Cercetare\FurduI\FSM_Achizitie\emi_dataset_analysis_windows\data\20260820_114939\synchronized_measurements.csv,56,2026-08-20 09:17:10+00:00,745.0,117.6,-2.854,,dynamic_C1,C1,isolated clouds,True,True,True
20260820_114939,C:\Users\Sorin\OneDrive - Universitatea Vasile Alecsandri Bacau\Proiecte_Cercetare\FurduI\FSM_Achizitie\emi_dataset_analysis_windows\data\20260820_114939\synchronized_measurements.csv,57,2026-08-20 09:17:40+00:00,748.0,117.8,-2.844,,dynamic_C1,C1,isolated clouds,True,True,True
20260820_114939,C:\Users\Sorin\OneDrive - Universitatea Vasile Alecsandri Bacau\Proiecte_Cercetare\FurduI\FSM_Achizitie\emi_dataset_analysis_windows\data\20260820_114939\synchronized_measurements.csv,58,2026-08-20 09:18:10+00:00,748.0,118.1,-2.833,,dynamic_C1,C1,isolated clouds,True,True,True
20260820_114939,C:\Users\Sorin\OneDrive - Universitatea Vasile Alecsandri Bacau\Proiecte_Cercetare\FurduI\FSM_Achizitie\emi_dataset_analysis_windows\data\20260820_114939\synchronized_measurements.csv,59,2026-08-20 09:18:40+00:00,749.0,117.9,-2.82,,dynamic_C1,C1,isolated clouds,True,True,True
20260820_114939,C:\Users\Sorin\OneDrive - Universitatea Vasile Alecsandri Bacau\Proiecte_Cercetare\FurduI\FSM_Achizitie\emi_dataset_analysis_windows\data\20260820_114939\synchronized_measurements.csv,60,2026-08-20 09:19:10+00:00,749.0,118.1,-2.804,,dynamic_C1,C1,isolated clouds,True,True,True
20260820_114939,C:\Users\Sorin\OneDrive - Universitatea Vasile Alecsandri Bacau\Proiecte_Cercetare\FurduI\FSM_Achizitie\emi_dataset_analysis_windows\data\20260820_114939\synchronized_measurements.csv,61,2026-08-20 09:19:40+00:00,751.0,118.0,-2.788,,dynamic_C1,C1,isolated clouds,True,True,True
20260820_114939,C:\Users\Sorin\OneDrive - Universitatea Vasile Alecsandri Bacau\Proiecte_Cercetare\FurduI\FSM_Achizitie\emi_dataset_analysis_windows\data\20260820_114939\synchronized_measurements.csv,62,2026-08-20 09:20:10+00:00,749.0,118.0,-2.773,,dynamic_C1,C1,isolated clouds,True,True,True
20260820_114939,C:\Users\Sorin\OneDrive - Universitatea Vasile Alecsandri Bacau\Proiecte_Cercetare\FurduI\FSM_Achizitie\emi_dataset_analysis_windows\data\20260820_114939\synchronized_measurements.csv,63,2026-08-20 09:20:40+00:00,750.0,117.8,-2.76,,dynamic_C1,C1,isolated clouds,True,True,True
20260820_114939,C:\Users\Sorin\OneDrive - Universitatea Vasile Alecsandri Bacau\Proiecte_Cercetare\FurduI\FSM_Achizitie\emi_dataset_analysis_windows\data\20260820_114939\synchronized_measurements.csv,64,2026-08-20 09:21:10+00:00,749.0,118.1,-2.742,,dynamic_C1,C1,isolated clouds,True,True,True
20260820_114939,C:\Users\Sorin\OneDrive - Universitatea Vasile Alecsandri Bacau\Proiecte_Cercetare\FurduI\FSM_Achizitie\emi_dataset_analysis_windows\data\20260820_114939\synchronized_measurements.csv,65,2026-08-20 09:21:40+00:00,750.0,117.9,-2.732,,dynamic_C1,C1,isolated clouds,True,True,True
20260820_114939,C:\Users\Sorin\OneDrive - Universitatea Vasile Alecsandri Bacau\Proiecte_Cercetare\FurduI\FSM_Achizitie\emi_dataset_analysis_windows\data\20260820_114939\synchronized_measurements.csv,66,2026-08-20 09:22:10+00:00,751.0,117.9,-2.721,,dynamic_C1,C1,isolated clouds,True,True,True
20260820_114939,C:\Users\Sorin\OneDrive - Universitatea Vasile Alecsandri Bacau\Proiecte_Cercetare\FurduI\FSM_Achizitie\emi_dataset_analysis_windows\data\20260820_114939\synchronized_measurements.csv,67,2026-08-20 09:22:40+00:00,752.0,118.0,-2.7,,dynamic_C1,C1,isolated clouds,True,True,True
20260820_114939,C:\Users\Sorin\OneDrive - Universitatea Vasile Alecsandri Bacau\Proiecte_Cercetare\FurduI\FSM_Achizitie\emi_dataset_analysis_windows\data\20260820_114939\synchronized_measurements.csv,68,2026-08-20 09:23:40+00:00,753.0,118.5,-2.67,,dynamic_C1,C1,isolated clouds,True,True,True
20260820_114939,C:\Users\Sorin\OneDrive - Universitatea Vasile Alecsandri Bacau\Proiecte_Cercetare\FurduI\FSM_Achizitie\emi_dataset_analysis_windows\data\20260820_114939\synchronized_measurements.csv,69,2026-08-20 09:24:10+00:00,754.0,118.7,-2.655,,dynamic_C1,C1,isolated clouds,True,True,True
20260820_114939,C:\Users\Sorin\OneDrive - Universitatea Vasile Alecsandri Bacau\Proiecte_Cercetare\FurduI\FSM_Achizitie\emi_dataset_analysis_windows\data\20260820_114939\synchronized_measurements.csv,70,2026-08-20 09:24:40+00:00,754.0,118.6,-2.642,,dynamic_C1,C1,isolated clouds,True,True,True
20260820_114939,C:\Users\Sorin\OneDrive - Universitatea Vasile Alecsandri Bacau\Proiecte_Cercetare\FurduI\FSM_Achizitie\emi_dataset_analysis_windows\data\20260820_114939\synchronized_measurements.csv,71,2026-08-20 09:25:10+00:00,755.0,118.8,-2.63,,dynamic_C1,C1,isolated clouds,True,True,True
20260820_114939,C:\Users\Sorin\OneDrive - Universitatea Vasile Alecsandri Bacau\Proiecte_Cercetare\FurduI\FSM_Achizitie\emi_dataset_analysis_windows\data\20260820_114939\synchronized_measurements.csv,72,2026-08-20 09:26:10+00:00,757.0,119.1,-2.595,,dynamic_C1,C1,isolated clouds,True,True,True
20260820_114939,C:\Users\Sorin\OneDrive - Universitatea Vasile Alecsandri Bacau\Proiecte_Cercetare\FurduI\FSM_Achizitie\emi_dataset_analysis_windows\data\20260820_114939\synchronized_measurements.csv,73,2026-08-20 09:26:40+00:00,758.0,119.0,-2.577,,dynamic_C1,C1,isolated clouds,True,True,True
20260820_114939,C:\Users\Sorin\OneDrive - Universitatea Vasile Alecsandri Bacau\Proiecte_Cercetare\FurduI\FSM_Achizitie\emi_dataset_analysis_windows\data\20260820_114939\synchronized_measurements.csv,74,2026-08-20 09:27:10+00:00,757.0,119.1,-2.56,,dynamic_C1,C1,isolated clouds,True,True,True
20260820_114939,C:\Users\Sorin\OneDrive - Universitatea Vasile Alecsandri Bacau\Proiecte_Cercetare\FurduI\FSM_Achizitie\emi_dataset_analysis_windows\data\20260820_114939\synchronized_measurements.csv,75,2026-08-20 09:27:40+00:00,759.0,119.3,-2.545,,dynamic_C1,C1,isolated clouds,True,True,True
20260820_114939,C:\Users\Sorin\OneDrive - Universitatea Vasile Alecsandri Bacau\Proiecte_Cercetare\FurduI\FSM_Achizitie\emi_dataset_analysis_windows\data\20260820_114939\synchronized_measurements.csv,76,2026-08-20 09:28:10+00:00,758.0,119.4,-2.529,,dynamic_C1,C1,isolated clouds,True,True,True
20260820_114939,C:\Users\Sorin\OneDrive - Universitatea Vasile Alecsandri Bacau\Proiecte_Cercetare\FurduI\FSM_Achizitie\emi_dataset_analysis_windows\data\20260820_114939\synchronized_measurements.csv,77,2026-08-20 09:28:40+00:00,758.0,119.1,-2.517,,dynamic_C1,C1,isolated clouds,True,True,True
20260820_114939,C:\Users\Sorin\OneDrive - Universitatea Vasile Alecsandri Bacau\Proiecte_Cercetare\FurduI\FSM_Achizitie\emi_dataset_analysis_windows\data\20260820_114939\synchronized_measurements.csv,78,2026-08-20 09:29:10+00:00,758.0,119.4,-2.502,,dynamic_C1,C1,isolated clouds,True,True,True
20260820_114939,C:\Users\Sorin\OneDrive - Universitatea Vasile Alecsandri Bacau\Proiecte_Cercetare\FurduI\FSM_Achizitie\emi_dataset_analysis_windows\data\20260820_114939\synchronized_measurements.csv,79,2026-08-20 09:29:40+00:00,760.0,119.6,-2.372,,dynamic_C1,C1,isolated clouds,True,True,True
20260820_114939,C:\Users\Sorin\OneDrive - Universitatea Vasile Alecsandri Bacau\Proiecte_Cercetare\FurduI\FSM_Achizitie\emi_dataset_analysis_windows\data\20260820_114939\synchronized_measurements.csv,80,2026-08-20 09:30:10+00:00,760.0,119.7,-2.17,,dynamic_C1,C1,isolated clouds,True,True,True
20260820_114939,C:\Users\Sorin\OneDrive - Universitatea Vasile Alecsandri Bacau\Proiecte_Cercetare\FurduI\FSM_Achizitie\emi_dataset_analysis_windows\data\20260820_114939\synchronized_measurements.csv,81,2026-08-20 09:30:40+00:00,761.0,119.6,-2.458,,dynamic_C1,C1,isolated clouds,True,True,True
20260820_114939,C:\Users\Sorin\OneDrive - Universitatea Vasile Alecsandri Bacau\Proiecte_Cercetare\FurduI\FSM_Achizitie\emi_dataset_analysis_windows\data\20260820_114939\synchronized_measurements.csv,82,2026-08-20 09:31:10+00:00,761.0,119.6,-2.449,,dynamic_C1,C1,isolated clouds,True,True,True
20260820_114939,C:\Users\Sorin\OneDrive - Universitatea Vasile Alecsandri Bacau\Proiecte_Cercetare\FurduI\FSM_Achizitie\emi_dataset_analysis_windows\data\20260820_114939\synchronized_measurements.csv,83,2026-08-20 09:31:40+00:00,760.0,119.5,-2.432,,dynamic_C1,C1,isolated clouds,True,True,True
20260820_114939,C:\Users\Sorin\OneDrive - Universitatea Vasile Alecsandri Bacau\Proiecte_Cercetare\FurduI\FSM_Achizitie\emi_dataset_analysis_windows\data\20260820_114939\synchronized_measurements.csv,84,2026-08-20 09:32:10+00:00,761.0,119.8,-2.417,,dynamic_C1,C1,isolated clouds,True,True,True
20260820_114939,C:\Users\Sorin\OneDrive - Universitatea Vasile Alecsandri Bacau\Proiecte_Cercetare\FurduI\FSM_Achizitie\emi_dataset_analysis_windows\data\20260820_114939\synchronized_measurements.csv,85,2026-08-20 09:32:40+00:00,762.0,119.8,-2.398,,dynamic_C1,C1,isolated clouds,True,True,True
20260820_114939,C:\Users\Sorin\OneDrive - Universitatea Vasile Alecsandri Bacau\Proiecte_Cercetare\FurduI\FSM_Achizitie\emi_dataset_analysis_windows\data\20260820_114939\synchronized_measurements.csv,86,2026-08-20 09:33:10+00:00,763.0,119.6,-2.387,,dynamic_C1,C1,isolated clouds,True,True,True
20260820_114939,C:\Users\Sorin\OneDrive - Universitatea Vasile Alecsandri Bacau\Proiecte_Cercetare\FurduI\FSM_Achizitie\emi_dataset_analysis_windows\data\20260820_114939\synchronized_measurements.csv,87,2026-08-20 09:33:40+00:00,764.0,119.8,-2.371,,dynamic_C1,C1,isolated clouds,True,True,True
20260820_114939,C:\Users\Sorin\OneDrive - Universitatea Vasile Alecsandri Bacau\Proiecte_Cercetare\FurduI\FSM_Achizitie\emi_dataset_analysis_windows\data\20260820_114939\synchronized_measurements.csv,88,2026-08-20 09:34:10+00:00,764.0,119.7,-2.357,,dynamic_C1,C1,isolated clouds,True,True,True
20260820_114939,C:\Users\Sorin\OneDrive - Universitatea Vasile Alecsandri Bacau\Proiecte_Cercetare\FurduI\FSM_Achizitie\emi_dataset_analysis_windows\data\20260820_114939\synchronized_measurements.csv,89,2026-08-20 09:34:40+00:00,763.0,120.0,-2.337,,dynamic_C1,C1,isolated clouds,True,True,True
20260820_114939,C:\Users\Sorin\OneDrive - Universitatea Vasile Alecsandri Bacau\Proiecte_Cercetare\FurduI\FSM_Achizitie\emi_dataset_analysis_windows\data\20260820_114939\synchronized_measurements.csv,90,2026-08-20 09:35:10+00:00,764.0,120.1,-2.321,,dynamic_C1,C1,isolated clouds,True,True,True
20260820_114939,C:\Users\Sorin\OneDrive - Universitatea Vasile Alecsandri Bacau\Proiecte_Cercetare\FurduI\FSM_Achizitie\emi_dataset_analysis_windows\data\20260820_114939\synchronized_measurements.csv,91,2026-08-20 09:35:40+00:00,765.0,120.1,-2.309,,dynamic_C1,C1,isolated clouds,True,True,True
20260820_114939,C:\Users\Sorin\OneDrive - Universitatea Vasile Alecsandri Bacau\Proiecte_Cercetare\FurduI\FSM_Achizitie\emi_dataset_analysis_windows\data\20260820_114939\synchronized_measurements.csv,92,2026-08-20 09:36:10+00:00,765.0,120.2,-2.298,,dynamic_C1,C1,isolated clouds,True,True,True
20260820_114939,C:\Users\Sorin\OneDrive - Universitatea Vasile Alecsandri Bacau\Proiecte_Cercetare\FurduI\FSM_Achizitie\emi_dataset_analysis_windows\data\20260820_114939\synchronized_measurements.csv,93,2026-08-20 09:36:40+00:00,767.0,120.2,-2.278,,dynamic_C1,C1,isolated clouds,True,True,True
20260820_114939,C:\Users\Sorin\OneDrive - Universitatea Vasile Alecsandri Bacau\Proiecte_Cercetare\FurduI\FSM_Achizitie\emi_dataset_analysis_windows\data\20260820_114939\synchronized_measurements.csv,94,2026-08-20 09:37:10+00:00,768.0,120.5,-2.264,,dynamic_C1,C1,isolated clouds,True,True,True
20260820_114939,C:\Users\Sorin\OneDrive - Universitatea Vasile Alecsandri Bacau\Proiecte_Cercetare\FurduI\FSM_Achizitie\emi_dataset_analysis_windows\data\20260820_114939\synchronized_measurements.csv,95,2026-08-20 09:37:40+00:00,771.0,120.8,-2.254,,dynamic_C1,C1,isolated clouds,True,True,True
20260820_114939,C:\Users\Sorin\OneDrive - Universitatea Vasile Alecsandri Bacau\Proiecte_Cercetare\FurduI\FSM_Achizitie\emi_dataset_analysis_windows\data\20260820_114939\synchronized_measurements.csv,96,2026-08-20 09:38:10+00:00,771.0,120.7,-2.241,,dynamic_C1,C1,isolated clouds,True,True,True
20260820_114939,C:\Users\Sorin\OneDrive - Universitatea Vasile Alecsandri Bacau\Proiecte_Cercetare\FurduI\FSM_Achizitie\emi_dataset_analysis_windows\data\20260820_114939\synchronized_measurements.csv,97,2026-08-20 09:38:40+00:00,771.0,121.0,-2.223,,dynamic_C1,C1,isolated clouds,True,True,True
20260820_114939,C:\Users\Sorin\OneDrive - Universitatea Vasile Alecsandri Bacau\Proiecte_Cercetare\FurduI\FSM_Achizitie\emi_dataset_analysis_windows\data\20260820_114939\synchronized_measurements.csv,98,2026-08-20 09:39:10+00:00,773.0,121.0,-2.21,,dynamic_C1,C1,isolated clouds,True,True,True
20260820_114939,C:\Users\Sorin\OneDrive - Universitatea Vasile Alecsandri Bacau\Proiecte_Cercetare\FurduI\FSM_Achizitie\emi_dataset_analysis_windows\data\20260820_114939\synchronized_measurements.csv,99,2026-08-20 09:39:40+00:00,774.0,121.2,-2.192,,dynamic_C1,C1,isolated clouds,True,True,True
20260820_114939,C:\Users\Sorin\OneDrive - Universitatea Vasile Alecsandri Bacau\Proiecte_Cercetare\FurduI\FSM_Achizitie\emi_dataset_analysis_windows\data\20260820_114939\synchronized_measurements.csv,100,2026-08-20 09:40:10+00:00,775.0,121.6,-2.184,,dynamic_C1,C1,isolated clouds,True,True,True
20260820_114939,C:\Users\Sorin\OneDrive - Universitatea Vasile Alecsandri Bacau\Proiecte_Cercetare\FurduI\FSM_Achizitie\emi_dataset_analysis_windows\data\20260820_114939\synchronized_measurements.csv,101,2026-08-20 09:40:40+00:00,776.0,121.7,-2.168,,dynamic_C1,C1,isolated clouds,True,True,True
20260820_114939,C:\Users\Sorin\OneDrive - Universitatea Vasile Alecsandri Bacau\Proiecte_Cercetare\FurduI\FSM_Achizitie\emi_dataset_analysis_windows\data\20260820_114939\synchronized_measurements.csv,102,2026-08-20 09:41:10+00:00,777.0,121.9,-2.152,,dynamic_C1,C1,isolated clouds,True,True,True
20260820_114939,C:\Users\Sorin\OneDrive - Universitatea Vasile Alecsandri Bacau\Proiecte_Cercetare\FurduI\FSM_Achizitie\emi_dataset_analysis_windows\data\20260820_114939\synchronized_measurements.csv,103,2026-08-20 09:41:40+00:00,779.0,122.2,-2.138,,dynamic_C1,C1,isolated clouds,True,True,True
20260820_114939,C:\Users\Sorin\OneDrive - Universitatea Vasile Alecsandri Bacau\Proiecte_Cercetare\FurduI\FSM_Achizitie\emi_dataset_analysis_windows\data\20260820_114939\synchronized_measurements.csv,104,2026-08-20 09:42:10+00:00,781.0,122.2,-2.129,,dynamic_C1,C1,isolated clouds,True,True,True
20260820_114939,C:\Users\Sorin\OneDrive - Universitatea Vasile Alecsandri Bacau\Proiecte_Cercetare\FurduI\FSM_Achizitie\emi_dataset_analysis_windows\data\20260820_114939\synchronized_measurements.csv,105,2026-08-20 09:42:40+00:00,783.0,122.6,-2.094,,dynamic_C1,C1,isolated clouds,True,True,True
20260820_114939,C:\Users\Sorin\OneDrive - Universitatea Vasile Alecsandri Bacau\Proiecte_Cercetare\FurduI\FSM_Achizitie\emi_dataset_analysis_windows\data\20260820_114939\synchronized_measurements.csv,106,2026-08-20 09:43:10+00:00,784.0,122.7,-1.889,,dynamic_C1,C1,isolated clouds,True,True,True
20260820_114939,C:\Users\Sorin\OneDrive - Universitatea Vasile Alecsandri Bacau\Proiecte_Cercetare\FurduI\FSM_Achizitie\emi_dataset_analysis_windows\data\20260820_114939\synchronized_measurements.csv,107,2026-08-20 09:44:10+00:00,783.0,122.4,-2.064,,dynamic_C1,C1,isolated clouds,True,True,True
20260820_114939,C:\Users\Sorin\OneDrive - Universitatea Vasile Alecsandri Bacau\Proiecte_Cercetare\FurduI\FSM_Achizitie\emi_dataset_analysis_windows\data\20260820_114939\synchronized_measurements.csv,108,2026-08-20 09:44:40+00:00,789.0,123.4,-2.046,,dynamic_C1,C1,isolated clouds,True,True,True
20260820_114939,C:\Users\Sorin\OneDrive - Universitatea Vasile Alecsandri Bacau\Proiecte_Cercetare\FurduI\FSM_Achizitie\emi_dataset_analysis_windows\data\20260820_114939\synchronized_measurements.csv,109,2026-08-20 09:45:10+00:00,791.0,123.5,-2.031,,dynamic_C1,C1,isolated clouds,True,True,True
20260820_114939,C:\Users\Sorin\OneDrive - Universitatea Vasile Alecsandri Bacau\Proiecte_Cercetare\FurduI\FSM_Achizitie\emi_dataset_analysis_windows\data\20260820_114939\synchronized_measurements.csv,110,2026-08-20 09:45:40+00:00,786.0,123.5,-2.02,,dynamic_C1,C1,isolated clouds,True,True,True
20260820_151336,C:\Users\Sorin\OneDrive - Universitatea Vasile Alecsandri Bacau\Proiecte_Cercetare\FurduI\FSM_Achizitie\emi_dataset_analysis_windows\data\20260820_151336\synchronized_measurements.csv,2,2026-08-20 12:13:36+00:00,756.0,118.4,3.467,,unknown,,No metadata entry,True,True,True
20260820_151336,C:\Users\Sorin\OneDrive - Universitatea Vasile Alecsandri Bacau\Proiecte_Cercetare\FurduI\FSM_Achizitie\emi_dataset_analysis_windows\data\20260820_151336\synchronized_measurements.csv,3,2026-08-20 12:14:06+00:00,738.0,116.3,3.485,,unknown,,No metadata entry,True,True,True
20260820_151336,C:\Users\Sorin\OneDrive - Universitatea Vasile Alecsandri Bacau\Proiecte_Cercetare\FurduI\FSM_Achizitie\emi_dataset_analysis_windows\data\20260820_151336\synchronized_measurements.csv,4,2026-08-20 12:14:36+00:00,721.0,113.0,3.5,,unknown,,No metadata entry,True,True,True
20260820_151336,C:\Users\Sorin\OneDrive - Universitatea Vasile Alecsandri Bacau\Proiecte_Cercetare\FurduI\FSM_Achizitie\emi_dataset_analysis_windows\data\20260820_151336\synchronized_measurements.csv,5,2026-08-20 12:15:06+00:00,724.0,113.6,3.518,,unknown,,No metadata entry,True,True,True
20260820_151336,C:\Users\Sorin\OneDrive - Universitatea Vasile Alecsandri Bacau\Proiecte_Cercetare\FurduI\FSM_Achizitie\emi_dataset_analysis_windows\data\20260820_151336\synchronized_measurements.csv,6,2026-08-20 12:15:36+00:00,702.0,111.2,3.533,,unknown,,No metadata entry,True,True,True
20260820_151336,C:\Users\Sorin\OneDrive - Universitatea Vasile Alecsandri Bacau\Proiecte_Cercetare\FurduI\FSM_Achizitie\emi_dataset_analysis_windows\data\20260820_151336\synchronized_measurements.csv,7,2026-08-20 12:16:06+00:00,724.0,113.6,3.549,,unknown,,No metadata entry,True,True,True
20260820_151336,C:\Users\Sorin\OneDrive - Universitatea Vasile Alecsandri Bacau\Proiecte_Cercetare\FurduI\FSM_Achizitie\emi_dataset_analysis_windows\data\20260820_151336\synchronized_measurements.csv,8,2026-08-20 12:16:36+00:00,714.0,112.4,3.566,,unknown,,No metadata entry,True,True,True
20260820_151336,C:\Users\Sorin\OneDrive - Universitatea Vasile Alecsandri Bacau\Proiecte_Cercetare\FurduI\FSM_Achizitie\emi_dataset_analysis_windows\data\20260820_151336\synchronized_measurements.csv,9,2026-08-20 12:17:06+00:00,719.0,113.3,3.583,,unknown,,No metadata entry,True,True,True
20260820_151336,C:\Users\Sorin\OneDrive - Universitatea Vasile Alecsandri Bacau\Proiecte_Cercetare\FurduI\FSM_Achizitie\emi_dataset_analysis_windows\data\20260820_151336\synchronized_measurements.csv,10,2026-08-20 12:17:36+00:00,726.0,114.4,3.597,,unknown,,No metadata entry,True,True,True
20260820_151336,C:\Users\Sorin\OneDrive - Universitatea Vasile Alecsandri Bacau\Proiecte_Cercetare\FurduI\FSM_Achizitie\emi_dataset_analysis_windows\data\20260820_151336\synchronized_measurements.csv,11,2026-08-20 12:18:06+00:00,725.0,114.4,3.614,,unknown,,No metadata entry,True,True,True
20260820_151336,C:\Users\Sorin\OneDrive - Universitatea Vasile Alecsandri Bacau\Proiecte_Cercetare\FurduI\FSM_Achizitie\emi_dataset_analysis_windows\data\20260820_151336\synchronized_measurements.csv,12,2026-08-20 12:18:36+00:00,725.0,114.6,3.625,,unknown,,No metadata entry,True,True,True
20260820_151336,C:\Users\Sorin\OneDrive - Universitatea Vasile Alecsandri Bacau\Proiecte_Cercetare\FurduI\FSM_Achizitie\emi_dataset_analysis_windows\data\20260820_151336\synchronized_measurements.csv,13,2026-08-20 12:19:06+00:00,725.0,114.4,3.636,,unknown,,No metadata entry,True,True,True
20260820_151336,C:\Users\Sorin\OneDrive - Universitatea Vasile Alecsandri Bacau\Proiecte_Cercetare\FurduI\FSM_Achizitie\emi_dataset_analysis_windows\data\20260820_151336\synchronized_measurements.csv,14,2026-08-20 12:19:36+00:00,723.0,114.1,3.654,,unknown,,No metadata entry,True,True,True
20260820_151336,C:\Users\Sorin\OneDrive - Universitatea Vasile Alecsandri Bacau\Proiecte_Cercetare\FurduI\FSM_Achizitie\emi_dataset_analysis_windows\data\20260820_151336\synchronized_measurements.csv,15,2026-08-20 12:20:06+00:00,723.0,114.4,3.667,,unknown,,No metadata entry,True,True,True
20260820_151336,C:\Users\Sorin\OneDrive - Universitatea Vasile Alecsandri Bacau\Proiecte_Cercetare\FurduI\FSM_Achizitie\emi_dataset_analysis_windows\data\20260820_151336\synchronized_measurements.csv,16,2026-08-20 12:20:36+00:00,725.0,114.4,3.685,,unknown,,No metadata entry,True,True,True
20260820_151336,C:\Users\Sorin\OneDrive - Universitatea Vasile Alecsandri Bacau\Proiecte_Cercetare\FurduI\FSM_Achizitie\emi_dataset_analysis_windows\data\20260820_151336\synchronized_measurements.csv,17,2026-08-20 12:21:06+00:00,725.0,114.6,3.695,,unknown,,No metadata entry,True,True,True
20260820_151336,C:\Users\Sorin\OneDrive - Universitatea Vasile Alecsandri Bacau\Proiecte_Cercetare\FurduI\FSM_Achizitie\emi_dataset_analysis_windows\data\20260820_151336\synchronized_measurements.csv,18,2026-08-20 12:21:36+00:00,727.0,114.7,3.705,,unknown,,No metadata entry,True,True,True
20260820_151336,C:\Users\Sorin\OneDrive - Universitatea Vasile Alecsandri Bacau\Proiecte_Cercetare\FurduI\FSM_Achizitie\emi_dataset_analysis_windows\data\20260820_151336\synchronized_measurements.csv,19,2026-08-20 12:22:06+00:00,728.0,115.1,3.722,,unknown,,No metadata entry,True,True,True
20260820_151336,C:\Users\Sorin\OneDrive - Universitatea Vasile Alecsandri Bacau\Proiecte_Cercetare\FurduI\FSM_Achizitie\emi_dataset_analysis_windows\data\20260820_151336\synchronized_measurements.csv,20,2026-08-20 12:22:36+00:00,731.0,115.5,3.74,,unknown,,No metadata entry,True,True,True
20260820_151336,C:\Users\Sorin\OneDrive - Universitatea Vasile Alecsandri Bacau\Proiecte_Cercetare\FurduI\FSM_Achizitie\emi_dataset_analysis_windows\data\20260820_151336\synchronized_measurements.csv,21,2026-08-20 12:23:06+00:00,732.0,115.7,3.76,,unknown,,No metadata entry,True,True,True
20260820_151336,C:\Users\Sorin\OneDrive - Universitatea Vasile Alecsandri Bacau\Proiecte_Cercetare\FurduI\FSM_Achizitie\emi_dataset_analysis_windows\data\20260820_151336\synchronized_measurements.csv,22,2026-08-20 12:23:36+00:00,733.0,115.9,3.775,,unknown,,No metadata entry,True,True,True
20260820_151336,C:\Users\Sorin\OneDrive - Universitatea Vasile Alecsandri Bacau\Proiecte_Cercetare\FurduI\FSM_Achizitie\emi_dataset_analysis_windows\data\20260820_151336\synchronized_measurements.csv,23,2026-08-20 12:24:06+00:00,730.0,115.3,3.791,,unknown,,No metadata entry,True,True,True
20260820_151336,C:\Users\Sorin\OneDrive - Universitatea Vasile Alecsandri Bacau\Proiecte_Cercetare\FurduI\FSM_Achizitie\emi_dataset_analysis_windows\data\20260820_151336\synchronized_measurements.csv,24,2026-08-20 12:24:36+00:00,730.0,115.5,3.937,,unknown,,No metadata entry,True,True,True
20260820_151336,C:\Users\Sorin\OneDrive - Universitatea Vasile Alecsandri Bacau\Proiecte_Cercetare\FurduI\FSM_Achizitie\emi_dataset_analysis_windows\data\20260820_151336\synchronized_measurements.csv,25,2026-08-20 12:25:06+00:00,729.0,115.5,3.822,,unknown,,No metadata entry,True,True,True
20260820_151336,C:\Users\Sorin\OneDrive - Universitatea Vasile Alecsandri Bacau\Proiecte_Cercetare\FurduI\FSM_Achizitie\emi_dataset_analysis_windows\data\20260820_151336\synchronized_measurements.csv,26,2026-08-20 12:25:36+00:00,724.0,114.9,3.832,,unknown,,No metadata entry,True,True,True
20260820_151336,C:\Users\Sorin\OneDrive - Universitatea Vasile Alecsandri Bacau\Proiecte_Cercetare\FurduI\FSM_Achizitie\emi_dataset_analysis_windows\data\20260820_151336\synchronized_measurements.csv,27,2026-08-20 12:26:06+00:00,711.0,113.4,3.847,,unknown,,No metadata entry,True,True,True
20260820_151336,C:\Users\Sorin\OneDrive - Universitatea Vasile Alecsandri Bacau\Proiecte_Cercetare\FurduI\FSM_Achizitie\emi_dataset_analysis_windows\data\20260820_151336\synchronized_measurements.csv,28,2026-08-20 12:26:36+00:00,685.0,110.1,3.863,,unknown,,No metadata entry,True,True,True
20260820_151336,C:\Users\Sorin\OneDrive - Universitatea Vasile Alecsandri Bacau\Proiecte_Cercetare\FurduI\FSM_Achizitie\emi_dataset_analysis_windows\data\20260820_151336\synchronized_measurements.csv,29,2026-08-20 12:27:06+00:00,610.0,97.8,3.882,,unknown,,No metadata entry,True,True,True
20260820_151336,C:\Users\Sorin\OneDrive - Universitatea Vasile Alecsandri Bacau\Proiecte_Cercetare\FurduI\FSM_Achizitie\emi_dataset_analysis_windows\data\20260820_151336\synchronized_measurements.csv,30,2026-08-20 12:27:36+00:00,203.0,33.9,3.9,,unknown,,No metadata entry,True,True,True
20260820_151336,C:\Users\Sorin\OneDrive - Universitatea Vasile Alecsandri Bacau\Proiecte_Cercetare\FurduI\FSM_Achizitie\emi_dataset_analysis_windows\data\20260820_151336\synchronized_measurements.csv,31,2026-08-20 12:28:06+00:00,105.0,18.6,3.912,,unknown,,No metadata entry,True,True,True
20260820_151336,C:\Users\Sorin\OneDrive - Universitatea Vasile Alecsandri Bacau\Proiecte_Cercetare\FurduI\FSM_Achizitie\emi_dataset_analysis_windows\data\20260820_151336\synchronized_measurements.csv,32,2026-08-20 12:28:36+00:00,189.0,27.2,3.93,,unknown,,No metadata entry,True,True,True
20260820_151336,C:\Users\Sorin\OneDrive - Universitatea Vasile Alecsandri Bacau\Proiecte_Cercetare\FurduI\FSM_Achizitie\emi_dataset_analysis_windows\data\20260820_151336\synchronized_measurements.csv,33,2026-08-20 12:29:06+00:00,586.0,92.7,3.948,,unknown,,No metadata entry,True,True,True
20260820_151336,C:\Users\Sorin\OneDrive - Universitatea Vasile Alecsandri Bacau\Proiecte_Cercetare\FurduI\FSM_Achizitie\emi_dataset_analysis_windows\data\20260820_151336\synchronized_measurements.csv,34,2026-08-20 12:29:36+00:00,654.0,103.4,3.965,,unknown,,No metadata entry,True,True,True
20260820_151336,C:\Users\Sorin\OneDrive - Universitatea Vasile Alecsandri Bacau\Proiecte_Cercetare\FurduI\FSM_Achizitie\emi_dataset_analysis_windows\data\20260820_151336\synchronized_measurements.csv,35,2026-08-20 12:30:06+00:00,624.0,99.0,3.972,,unknown,,No metadata entry,True,True,True
20260820_151336,C:\Users\Sorin\OneDrive - Universitatea Vasile Alecsandri Bacau\Proiecte_Cercetare\FurduI\FSM_Achizitie\emi_dataset_analysis_windows\data\20260820_151336\synchronized_measurements.csv,36,2026-08-20 12:30:36+00:00,699.0,110.6,3.982,,unknown,,No metadata entry,True,True,True
20260820_151336,C:\Users\Sorin\OneDrive - Universitatea Vasile Alecsandri Bacau\Proiecte_Cercetare\FurduI\FSM_Achizitie\emi_dataset_analysis_windows\data\20260820_151336\synchronized_measurements.csv,37,2026-08-20 12:31:06+00:00,696.0,110.3,3.997,,unknown,,No metadata entry,True,True,True
20260820_151336,C:\Users\Sorin\OneDrive - Universitatea Vasile Alecsandri Bacau\Proiecte_Cercetare\FurduI\FSM_Achizitie\emi_dataset_analysis_windows\data\20260820_151336\synchronized_measurements.csv,38,2026-08-20 12:31:36+00:00,713.0,112.9,4.009,,unknown,,No metadata entry,True,True,True
20260820_151336,C:\Users\Sorin\OneDrive - Universitatea Vasile Alecsandri Bacau\Proiecte_Cercetare\FurduI\FSM_Achizitie\emi_dataset_analysis_windows\data\20260820_151336\synchronized_measurements.csv,39,2026-08-20 12:32:06+00:00,717.0,113.5,4.028,,unknown,,No metadata entry,True,True,True
20260820_151336,C:\Users\Sorin\OneDrive - Universitatea Vasile Alecsandri Bacau\Proiecte_Cercetare\FurduI\FSM_Achizitie\emi_dataset_analysis_windows\data\20260820_151336\synchronized_measurements.csv,40,2026-08-20 12:32:36+00:00,715.0,113.1,4.039,,unknown,,No metadata entry,True,True,True
20260820_151336,C:\Users\Sorin\OneDrive - Universitatea Vasile Alecsandri Bacau\Proiecte_Cercetare\FurduI\FSM_Achizitie\emi_dataset_analysis_windows\data\20260820_151336\synchronized_measurements.csv,41,2026-08-20 12:33:06+00:00,713.0,113.0,4.058,,unknown,,No metadata entry,True,True,True
20260820_151336,C:\Users\Sorin\OneDrive - Universitatea Vasile Alecsandri Bacau\Proiecte_Cercetare\FurduI\FSM_Achizitie\emi_dataset_analysis_windows\data\20260820_151336\synchronized_measurements.csv,42,2026-08-20 12:33:36+00:00,711.0,113.0,4.067,,unknown,,No metadata entry,True,True,True
20260820_151336,C:\Users\Sorin\OneDrive - Universitatea Vasile Alecsandri Bacau\Proiecte_Cercetare\FurduI\FSM_Achizitie\emi_dataset_analysis_windows\data\20260820_151336\synchronized_measurements.csv,43,2026-08-20 12:34:06+00:00,705.0,112.0,4.08,,unknown,,No metadata entry,True,True,True
20260820_151336,C:\Users\Sorin\OneDrive - Universitatea Vasile Alecsandri Bacau\Proiecte_Cercetare\FurduI\FSM_Achizitie\emi_dataset_analysis_windows\data\20260820_151336\synchronized_measurements.csv,44,2026-08-20 12:34:36+00:00,679.0,107.5,4.099,,unknown,,No metadata entry,True,True,True
20260820_151336,C:\Users\Sorin\OneDrive - Universitatea Vasile Alecsandri Bacau\Proiecte_Cercetare\FurduI\FSM_Achizitie\emi_dataset_analysis_windows\data\20260820_151336\synchronized_measurements.csv,45,2026-08-20 12:35:06+00:00,585.0,89.5,4.115,,unknown,,No metadata entry,True,True,True
20260820_151336,C:\Users\Sorin\OneDrive - Universitatea Vasile Alecsandri Bacau\Proiecte_Cercetare\FurduI\FSM_Achizitie\emi_dataset_analysis_windows\data\20260820_151336\synchronized_measurements.csv,46,2026-08-20 12:35:36+00:00,634.0,102.1,4.127,,unknown,,No metadata entry,True,True,True
20260820_151336,C:\Users\Sorin\OneDrive - Universitatea Vasile Alecsandri Bacau\Proiecte_Cercetare\FurduI\FSM_Achizitie\emi_dataset_analysis_windows\data\20260820_151336\synchronized_measurements.csv,47,2026-08-20 12:36:06+00:00,699.0,111.3,4.141,,unknown,,No metadata entry,True,True,True
20260820_151336,C:\Users\Sorin\OneDrive - Universitatea Vasile Alecsandri Bacau\Proiecte_Cercetare\FurduI\FSM_Achizitie\emi_dataset_analysis_windows\data\20260820_151336\synchronized_measurements.csv,48,2026-08-20 12:36:36+00:00,707.0,112.4,4.159,,unknown,,No metadata entry,True,True,True
20260820_151336,C:\Users\Sorin\OneDrive - Universitatea Vasile Alecsandri Bacau\Proiecte_Cercetare\FurduI\FSM_Achizitie\emi_dataset_analysis_windows\data\20260820_151336\synchronized_measurements.csv,49,2026-08-20 12:37:06+00:00,710.0,113.1,4.177,,unknown,,No metadata entry,True,True,True
20260820_151336,C:\Users\Sorin\OneDrive - Universitatea Vasile Alecsandri Bacau\Proiecte_Cercetare\FurduI\FSM_Achizitie\emi_dataset_analysis_windows\data\20260820_151336\synchronized_measurements.csv,50,2026-08-20 12:38:06+00:00,448.0,67.69,4.495,,unknown,,No metadata entry,True,True,True
20260820_151336,C:\Users\Sorin\OneDrive - Universitatea Vasile Alecsandri Bacau\Proiecte_Cercetare\FurduI\FSM_Achizitie\emi_dataset_analysis_windows\data\20260820_151336\synchronized_measurements.csv,51,2026-08-20 12:38:36+00:00,556.0,89.4,4.225,,unknown,,No metadata entry,True,True,True
20260820_151336,C:\Users\Sorin\OneDrive - Universitatea Vasile Alecsandri Bacau\Proiecte_Cercetare\FurduI\FSM_Achizitie\emi_dataset_analysis_windows\data\20260820_151336\synchronized_measurements.csv,52,2026-08-20 12:39:06+00:00,483.0,77.19,4.243,,unknown,,No metadata entry,True,True,True
20260820_151336,C:\Users\Sorin\OneDrive - Universitatea Vasile Alecsandri Bacau\Proiecte_Cercetare\FurduI\FSM_Achizitie\emi_dataset_analysis_windows\data\20260820_151336\synchronized_measurements.csv,53,2026-08-20 12:39:36+00:00,624.0,99.7,4.261,,unknown,,No metadata entry,True,True,True
20260820_151336,C:\Users\Sorin\OneDrive - Universitatea Vasile Alecsandri Bacau\Proiecte_Cercetare\FurduI\FSM_Achizitie\emi_dataset_analysis_windows\data\20260820_151336\synchronized_measurements.csv,54,2026-08-20 12:40:06+00:00,679.0,107.6,4.279,,unknown,,No metadata entry,True,True,True
20260820_151336,C:\Users\Sorin\OneDrive - Universitatea Vasile Alecsandri Bacau\Proiecte_Cercetare\FurduI\FSM_Achizitie\emi_dataset_analysis_windows\data\20260820_151336\synchronized_measurements.csv,55,2026-08-20 12:40:36+00:00,672.0,106.8,4.291,,unknown,,No metadata entry,True,True,True
20260820_151336,C:\Users\Sorin\OneDrive - Universitatea Vasile Alecsandri Bacau\Proiecte_Cercetare\FurduI\FSM_Achizitie\emi_dataset_analysis_windows\data\20260820_151336\synchronized_measurements.csv,56,2026-08-20 12:41:06+00:00,678.0,107.6,4.311,,unknown,,No metadata entry,True,True,True
20260820_151336,C:\Users\Sorin\OneDrive - Universitatea Vasile Alecsandri Bacau\Proiecte_Cercetare\FurduI\FSM_Achizitie\emi_dataset_analysis_windows\data\20260820_151336\synchronized_measurements.csv,57,2026-08-20 12:41:36+00:00,684.0,108.8,4.327,,unknown,,No metadata entry,True,True,True
20260820_151336,C:\Users\Sorin\OneDrive - Universitatea Vasile Alecsandri Bacau\Proiecte_Cercetare\FurduI\FSM_Achizitie\emi_dataset_analysis_windows\data\20260820_151336\synchronized_measurements.csv,58,2026-08-20 12:42:06+00:00,681.0,108.3,4.343,,unknown,,No metadata entry,True,True,True
20260820_151336,C:\Users\Sorin\OneDrive - Universitatea Vasile Alecsandri Bacau\Proiecte_Cercetare\FurduI\FSM_Achizitie\emi_dataset_analysis_windows\data\20260820_151336\synchronized_measurements.csv,59,2026-08-20 12:42:36+00:00,677.0,107.9,4.36,,unknown,,No metadata entry,True,True,True
20260820_151336,C:\Users\Sorin\OneDrive - Universitatea Vasile Alecsandri Bacau\Proiecte_Cercetare\FurduI\FSM_Achizitie\emi_dataset_analysis_windows\data\20260820_151336\synchronized_measurements.csv,60,2026-08-20 12:43:06+00:00,675.0,107.6,4.378,,unknown,,No metadata entry,True,True,True
20260820_151336,C:\Users\Sorin\OneDrive - Universitatea Vasile Alecsandri Bacau\Proiecte_Cercetare\FurduI\FSM_Achizitie\emi_dataset_analysis_windows\data\20260820_151336\synchronized_measurements.csv,61,2026-08-20 12:43:36+00:00,673.0,107.2,4.397,,unknown,,No metadata entry,True,True,True
20260820_151336,C:\Users\Sorin\OneDrive - Universitatea Vasile Alecsandri Bacau\Proiecte_Cercetare\FurduI\FSM_Achizitie\emi_dataset_analysis_windows\data\20260820_151336\synchronized_measurements.csv,62,2026-08-20 12:44:06+00:00,671.0,106.9,4.414,,unknown,,No metadata entry,True,True,True
20260820_151336,C:\Users\Sorin\OneDrive - Universitatea Vasile Alecsandri Bacau\Proiecte_Cercetare\FurduI\FSM_Achizitie\emi_dataset_analysis_windows\data\20260820_151336\synchronized_measurements.csv,63,2026-08-20 12:44:36+00:00,669.0,106.5,4.431,,unknown,,No metadata entry,True,True,True
20260820_151336,C:\Users\Sorin\OneDrive - Universitatea Vasile Alecsandri Bacau\Proiecte_Cercetare\FurduI\FSM_Achizitie\emi_dataset_analysis_windows\data\20260820_151336\synchronized_measurements.csv,64,2026-08-20 12:45:06+00:00,667.0,106.3,-5.556,,unknown,,No metadata entry,True,True,True
20260820_151336,C:\Users\Sorin\OneDrive - Universitatea Vasile Alecsandri Bacau\Proiecte_Cercetare\FurduI\FSM_Achizitie\emi_dataset_analysis_windows\data\20260820_151336\synchronized_measurements.csv,65,2026-08-20 12:45:36+00:00,666.0,106.2,-0.421,,unknown,,No metadata entry,True,True,True
20260820_151336,C:\Users\Sorin\OneDrive - Universitatea Vasile Alecsandri Bacau\Proiecte_Cercetare\FurduI\FSM_Achizitie\emi_dataset_analysis_windows\data\20260820_151336\synchronized_measurements.csv,66,2026-08-20 12:46:06+00:00,666.0,106.3,-0.397,,unknown,,No metadata entry,True,True,True
20260820_151336,C:\Users\Sorin\OneDrive - Universitatea Vasile Alecsandri Bacau\Proiecte_Cercetare\FurduI\FSM_Achizitie\emi_dataset_analysis_windows\data\20260820_151336\synchronized_measurements.csv,67,2026-08-20 12:46:36+00:00,666.0,106.1,-0.381,,unknown,,No metadata entry,True,True,True
20260820_151336,C:\Users\Sorin\OneDrive - Universitatea Vasile Alecsandri Bacau\Proiecte_Cercetare\FurduI\FSM_Achizitie\emi_dataset_analysis_windows\data\20260820_151336\synchronized_measurements.csv,68,2026-08-20 12:47:06+00:00,664.0,106.0,-0.359,,unknown,,No metadata entry,True,True,True
20260820_151336,C:\Users\Sorin\OneDrive - Universitatea Vasile Alecsandri Bacau\Proiecte_Cercetare\FurduI\FSM_Achizitie\emi_dataset_analysis_windows\data\20260820_151336\synchronized_measurements.csv,69,2026-08-20 12:47:36+00:00,664.0,105.5,-0.343,,unknown,,No metadata entry,True,True,True
20260820_151336,C:\Users\Sorin\OneDrive - Universitatea Vasile Alecsandri Bacau\Proiecte_Cercetare\FurduI\FSM_Achizitie\emi_dataset_analysis_windows\data\20260820_151336\synchronized_measurements.csv,70,2026-08-20 12:48:06+00:00,663.0,105.9,-0.326,,unknown,,No metadata entry,True,True,True
20260820_151336,C:\Users\Sorin\OneDrive - Universitatea Vasile Alecsandri Bacau\Proiecte_Cercetare\FurduI\FSM_Achizitie\emi_dataset_analysis_windows\data\20260820_151336\synchronized_measurements.csv,71,2026-08-20 12:48:36+00:00,669.0,105.9,-0.31,,unknown,,No metadata entry,True,True,True
20260820_151336,C:\Users\Sorin\OneDrive - Universitatea Vasile Alecsandri Bacau\Proiecte_Cercetare\FurduI\FSM_Achizitie\emi_dataset_analysis_windows\data\20260820_151336\synchronized_measurements.csv,72,2026-08-20 12:49:06+00:00,663.0,105.8,-0.286,,unknown,,No metadata entry,True,True,True
20260820_151336,C:\Users\Sorin\OneDrive - Universitatea Vasile Alecsandri Bacau\Proiecte_Cercetare\FurduI\FSM_Achizitie\emi_dataset_analysis_windows\data\20260820_151336\synchronized_measurements.csv,73,2026-08-20 12:49:36+00:00,665.0,106.1,-0.273,,unknown,,No metadata entry,True,True,True
20260820_151336,C:\Users\Sorin\OneDrive - Universitatea Vasile Alecsandri Bacau\Proiecte_Cercetare\FurduI\FSM_Achizitie\emi_dataset_analysis_windows\data\20260820_151336\synchronized_measurements.csv,74,2026-08-20 12:50:06+00:00,650.0,103.1,-0.259,,unknown,,No metadata entry,True,True,True
20260820_151336,C:\Users\Sorin\OneDrive - Universitatea Vasile Alecsandri Bacau\Proiecte_Cercetare\FurduI\FSM_Achizitie\emi_dataset_analysis_windows\data\20260820_151336\synchronized_measurements.csv,75,2026-08-20 12:50:36+00:00,487.0,77.1,-0.245,,unknown,,No metadata entry,True,True,True
20260820_151336,C:\Users\Sorin\OneDrive - Universitatea Vasile Alecsandri Bacau\Proiecte_Cercetare\FurduI\FSM_Achizitie\emi_dataset_analysis_windows\data\20260820_151336\synchronized_measurements.csv,76,2026-08-20 12:51:06+00:00,447.0,75.1,-0.209,,unknown,,No metadata entry,True,True,True
20260820_151336,C:\Users\Sorin\OneDrive - Universitatea Vasile Alecsandri Bacau\Proiecte_Cercetare\FurduI\FSM_Achizitie\emi_dataset_analysis_windows\data\20260820_151336\synchronized_measurements.csv,77,2026-08-20 12:51:36+00:00,414.0,67.6,-0.003,,unknown,,No metadata entry,True,True,True
20260820_151336,C:\Users\Sorin\OneDrive - Universitatea Vasile Alecsandri Bacau\Proiecte_Cercetare\FurduI\FSM_Achizitie\emi_dataset_analysis_windows\data\20260820_151336\synchronized_measurements.csv,78,2026-08-20 12:52:06+00:00,466.0,75.1,-0.182,,unknown,,No metadata entry,True,True,True
20260820_151336,C:\Users\Sorin\OneDrive - Universitatea Vasile Alecsandri Bacau\Proiecte_Cercetare\FurduI\FSM_Achizitie\emi_dataset_analysis_windows\data\20260820_151336\synchronized_measurements.csv,79,2026-08-20 12:52:36+00:00,597.0,90.1,-0.17,,unknown,,No metadata entry,True,True,True
20260820_151336,C:\Users\Sorin\OneDrive - Universitatea Vasile Alecsandri Bacau\Proiecte_Cercetare\FurduI\FSM_Achizitie\emi_dataset_analysis_windows\data\20260820_151336\synchronized_measurements.csv,80,2026-08-20 12:53:06+00:00,622.0,99.5,-0.151,,unknown,,No metadata entry,True,True,True
20260820_151336,C:\Users\Sorin\OneDrive - Universitatea Vasile Alecsandri Bacau\Proiecte_Cercetare\FurduI\FSM_Achizitie\emi_dataset_analysis_windows\data\20260820_151336\synchronized_measurements.csv,81,2026-08-20 12:53:36+00:00,619.0,88.9,-0.139,,unknown,,No metadata entry,True,True,True
20260820_151336,C:\Users\Sorin\OneDrive - Universitatea Vasile Alecsandri Bacau\Proiecte_Cercetare\FurduI\FSM_Achizitie\emi_dataset_analysis_windows\data\20260820_151336\synchronized_measurements.csv,82,2026-08-20 12:54:06+00:00,592.0,98.5,-0.125,,unknown,,No metadata entry,True,True,True
20260820_151336,C:\Users\Sorin\OneDrive - Universitatea Vasile Alecsandri Bacau\Proiecte_Cercetare\FurduI\FSM_Achizitie\emi_dataset_analysis_windows\data\20260820_151336\synchronized_measurements.csv,83,2026-08-20 12:54:36+00:00,325.0,64.6,-0.109,,unknown,,No metadata entry,True,True,True
20260820_151336,C:\Users\Sorin\OneDrive - Universitatea Vasile Alecsandri Bacau\Proiecte_Cercetare\FurduI\FSM_Achizitie\emi_dataset_analysis_windows\data\20260820_151336\synchronized_measurements.csv,84,2026-08-20 12:55:06+00:00,416.0,57.0,-0.087,,unknown,,No metadata entry,True,True,True
20260820_151336,C:\Users\Sorin\OneDrive - Universitatea Vasile Alecsandri Bacau\Proiecte_Cercetare\FurduI\FSM_Achizitie\emi_dataset_analysis_windows\data\20260820_151336\synchronized_measurements.csv,85,2026-08-20 12:55:36+00:00,469.0,76.19,-0.074,,unknown,,No metadata entry,True,True,True
20260820_151336,C:\Users\Sorin\OneDrive - Universitatea Vasile Alecsandri Bacau\Proiecte_Cercetare\FurduI\FSM_Achizitie\emi_dataset_analysis_windows\data\20260820_151336\synchronized_measurements.csv,86,2026-08-20 12:56:06+00:00,556.0,85.7,-0.054,,unknown,,No metadata entry,True,True,True
20260820_151336,C:\Users\Sorin\OneDrive - Universitatea Vasile Alecsandri Bacau\Proiecte_Cercetare\FurduI\FSM_Achizitie\emi_dataset_analysis_windows\data\20260820_151336\synchronized_measurements.csv,87,2026-08-20 12:56:36+00:00,594.0,94.3,-0.039,,unknown,,No metadata entry,True,True,True
20260820_151336,C:\Users\Sorin\OneDrive - Universitatea Vasile Alecsandri Bacau\Proiecte_Cercetare\FurduI\FSM_Achizitie\emi_dataset_analysis_windows\data\20260820_151336\synchronized_measurements.csv,88,2026-08-20 12:57:06+00:00,493.0,82.4,-0.023,,unknown,,No metadata entry,True,True,True
20260820_151336,C:\Users\Sorin\OneDrive - Universitatea Vasile Alecsandri Bacau\Proiecte_Cercetare\FurduI\FSM_Achizitie\emi_dataset_analysis_windows\data\20260820_151336\synchronized_measurements.csv,89,2026-08-20 12:57:36+00:00,548.0,87.3,-0.003,,unknown,,No metadata entry,True,True,True
20260820_151336,C:\Users\Sorin\OneDrive - Universitatea Vasile Alecsandri Bacau\Proiecte_Cercetare\FurduI\FSM_Achizitie\emi_dataset_analysis_windows\data\20260820_151336\synchronized_measurements.csv,90,2026-08-20 12:58:06+00:00,506.0,82.8,0.011,,unknown,,No metadata entry,True,True,True
20260820_151336,C:\Users\Sorin\OneDrive - Universitatea Vasile Alecsandri Bacau\Proiecte_Cercetare\FurduI\FSM_Achizitie\emi_dataset_analysis_windows\data\20260820_151336\synchronized_measurements.csv,91,2026-08-20 12:58:36+00:00,371.0,60.1,0.023,,unknown,,No metadata entry,True,True,True
20260820_151336,C:\Users\Sorin\OneDrive - Universitatea Vasile Alecsandri Bacau\Proiecte_Cercetare\FurduI\FSM_Achizitie\emi_dataset_analysis_windows\data\20260820_151336\synchronized_measurements.csv,92,2026-08-20 12:59:06+00:00,554.0,87.2,0.049,,unknown,,No metadata entry,True,True,True
20260820_151336,C:\Users\Sorin\OneDrive - Universitatea Vasile Alecsandri Bacau\Proiecte_Cercetare\FurduI\FSM_Achizitie\emi_dataset_analysis_windows\data\20260820_151336\synchronized_measurements.csv,93,2026-08-20 12:59:36+00:00,547.0,88.2,0.058,,unknown,,No metadata entry,True,True,True
20260820_151336,C:\Users\Sorin\OneDrive - Universitatea Vasile Alecsandri Bacau\Proiecte_Cercetare\FurduI\FSM_Achizitie\emi_dataset_analysis_windows\data\20260820_151336\synchronized_measurements.csv,94,2026-08-20 13:00:06+00:00,501.0,83.1,0.074,,unknown,,No metadata entry,True,True,True
20260820_151336,C:\Users\Sorin\OneDrive - Universitatea Vasile Alecsandri Bacau\Proiecte_Cercetare\FurduI\FSM_Achizitie\emi_dataset_analysis_windows\data\20260820_151336\synchronized_measurements.csv,95,2026-08-20 13:00:36+00:00,568.0,91.6,0.087,,unknown,,No metadata entry,True,True,True
20260820_151336,C:\Users\Sorin\OneDrive - Universitatea Vasile Alecsandri Bacau\Proiecte_Cercetare\FurduI\FSM_Achizitie\emi_dataset_analysis_windows\data\20260820_151336\synchronized_measurements.csv,96,2026-08-20 13:01:06+00:00,623.0,99.7,0.108,,unknown,,No metadata entry,True,True,True
20260820_151336,C:\Users\Sorin\OneDrive - Universitatea Vasile Alecsandri Bacau\Proiecte_Cercetare\FurduI\FSM_Achizitie\emi_dataset_analysis_windows\data\20260820_151336\synchronized_measurements.csv,97,2026-08-20 13:01:36+00:00,626.0,99.5,0.127,,unknown,,No metadata entry,True,True,True
20260820_151336,C:\Users\Sorin\OneDrive - Universitatea Vasile Alecsandri Bacau\Proiecte_Cercetare\FurduI\FSM_Achizitie\emi_dataset_analysis_windows\data\20260820_151336\synchronized_measurements.csv,98,2026-08-20 13:02:06+00:00,352.0,54.0,0.145,,unknown,,No metadata entry,True,True,True
20260820_151336,C:\Users\Sorin\OneDrive - Universitatea Vasile Alecsandri Bacau\Proiecte_Cercetare\FurduI\FSM_Achizitie\emi_dataset_analysis_windows\data\20260820_151336\synchronized_measurements.csv,99,2026-08-20 13:02:36+00:00,582.0,92.4,0.165,,unknown,,No metadata entry,True,True,True
20260820_151336,C:\Users\Sorin\OneDrive - Universitatea Vasile Alecsandri Bacau\Proiecte_Cercetare\FurduI\FSM_Achizitie\emi_dataset_analysis_windows\data\20260820_151336\synchronized_measurements.csv,100,2026-08-20 13:03:06+00:00,582.0,89.8,0.183,,unknown,,No metadata entry,True,True,True
20260820_151336,C:\Users\Sorin\OneDrive - Universitatea Vasile Alecsandri Bacau\Proiecte_Cercetare\FurduI\FSM_Achizitie\emi_dataset_analysis_windows\data\20260820_151336\synchronized_measurements.csv,101,2026-08-20 13:03:36+00:00,637.0,101.0,0.204,,unknown,,No metadata entry,True,True,True
20260820_151336,C:\Users\Sorin\OneDrive - Universitatea Vasile Alecsandri Bacau\Proiecte_Cercetare\FurduI\FSM_Achizitie\emi_dataset_analysis_windows\data\20260820_151336\synchronized_measurements.csv,102,2026-08-20 13:04:06+00:00,651.0,104.5,0.221,,unknown,,No metadata entry,True,True,True
20260820_151336,C:\Users\Sorin\OneDrive - Universitatea Vasile Alecsandri Bacau\Proiecte_Cercetare\FurduI\FSM_Achizitie\emi_dataset_analysis_windows\data\20260820_151336\synchronized_measurements.csv,103,2026-08-20 13:04:36+00:00,658.0,105.6,0.348,,unknown,,No metadata entry,True,True,True
20260820_151336,C:\Users\Sorin\OneDrive - Universitatea Vasile Alecsandri Bacau\Proiecte_Cercetare\FurduI\FSM_Achizitie\emi_dataset_analysis_windows\data\20260820_151336\synchronized_measurements.csv,104,2026-08-20 13:05:06+00:00,653.0,104.6,0.554,,unknown,,No metadata entry,True,True,True
20260820_151336,C:\Users\Sorin\OneDrive - Universitatea Vasile Alecsandri Bacau\Proiecte_Cercetare\FurduI\FSM_Achizitie\emi_dataset_analysis_windows\data\20260820_151336\synchronized_measurements.csv,105,2026-08-20 13:05:36+00:00,645.0,103.7,0.275,,unknown,,No metadata entry,True,True,True
20260820_151336,C:\Users\Sorin\OneDrive - Universitatea Vasile Alecsandri Bacau\Proiecte_Cercetare\FurduI\FSM_Achizitie\emi_dataset_analysis_windows\data\20260820_151336\synchronized_measurements.csv,106,2026-08-20 13:06:06+00:00,648.0,104.2,0.285,,unknown,,No metadata entry,True,True,True
20260820_151336,C:\Users\Sorin\OneDrive - Universitatea Vasile Alecsandri Bacau\Proiecte_Cercetare\FurduI\FSM_Achizitie\emi_dataset_analysis_windows\data\20260820_151336\synchronized_measurements.csv,107,2026-08-20 13:06:36+00:00,645.0,103.9,0.295,,unknown,,No metadata entry,True,True,True
20260820_151336,C:\Users\Sorin\OneDrive - Universitatea Vasile Alecsandri Bacau\Proiecte_Cercetare\FurduI\FSM_Achizitie\emi_dataset_analysis_windows\data\20260820_151336\synchronized_measurements.csv,108,2026-08-20 13:07:06+00:00,640.0,103.4,5.445,,unknown,,No metadata entry,True,True,True
20260820_151336,C:\Users\Sorin\OneDrive - Universitatea Vasile Alecsandri Bacau\Proiecte_Cercetare\FurduI\FSM_Achizitie\emi_dataset_analysis_windows\data\20260820_151336\synchronized_measurements.csv,109,2026-08-20 13:07:36+00:00,638.0,103.1,-4.545,,unknown,,No metadata entry,True,True,True
20260820_151336,C:\Users\Sorin\OneDrive - Universitatea Vasile Alecsandri Bacau\Proiecte_Cercetare\FurduI\FSM_Achizitie\emi_dataset_analysis_windows\data\20260820_151336\synchronized_measurements.csv,110,2026-08-20 13:08:06+00:00,637.0,102.6,-4.533,,unknown,,No metadata entry,True,True,True
20260820_151336,C:\Users\Sorin\OneDrive - Universitatea Vasile Alecsandri Bacau\Proiecte_Cercetare\FurduI\FSM_Achizitie\emi_dataset_analysis_windows\data\20260820_151336\synchronized_measurements.csv,111,2026-08-20 13:08:36+00:00,636.0,102.7,-4.518,,unknown,,No metadata entry,True,True,True
20260820_151336,C:\Users\Sorin\OneDrive - Universitatea Vasile Alecsandri Bacau\Proiecte_Cercetare\FurduI\FSM_Achizitie\emi_dataset_analysis_windows\data\20260820_151336\synchronized_measurements.csv,112,2026-08-20 13:09:06+00:00,628.0,101.8,-4.498,,unknown,,No metadata entry,True,True,True
20260820_151336,C:\Users\Sorin\OneDrive - Universitatea Vasile Alecsandri Bacau\Proiecte_Cercetare\FurduI\FSM_Achizitie\emi_dataset_analysis_windows\data\20260820_151336\synchronized_measurements.csv,113,2026-08-20 13:09:36+00:00,619.0,101.0,-4.478,,unknown,,No metadata entry,True,True,True
20260820_151336,C:\Users\Sorin\OneDrive - Universitatea Vasile Alecsandri Bacau\Proiecte_Cercetare\FurduI\FSM_Achizitie\emi_dataset_analysis_windows\data\20260820_151336\synchronized_measurements.csv,114,2026-08-20 13:10:06+00:00,623.0,99.2,-4.468,,unknown,,No metadata entry,True,True,True
20260820_151336,C:\Users\Sorin\OneDrive - Universitatea Vasile Alecsandri Bacau\Proiecte_Cercetare\FurduI\FSM_Achizitie\emi_dataset_analysis_windows\data\20260820_151336\synchronized_measurements.csv,115,2026-08-20 13:10:36+00:00,623.0,100.9,-4.452,,unknown,,No metadata entry,True,True,True
20260820_151336,C:\Users\Sorin\OneDrive - Universitatea Vasile Alecsandri Bacau\Proiecte_Cercetare\FurduI\FSM_Achizitie\emi_dataset_analysis_windows\data\20260820_151336\synchronized_measurements.csv,116,2026-08-20 13:11:06+00:00,623.0,100.8,-4.434,,unknown,,No metadata entry,True,True,True
20260820_151336,C:\Users\Sorin\OneDrive - Universitatea Vasile Alecsandri Bacau\Proiecte_Cercetare\FurduI\FSM_Achizitie\emi_dataset_analysis_windows\data\20260820_151336\synchronized_measurements.csv,117,2026-08-20 13:11:36+00:00,620.0,100.4,-4.415,,unknown,,No metadata entry,True,True,True
20260820_151336,C:\Users\Sorin\OneDrive - Universitatea Vasile Alecsandri Bacau\Proiecte_Cercetare\FurduI\FSM_Achizitie\emi_dataset_analysis_windows\data\20260820_151336\synchronized_measurements.csv,118,2026-08-20 13:12:06+00:00,615.0,99.2,-4.393,,unknown,,No metadata entry,True,True,True
20260820_151336,C:\Users\Sorin\OneDrive - Universitatea Vasile Alecsandri Bacau\Proiecte_Cercetare\FurduI\FSM_Achizitie\emi_dataset_analysis_windows\data\20260820_151336\synchronized_measurements.csv,119,2026-08-20 13:12:36+00:00,612.0,99.0,-4.373,,unknown,,No metadata entry,True,True,True
20260820_151336,C:\Users\Sorin\OneDrive - Universitatea Vasile Alecsandri Bacau\Proiecte_Cercetare\FurduI\FSM_Achizitie\emi_dataset_analysis_windows\data\20260820_151336\synchronized_measurements.csv,120,2026-08-20 13:13:06+00:00,611.0,98.8,-4.353,,unknown,,No metadata entry,True,True,True
20260820_151336,C:\Users\Sorin\OneDrive - Universitatea Vasile Alecsandri Bacau\Proiecte_Cercetare\FurduI\FSM_Achizitie\emi_dataset_analysis_windows\data\20260820_151336\synchronized_measurements.csv,121,2026-08-20 13:13:36+00:00,608.0,98.0,-4.341,,unknown,,No metadata entry,True,True,True
20260820_151336,C:\Users\Sorin\OneDrive - Universitatea Vasile Alecsandri Bacau\Proiecte_Cercetare\FurduI\FSM_Achizitie\emi_dataset_analysis_windows\data\20260820_151336\synchronized_measurements.csv,122,2026-08-20 13:14:06+00:00,606.0,97.8,-4.324,,unknown,,No metadata entry,True,True,True
20260820_151336,C:\Users\Sorin\OneDrive - Universitatea Vasile Alecsandri Bacau\Proiecte_Cercetare\FurduI\FSM_Achizitie\emi_dataset_analysis_windows\data\20260820_151336\synchronized_measurements.csv,123,2026-08-20 13:14:36+00:00,605.0,97.5,-4.306,,unknown,,No metadata entry,True,True,True
20260820_151336,C:\Users\Sorin\OneDrive - Universitatea Vasile Alecsandri Bacau\Proiecte_Cercetare\FurduI\FSM_Achizitie\emi_dataset_analysis_windows\data\20260820_151336\synchronized_measurements.csv,124,2026-08-20 13:15:06+00:00,602.0,97.5,-4.284,,unknown,,No metadata entry,True,True,True
20260820_151336,C:\Users\Sorin\OneDrive - Universitatea Vasile Alecsandri Bacau\Proiecte_Cercetare\FurduI\FSM_Achizitie\emi_dataset_analysis_windows\data\20260820_151336\synchronized_measurements.csv,125,2026-08-20 13:15:36+00:00,598.0,96.8,-4.272,,unknown,,No metadata entry,True,True,True
20260820_151336,C:\Users\Sorin\OneDrive - Universitatea Vasile Alecsandri Bacau\Proiecte_Cercetare\FurduI\FSM_Achizitie\emi_dataset_analysis_windows\data\20260820_151336\synchronized_measurements.csv,126,2026-08-20 13:16:07+00:00,598.0,96.5,4.753,,unknown,,No metadata entry,True,True,True
20260820_151336,C:\Users\Sorin\OneDrive - Universitatea Vasile Alecsandri Bacau\Proiecte_Cercetare\FurduI\FSM_Achizitie\emi_dataset_analysis_windows\data\20260820_151336\synchronized_measurements.csv,127,2026-08-20 13:16:37+00:00,598.0,96.2,4.765,,unknown,,No metadata entry,True,True,True
20260820_151336,C:\Users\Sorin\OneDrive - Universitatea Vasile Alecsandri Bacau\Proiecte_Cercetare\FurduI\FSM_Achizitie\emi_dataset_analysis_windows\data\20260820_151336\synchronized_measurements.csv,128,2026-08-20 13:17:07+00:00,583.0,94.2,4.786,,unknown,,No metadata entry,True,True,True
20260820_151336,C:\Users\Sorin\OneDrive - Universitatea Vasile Alecsandri Bacau\Proiecte_Cercetare\FurduI\FSM_Achizitie\emi_dataset_analysis_windows\data\20260820_151336\synchronized_measurements.csv,129,2026-08-20 13:17:37+00:00,591.0,95.6,4.8,,unknown,,No metadata entry,True,True,True
20260820_151336,C:\Users\Sorin\OneDrive - Universitatea Vasile Alecsandri Bacau\Proiecte_Cercetare\FurduI\FSM_Achizitie\emi_dataset_analysis_windows\data\20260820_151336\synchronized_measurements.csv,130,2026-08-20 13:18:07+00:00,594.0,95.9,4.938,,unknown,,No metadata entry,True,True,True
20260820_151336,C:\Users\Sorin\OneDrive - Universitatea Vasile Alecsandri Bacau\Proiecte_Cercetare\FurduI\FSM_Achizitie\emi_dataset_analysis_windows\data\20260820_151336\synchronized_measurements.csv,131,2026-08-20 13:18:37+00:00,595.0,95.9,-4.932,,unknown,,No metadata entry,True,True,True
20260820_151336,C:\Users\Sorin\OneDrive - Universitatea Vasile Alecsandri Bacau\Proiecte_Cercetare\FurduI\FSM_Achizitie\emi_dataset_analysis_windows\data\20260820_151336\synchronized_measurements.csv,132,2026-08-20 13:19:07+00:00,595.0,95.9,4.862,,unknown,,No metadata entry,True,True,True
20260820_151336,C:\Users\Sorin\OneDrive - Universitatea Vasile Alecsandri Bacau\Proiecte_Cercetare\FurduI\FSM_Achizitie\emi_dataset_analysis_windows\data\20260820_151336\synchronized_measurements.csv,133,2026-08-20 13:19:37+00:00,597.0,95.7,-5.131,,unknown,,No metadata entry,True,True,True
20260820_151336,C:\Users\Sorin\OneDrive - Universitatea Vasile Alecsandri Bacau\Proiecte_Cercetare\FurduI\FSM_Achizitie\emi_dataset_analysis_windows\data\20260820_151336\synchronized_measurements.csv,134,2026-08-20 13:20:07+00:00,597.0,96.5,4.896,,unknown,,No metadata entry,True,True,True
20260820_151336,C:\Users\Sorin\OneDrive - Universitatea Vasile Alecsandri Bacau\Proiecte_Cercetare\FurduI\FSM_Achizitie\emi_dataset_analysis_windows\data\20260820_151336\synchronized_measurements.csv,135,2026-08-20 13:20:37+00:00,597.0,96.5,4.907,,unknown,,No metadata entry,True,True,True
20260820_151336,C:\Users\Sorin\OneDrive - Universitatea Vasile Alecsandri Bacau\Proiecte_Cercetare\FurduI\FSM_Achizitie\emi_dataset_analysis_windows\data\20260820_151336\synchronized_measurements.csv,136,2026-08-20 13:21:07+00:00,581.0,94.1,4.928,,unknown,,No metadata entry,True,True,True
20260820_151336,C:\Users\Sorin\OneDrive - Universitatea Vasile Alecsandri Bacau\Proiecte_Cercetare\FurduI\FSM_Achizitie\emi_dataset_analysis_windows\data\20260820_151336\synchronized_measurements.csv,137,2026-08-20 13:21:37+00:00,532.0,86.1,4.945,,unknown,,No metadata entry,True,True,True
20260820_151336,C:\Users\Sorin\OneDrive - Universitatea Vasile Alecsandri Bacau\Proiecte_Cercetare\FurduI\FSM_Achizitie\emi_dataset_analysis_windows\data\20260820_151336\synchronized_measurements.csv,138,2026-08-20 13:22:07+00:00,531.0,85.9,4.966,,unknown,,No metadata entry,True,True,True
20260820_151336,C:\Users\Sorin\OneDrive - Universitatea Vasile Alecsandri Bacau\Proiecte_Cercetare\FurduI\FSM_Achizitie\emi_dataset_analysis_windows\data\20260820_151336\synchronized_measurements.csv,139,2026-08-20 13:22:37+00:00,520.0,84.2,4.985,,unknown,,No metadata entry,True,True,True
20260820_151336,C:\Users\Sorin\OneDrive - Universitatea Vasile Alecsandri Bacau\Proiecte_Cercetare\FurduI\FSM_Achizitie\emi_dataset_analysis_windows\data\20260820_151336\synchronized_measurements.csv,140,2026-08-20 13:23:07+00:00,374.0,63.0,-5.001,,unknown,,No metadata entry,True,True,True
20260820_151336,C:\Users\Sorin\OneDrive - Universitatea Vasile Alecsandri Bacau\Proiecte_Cercetare\FurduI\FSM_Achizitie\emi_dataset_analysis_windows\data\20260820_151336\synchronized_measurements.csv,141,2026-08-20 13:23:37+00:00,468.0,64.8,-4.986,,unknown,,No metadata entry,True,True,True
20260820_151336,C:\Users\Sorin\OneDrive - Universitatea Vasile Alecsandri Bacau\Proiecte_Cercetare\FurduI\FSM_Achizitie\emi_dataset_analysis_windows\data\20260820_151336\synchronized_measurements.csv,142,2026-08-20 13:24:37+00:00,265.0,49.7,-4.946,,unknown,,No metadata entry,True,True,True
20260820_151336,C:\Users\Sorin\OneDrive - Universitatea Vasile Alecsandri Bacau\Proiecte_Cercetare\FurduI\FSM_Achizitie\emi_dataset_analysis_windows\data\20260820_151336\synchronized_measurements.csv,143,2026-08-20 13:25:07+00:00,513.0,74.4,-4.936,,unknown,,No metadata entry,True,True,True
20260820_151336,C:\Users\Sorin\OneDrive - Universitatea Vasile Alecsandri Bacau\Proiecte_Cercetare\FurduI\FSM_Achizitie\emi_dataset_analysis_windows\data\20260820_151336\synchronized_measurements.csv,144,2026-08-20 13:25:37+00:00,589.0,95.6,-4.924,,unknown,,No metadata entry,True,True,True
20260820_151336,C:\Users\Sorin\OneDrive - Universitatea Vasile Alecsandri Bacau\Proiecte_Cercetare\FurduI\FSM_Achizitie\emi_dataset_analysis_windows\data\20260820_151336\synchronized_measurements.csv,145,2026-08-20 13:26:07+00:00,579.0,95.6,-4.905,,unknown,,No metadata entry,True,True,True
20260820_151336,C:\Users\Sorin\OneDrive - Universitatea Vasile Alecsandri Bacau\Proiecte_Cercetare\FurduI\FSM_Achizitie\emi_dataset_analysis_windows\data\20260820_151336\synchronized_measurements.csv,146,2026-08-20 13:26:37+00:00,579.0,94.3,-4.884,,unknown,,No metadata entry,True,True,True
20260820_151336,C:\Users\Sorin\OneDrive - Universitatea Vasile Alecsandri Bacau\Proiecte_Cercetare\FurduI\FSM_Achizitie\emi_dataset_analysis_windows\data\20260820_151336\synchronized_measurements.csv,147,2026-08-20 13:27:07+00:00,548.0,90.1,-4.868,,unknown,,No metadata entry,True,True,True
20260820_151336,C:\Users\Sorin\OneDrive - Universitatea Vasile Alecsandri Bacau\Proiecte_Cercetare\FurduI\FSM_Achizitie\emi_dataset_analysis_windows\data\20260820_151336\synchronized_measurements.csv,148,2026-08-20 13:27:37+00:00,394.0,66.5,-4.863,,unknown,,No metadata entry,True,True,True
20260820_151336,C:\Users\Sorin\OneDrive - Universitatea Vasile Alecsandri Bacau\Proiecte_Cercetare\FurduI\FSM_Achizitie\emi_dataset_analysis_windows\data\20260820_151336\synchronized_measurements.csv,149,2026-08-20 13:28:07+00:00,491.0,75.6,-4.846,,unknown,,No metadata entry,True,True,True
20260820_151336,C:\Users\Sorin\OneDrive - Universitatea Vasile Alecsandri Bacau\Proiecte_Cercetare\FurduI\FSM_Achizitie\emi_dataset_analysis_windows\data\20260820_151336\synchronized_measurements.csv,150,2026-08-20 13:28:37+00:00,477.0,81.0,-4.826,,unknown,,No metadata entry,True,True,True
20260820_151336,C:\Users\Sorin\OneDrive - Universitatea Vasile Alecsandri Bacau\Proiecte_Cercetare\FurduI\FSM_Achizitie\emi_dataset_analysis_windows\data\20260820_151336\synchronized_measurements.csv,151,2026-08-20 13:29:07+00:00,532.0,84.3,-4.805,,unknown,,No metadata entry,True,True,True
20260820_151336,C:\Users\Sorin\OneDrive - Universitatea Vasile Alecsandri Bacau\Proiecte_Cercetare\FurduI\FSM_Achizitie\emi_dataset_analysis_windows\data\20260820_151336\synchronized_measurements.csv,152,2026-08-20 13:29:37+00:00,577.0,92.0,-4.784,,unknown,,No metadata entry,True,True,True
20260820_151336,C:\Users\Sorin\OneDrive - Universitatea Vasile Alecsandri Bacau\Proiecte_Cercetare\FurduI\FSM_Achizitie\emi_dataset_analysis_windows\data\20260820_151336\synchronized_measurements.csv,153,2026-08-20 13:30:07+00:00,588.0,95.7,-4.765,,unknown,,No metadata entry,True,True,True
20260820_151336,C:\Users\Sorin\OneDrive - Universitatea Vasile Alecsandri Bacau\Proiecte_Cercetare\FurduI\FSM_Achizitie\emi_dataset_analysis_windows\data\20260820_151336\synchronized_measurements.csv,154,2026-08-20 13:31:07+00:00,604.0,97.3,-4.732,,unknown,,No metadata entry,True,True,True
20260820_151336,C:\Users\Sorin\OneDrive - Universitatea Vasile Alecsandri Bacau\Proiecte_Cercetare\FurduI\FSM_Achizitie\emi_dataset_analysis_windows\data\20260820_151336\synchronized_measurements.csv,155,2026-08-20 13:32:07+00:00,605.0,97.5,-4.385,,unknown,,No metadata entry,True,True,True
20260820_151336,C:\Users\Sorin\OneDrive - Universitatea Vasile Alecsandri Bacau\Proiecte_Cercetare\FurduI\FSM_Achizitie\emi_dataset_analysis_windows\data\20260820_151336\synchronized_measurements.csv,156,2026-08-20 13:32:37+00:00,600.0,95.4,-4.672,,unknown,,No metadata entry,True,True,True
20260820_151336,C:\Users\Sorin\OneDrive - Universitatea Vasile Alecsandri Bacau\Proiecte_Cercetare\FurduI\FSM_Achizitie\emi_dataset_analysis_windows\data\20260820_151336\synchronized_measurements.csv,157,2026-08-20 13:33:07+00:00,608.0,98.0,-4.654,,unknown,,No metadata entry,True,True,True
20260820_151336,C:\Users\Sorin\OneDrive - Universitatea Vasile Alecsandri Bacau\Proiecte_Cercetare\FurduI\FSM_Achizitie\emi_dataset_analysis_windows\data\20260820_151336\synchronized_measurements.csv,158,2026-08-20 13:33:37+00:00,613.0,97.1,-4.637,,unknown,,No metadata entry,True,True,True
20260820_151336,C:\Users\Sorin\OneDrive - Universitatea Vasile Alecsandri Bacau\Proiecte_Cercetare\FurduI\FSM_Achizitie\emi_dataset_analysis_windows\data\20260820_151336\synchronized_measurements.csv,159,2026-08-20 13:34:07+00:00,562.0,97.4,-4.617,,unknown,,No metadata entry,True,True,True
20260820_151336,C:\Users\Sorin\OneDrive - Universitatea Vasile Alecsandri Bacau\Proiecte_Cercetare\FurduI\FSM_Achizitie\emi_dataset_analysis_windows\data\20260820_151336\synchronized_measurements.csv,160,2026-08-20 13:34:37+00:00,574.0,100.4,-4.595,,unknown,,No metadata entry,True,True,True
20260820_151336,C:\Users\Sorin\OneDrive - Universitatea Vasile Alecsandri Bacau\Proiecte_Cercetare\FurduI\FSM_Achizitie\emi_dataset_analysis_windows\data\20260820_151336\synchronized_measurements.csv,161,2026-08-20 13:35:07+00:00,326.0,67.69,-4.581,,unknown,,No metadata entry,True,True,True
20260820_151336,C:\Users\Sorin\OneDrive - Universitatea Vasile Alecsandri Bacau\Proiecte_Cercetare\FurduI\FSM_Achizitie\emi_dataset_analysis_windows\data\20260820_151336\synchronized_measurements.csv,162,2026-08-20 13:35:37+00:00,275.0,50.0,-4.565,,unknown,,No metadata entry,True,True,True
20260820_151336,C:\Users\Sorin\OneDrive - Universitatea Vasile Alecsandri Bacau\Proiecte_Cercetare\FurduI\FSM_Achizitie\emi_dataset_analysis_windows\data\20260820_151336\synchronized_measurements.csv,163,2026-08-20 13:36:07+00:00,313.0,40.7,-4.545,,unknown,,No metadata entry,True,True,True
20260820_151336,C:\Users\Sorin\OneDrive - Universitatea Vasile Alecsandri Bacau\Proiecte_Cercetare\FurduI\FSM_Achizitie\emi_dataset_analysis_windows\data\20260820_151336\synchronized_measurements.csv,164,2026-08-20 13:36:37+00:00,340.0,50.3,-4.531,,unknown,,No metadata entry,True,True,True
20260820_151336,C:\Users\Sorin\OneDrive - Universitatea Vasile Alecsandri Bacau\Proiecte_Cercetare\FurduI\FSM_Achizitie\emi_dataset_analysis_windows\data\20260820_151336\synchronized_measurements.csv,165,2026-08-20 13:37:37+00:00,347.0,51.0,-4.497,,unknown,,No metadata entry,True,True,True
20260820_151336,C:\Users\Sorin\OneDrive - Universitatea Vasile Alecsandri Bacau\Proiecte_Cercetare\FurduI\FSM_Achizitie\emi_dataset_analysis_windows\data\20260820_151336\synchronized_measurements.csv,166,2026-08-20 13:38:07+00:00,349.0,55.2,-4.474,,unknown,,No metadata entry,True,True,True
20260820_151336,C:\Users\Sorin\OneDrive - Universitatea Vasile Alecsandri Bacau\Proiecte_Cercetare\FurduI\FSM_Achizitie\emi_dataset_analysis_windows\data\20260820_151336\synchronized_measurements.csv,167,2026-08-20 13:38:37+00:00,369.0,55.6,-4.458,,unknown,,No metadata entry,True,True,True
20260820_151336,C:\Users\Sorin\OneDrive - Universitatea Vasile Alecsandri Bacau\Proiecte_Cercetare\FurduI\FSM_Achizitie\emi_dataset_analysis_windows\data\20260820_151336\synchronized_measurements.csv,168,2026-08-20 13:39:37+00:00,316.0,60.4,-4.429,,unknown,,No metadata entry,True,True,True
20260820_151336,C:\Users\Sorin\OneDrive - Universitatea Vasile Alecsandri Bacau\Proiecte_Cercetare\FurduI\FSM_Achizitie\emi_dataset_analysis_windows\data\20260820_151336\synchronized_measurements.csv,169,2026-08-20 13:40:07+00:00,323.0,50.3,-4.409,,unknown,,No metadata entry,True,True,True
20260820_151336,C:\Users\Sorin\OneDrive - Universitatea Vasile Alecsandri Bacau\Proiecte_Cercetare\FurduI\FSM_Achizitie\emi_dataset_analysis_windows\data\20260820_151336\synchronized_measurements.csv,170,2026-08-20 13:40:37+00:00,256.0,44.2,-4.389,,unknown,,No metadata entry,True,True,True
20260820_151336,C:\Users\Sorin\OneDrive - Universitatea Vasile Alecsandri Bacau\Proiecte_Cercetare\FurduI\FSM_Achizitie\emi_dataset_analysis_windows\data\20260820_151336\synchronized_measurements.csv,171,2026-08-20 13:41:07+00:00,370.0,55.5,-4.369,,unknown,,No metadata entry,True,True,True
20260820_151336,C:\Users\Sorin\OneDrive - Universitatea Vasile Alecsandri Bacau\Proiecte_Cercetare\FurduI\FSM_Achizitie\emi_dataset_analysis_windows\data\20260820_151336\synchronized_measurements.csv,172,2026-08-20 13:41:37+00:00,506.0,75.19,-4.349,,unknown,,No metadata entry,True,True,True
20260820_151336,C:\Users\Sorin\OneDrive - Universitatea Vasile Alecsandri Bacau\Proiecte_Cercetare\FurduI\FSM_Achizitie\emi_dataset_analysis_windows\data\20260820_151336\synchronized_measurements.csv,173,2026-08-20 13:42:07+00:00,416.0,74.5,-4.332,,unknown,,No metadata entry,True,True,True
20260820_151336,C:\Users\Sorin\OneDrive - Universitatea Vasile Alecsandri Bacau\Proiecte_Cercetare\FurduI\FSM_Achizitie\emi_dataset_analysis_windows\data\20260820_151336\synchronized_measurements.csv,174,2026-08-20 13:42:37+00:00,467.0,72.0,-4.31,,unknown,,No metadata entry,True,True,True
20260820_151336,C:\Users\Sorin\OneDrive - Universitatea Vasile Alecsandri Bacau\Proiecte_Cercetare\FurduI\FSM_Achizitie\emi_dataset_analysis_windows\data\20260820_151336\synchronized_measurements.csv,175,2026-08-20 13:43:07+00:00,527.0,84.0,-4.295,,unknown,,No metadata entry,True,True,True
20260820_151336,C:\Users\Sorin\OneDrive - Universitatea Vasile Alecsandri Bacau\Proiecte_Cercetare\FurduI\FSM_Achizitie\emi_dataset_analysis_windows\data\20260820_151336\synchronized_measurements.csv,176,2026-08-20 13:43:37+00:00,542.0,88.8,-4.277,,unknown,,No metadata entry,True,True,True
20260820_151336,C:\Users\Sorin\OneDrive - Universitatea Vasile Alecsandri Bacau\Proiecte_Cercetare\FurduI\FSM_Achizitie\emi_dataset_analysis_windows\data\20260820_151336\synchronized_measurements.csv,177,2026-08-20 13:44:07+00:00,548.0,88.7,-4.265,,unknown,,No metadata entry,True,True,True
20260820_151336,C:\Users\Sorin\OneDrive - Universitatea Vasile Alecsandri Bacau\Proiecte_Cercetare\FurduI\FSM_Achizitie\emi_dataset_analysis_windows\data\20260820_151336\synchronized_measurements.csv,178,2026-08-20 13:44:37+00:00,548.0,88.0,-4.242,,unknown,,No metadata entry,True,True,True
20260820_151336,C:\Users\Sorin\OneDrive - Universitatea Vasile Alecsandri Bacau\Proiecte_Cercetare\FurduI\FSM_Achizitie\emi_dataset_analysis_windows\data\20260820_151336\synchronized_measurements.csv,179,2026-08-20 13:45:07+00:00,531.0,88.0,-4.055,,unknown,,No metadata entry,True,True,True
20260820_151336,C:\Users\Sorin\OneDrive - Universitatea Vasile Alecsandri Bacau\Proiecte_Cercetare\FurduI\FSM_Achizitie\emi_dataset_analysis_windows\data\20260820_151336\synchronized_measurements.csv,180,2026-08-20 13:46:07+00:00,544.0,88.1,-4.182,,unknown,,No metadata entry,True,True,True
20260820_151336,C:\Users\Sorin\OneDrive - Universitatea Vasile Alecsandri Bacau\Proiecte_Cercetare\FurduI\FSM_Achizitie\emi_dataset_analysis_windows\data\20260820_151336\synchronized_measurements.csv,181,2026-08-20 13:46:37+00:00,551.0,88.1,-4.161,,unknown,,No metadata entry,True,True,True
20260820_151336,C:\Users\Sorin\OneDrive - Universitatea Vasile Alecsandri Bacau\Proiecte_Cercetare\FurduI\FSM_Achizitie\emi_dataset_analysis_windows\data\20260820_151336\synchronized_measurements.csv,182,2026-08-20 13:47:07+00:00,550.0,88.7,-4.139,,unknown,,No metadata entry,True,True,True
20260820_151336,C:\Users\Sorin\OneDrive - Universitatea Vasile Alecsandri Bacau\Proiecte_Cercetare\FurduI\FSM_Achizitie\emi_dataset_analysis_windows\data\20260820_151336\synchronized_measurements.csv,183,2026-08-20 13:47:37+00:00,550.0,89.1,-4.118,,unknown,,No metadata entry,True,True,True
20260820_151336,C:\Users\Sorin\OneDrive - Universitatea Vasile Alecsandri Bacau\Proiecte_Cercetare\FurduI\FSM_Achizitie\emi_dataset_analysis_windows\data\20260820_151336\synchronized_measurements.csv,184,2026-08-20 13:48:07+00:00,549.0,89.3,-4.097,,unknown,,No metadata entry,True,True,True
20260820_151336,C:\Users\Sorin\OneDrive - Universitatea Vasile Alecsandri Bacau\Proiecte_Cercetare\FurduI\FSM_Achizitie\emi_dataset_analysis_windows\data\20260820_151336\synchronized_measurements.csv,185,2026-08-20 13:48:37+00:00,546.0,89.3,-4.075,,unknown,,No metadata entry,True,True,True
20260820_151336,C:\Users\Sorin\OneDrive - Universitatea Vasile Alecsandri Bacau\Proiecte_Cercetare\FurduI\FSM_Achizitie\emi_dataset_analysis_windows\data\20260820_151336\synchronized_measurements.csv,186,2026-08-20 13:49:07+00:00,551.0,89.4,-4.053,,unknown,,No metadata entry,True,True,True
20260820_151336,C:\Users\Sorin\OneDrive - Universitatea Vasile Alecsandri Bacau\Proiecte_Cercetare\FurduI\FSM_Achizitie\emi_dataset_analysis_windows\data\20260820_151336\synchronized_measurements.csv,187,2026-08-20 13:49:37+00:00,552.0,89.4,-4.032,,unknown,,No metadata entry,True,True,True
20260820_151336,C:\Users\Sorin\OneDrive - Universitatea Vasile Alecsandri Bacau\Proiecte_Cercetare\FurduI\FSM_Achizitie\emi_dataset_analysis_windows\data\20260820_151336\synchronized_measurements.csv,188,2026-08-20 13:50:07+00:00,554.0,89.9,-4.022,,unknown,,No metadata entry,True,True,True
20260820_151336,C:\Users\Sorin\OneDrive - Universitatea Vasile Alecsandri Bacau\Proiecte_Cercetare\FurduI\FSM_Achizitie\emi_dataset_analysis_windows\data\20260820_151336\synchronized_measurements.csv,189,2026-08-20 13:50:37+00:00,541.0,85.8,-4.0,,unknown,,No metadata entry,True,True,True
20260820_151336,C:\Users\Sorin\OneDrive - Universitatea Vasile Alecsandri Bacau\Proiecte_Cercetare\FurduI\FSM_Achizitie\emi_dataset_analysis_windows\data\20260820_151336\synchronized_measurements.csv,190,2026-08-20 13:51:07+00:00,505.0,77.19,-3.979,,unknown,,No metadata entry,True,True,True
20260820_151336,C:\Users\Sorin\OneDrive - Universitatea Vasile Alecsandri Bacau\Proiecte_Cercetare\FurduI\FSM_Achizitie\emi_dataset_analysis_windows\data\20260820_151336\synchronized_measurements.csv,191,2026-08-20 13:51:37+00:00,546.0,89.4,-3.956,,unknown,,No metadata entry,True,True,True
20260820_151336,C:\Users\Sorin\OneDrive - Universitatea Vasile Alecsandri Bacau\Proiecte_Cercetare\FurduI\FSM_Achizitie\emi_dataset_analysis_windows\data\20260820_151336\synchronized_measurements.csv,192,2026-08-20 13:52:07+00:00,537.0,87.7,-3.936,,unknown,,No metadata entry,True,True,True
20260820_151336,C:\Users\Sorin\OneDrive - Universitatea Vasile Alecsandri Bacau\Proiecte_Cercetare\FurduI\FSM_Achizitie\emi_dataset_analysis_windows\data\20260820_151336\synchronized_measurements.csv,193,2026-08-20 13:52:37+00:00,529.0,86.4,-3.92,,unknown,,No metadata entry,True,True,True
20260820_151336,C:\Users\Sorin\OneDrive - Universitatea Vasile Alecsandri Bacau\Proiecte_Cercetare\FurduI\FSM_Achizitie\emi_dataset_analysis_windows\data\20260820_151336\synchronized_measurements.csv,194,2026-08-20 13:53:07+00:00,524.0,85.7,-3.907,,unknown,,No metadata entry,True,True,True
20260820_151336,C:\Users\Sorin\OneDrive - Universitatea Vasile Alecsandri Bacau\Proiecte_Cercetare\FurduI\FSM_Achizitie\emi_dataset_analysis_windows\data\20260820_151336\synchronized_measurements.csv,195,2026-08-20 13:53:37+00:00,519.0,85.0,-3.883,,unknown,,No metadata entry,True,True,True
20260820_151336,C:\Users\Sorin\OneDrive - Universitatea Vasile Alecsandri Bacau\Proiecte_Cercetare\FurduI\FSM_Achizitie\emi_dataset_analysis_windows\data\20260820_151336\synchronized_measurements.csv,196,2026-08-20 13:54:07+00:00,514.0,84.1,-3.865,,unknown,,No metadata entry,True,True,True
20260820_151336,C:\Users\Sorin\OneDrive - Universitatea Vasile Alecsandri Bacau\Proiecte_Cercetare\FurduI\FSM_Achizitie\emi_dataset_analysis_windows\data\20260820_151336\synchronized_measurements.csv,197,2026-08-20 13:54:37+00:00,506.0,82.7,-3.846,,unknown,,No metadata entry,True,True,True
20260820_151336,C:\Users\Sorin\OneDrive - Universitatea Vasile Alecsandri Bacau\Proiecte_Cercetare\FurduI\FSM_Achizitie\emi_dataset_analysis_windows\data\20260820_151336\synchronized_measurements.csv,198,2026-08-20 13:55:07+00:00,501.0,82.3,-3.821,,unknown,,No metadata entry,True,True,True
20260820_151336,C:\Users\Sorin\OneDrive - Universitatea Vasile Alecsandri Bacau\Proiecte_Cercetare\FurduI\FSM_Achizitie\emi_dataset_analysis_windows\data\20260820_151336\synchronized_measurements.csv,199,2026-08-20 13:55:37+00:00,499.0,81.9,-3.802,,unknown,,No metadata entry,True,True,True
20260820_151336,C:\Users\Sorin\OneDrive - Universitatea Vasile Alecsandri Bacau\Proiecte_Cercetare\FurduI\FSM_Achizitie\emi_dataset_analysis_windows\data\20260820_151336\synchronized_measurements.csv,200,2026-08-20 13:56:07+00:00,497.0,81.6,-3.777,,unknown,,No metadata entry,True,True,True
20260820_151336,C:\Users\Sorin\OneDrive - Universitatea Vasile Alecsandri Bacau\Proiecte_Cercetare\FurduI\FSM_Achizitie\emi_dataset_analysis_windows\data\20260820_151336\synchronized_measurements.csv,201,2026-08-20 13:56:37+00:00,496.0,81.3,-3.757,,unknown,,No metadata entry,True,True,True
20260820_151336,C:\Users\Sorin\OneDrive - Universitatea Vasile Alecsandri Bacau\Proiecte_Cercetare\FurduI\FSM_Achizitie\emi_dataset_analysis_windows\data\20260820_151336\synchronized_measurements.csv,202,2026-08-20 13:57:07+00:00,492.0,80.8,-3.735,,unknown,,No metadata entry,True,True,True
20260820_151336,C:\Users\Sorin\OneDrive - Universitatea Vasile Alecsandri Bacau\Proiecte_Cercetare\FurduI\FSM_Achizitie\emi_dataset_analysis_windows\data\20260820_151336\synchronized_measurements.csv,203,2026-08-20 13:57:37+00:00,493.0,80.69,-3.713,,unknown,,No metadata entry,True,True,True
20260820_151336,C:\Users\Sorin\OneDrive - Universitatea Vasile Alecsandri Bacau\Proiecte_Cercetare\FurduI\FSM_Achizitie\emi_dataset_analysis_windows\data\20260820_151336\synchronized_measurements.csv,204,2026-08-20 13:58:07+00:00,493.0,80.69,-3.686,,unknown,,No metadata entry,True,True,True
20260820_151336,C:\Users\Sorin\OneDrive - Universitatea Vasile Alecsandri Bacau\Proiecte_Cercetare\FurduI\FSM_Achizitie\emi_dataset_analysis_windows\data\20260820_151336\synchronized_measurements.csv,205,2026-08-20 13:58:37+00:00,493.0,80.69,-3.521,,unknown,,No metadata entry,True,True,True
20260820_151336,C:\Users\Sorin\OneDrive - Universitatea Vasile Alecsandri Bacau\Proiecte_Cercetare\FurduI\FSM_Achizitie\emi_dataset_analysis_windows\data\20260820_151336\synchronized_measurements.csv,206,2026-08-20 13:59:07+00:00,492.0,80.69,-3.646,,unknown,,No metadata entry,True,True,True
20260820_151336,C:\Users\Sorin\OneDrive - Universitatea Vasile Alecsandri Bacau\Proiecte_Cercetare\FurduI\FSM_Achizitie\emi_dataset_analysis_windows\data\20260820_151336\synchronized_measurements.csv,207,2026-08-20 13:59:37+00:00,491.0,80.6,-3.631,,unknown,,No metadata entry,True,True,True
20260820_151336,C:\Users\Sorin\OneDrive - Universitatea Vasile Alecsandri Bacau\Proiecte_Cercetare\FurduI\FSM_Achizitie\emi_dataset_analysis_windows\data\20260820_151336\synchronized_measurements.csv,208,2026-08-20 14:00:07+00:00,485.0,78.9,-3.609,,unknown,,No metadata entry,True,True,True
20260820_151336,C:\Users\Sorin\OneDrive - Universitatea Vasile Alecsandri Bacau\Proiecte_Cercetare\FurduI\FSM_Achizitie\emi_dataset_analysis_windows\data\20260820_151336\synchronized_measurements.csv,209,2026-08-20 14:00:37+00:00,460.0,79.19,-3.582,,unknown,,No metadata entry,True,True,True
20260820_151336,C:\Users\Sorin\OneDrive - Universitatea Vasile Alecsandri Bacau\Proiecte_Cercetare\FurduI\FSM_Achizitie\emi_dataset_analysis_windows\data\20260820_151336\synchronized_measurements.csv,210,2026-08-20 14:01:07+00:00,375.0,67.3,-3.568,,unknown,,No metadata entry,True,True,True
20260820_151336,C:\Users\Sorin\OneDrive - Universitatea Vasile Alecsandri Bacau\Proiecte_Cercetare\FurduI\FSM_Achizitie\emi_dataset_analysis_windows\data\20260820_151336\synchronized_measurements.csv,211,2026-08-20 14:01:37+00:00,271.0,50.0,-3.548,,unknown,,No metadata entry,True,True,True
20260820_151336,C:\Users\Sorin\OneDrive - Universitatea Vasile Alecsandri Bacau\Proiecte_Cercetare\FurduI\FSM_Achizitie\emi_dataset_analysis_windows\data\20260820_151336\synchronized_measurements.csv,212,2026-08-20 14:02:07+00:00,294.0,41.3,-3.536,,unknown,,No metadata entry,True,True,True
20260820_151336,C:\Users\Sorin\OneDrive - Universitatea Vasile Alecsandri Bacau\Proiecte_Cercetare\FurduI\FSM_Achizitie\emi_dataset_analysis_windows\data\20260820_151336\synchronized_measurements.csv,213,2026-08-20 14:02:37+00:00,321.0,59.1,-3.513,,unknown,,No metadata entry,True,True,True
20260820_151336,C:\Users\Sorin\OneDrive - Universitatea Vasile Alecsandri Bacau\Proiecte_Cercetare\FurduI\FSM_Achizitie\emi_dataset_analysis_windows\data\20260820_151336\synchronized_measurements.csv,214,2026-08-20 14:03:37+00:00,200.0,32.3,-3.469,,unknown,,No metadata entry,True,True,True
20260820_151336,C:\Users\Sorin\OneDrive - Universitatea Vasile Alecsandri Bacau\Proiecte_Cercetare\FurduI\FSM_Achizitie\emi_dataset_analysis_windows\data\20260820_151336\synchronized_measurements.csv,215,2026-08-20 14:04:07+00:00,266.0,43.4,-3.45,,unknown,,No metadata entry,True,True,True
20260820_151336,C:\Users\Sorin\OneDrive - Universitatea Vasile Alecsandri Bacau\Proiecte_Cercetare\FurduI\FSM_Achizitie\emi_dataset_analysis_windows\data\20260820_151336\synchronized_measurements.csv,216,2026-08-20 14:04:37+00:00,453.0,62.6,-3.446,,unknown,,No metadata entry,True,True,True
20260820_151336,C:\Users\Sorin\OneDrive - Universitatea Vasile Alecsandri Bacau\Proiecte_Cercetare\FurduI\FSM_Achizitie\emi_dataset_analysis_windows\data\20260820_151336\synchronized_measurements.csv,217,2026-08-20 14:05:07+00:00,482.0,76.9,-3.419,,unknown,,No metadata entry,True,True,True
20260820_151336,C:\Users\Sorin\OneDrive - Universitatea Vasile Alecsandri Bacau\Proiecte_Cercetare\FurduI\FSM_Achizitie\emi_dataset_analysis_windows\data\20260820_151336\synchronized_measurements.csv,218,2026-08-20 14:05:37+00:00,483.0,78.5,-3.398,,unknown,,No metadata entry,True,True,True
20260820_151336,C:\Users\Sorin\OneDrive - Universitatea Vasile Alecsandri Bacau\Proiecte_Cercetare\FurduI\FSM_Achizitie\emi_dataset_analysis_windows\data\20260820_151336\synchronized_measurements.csv,219,2026-08-20 14:06:07+00:00,477.0,77.3,-3.381,,unknown,,No metadata entry,True,True,True
20260820_151336,C:\Users\Sorin\OneDrive - Universitatea Vasile Alecsandri Bacau\Proiecte_Cercetare\FurduI\FSM_Achizitie\emi_dataset_analysis_windows\data\20260820_151336\synchronized_measurements.csv,220,2026-08-20 14:06:37+00:00,405.0,67.3,-3.353,,unknown,,No metadata entry,True,True,True
20260820_151336,C:\Users\Sorin\OneDrive - Universitatea Vasile Alecsandri Bacau\Proiecte_Cercetare\FurduI\FSM_Achizitie\emi_dataset_analysis_windows\data\20260820_151336\synchronized_measurements.csv,221,2026-08-20 14:07:07+00:00,304.0,53.4,-3.332,,unknown,,No metadata entry,True,True,True
20260820_151336,C:\Users\Sorin\OneDrive - Universitatea Vasile Alecsandri Bacau\Proiecte_Cercetare\FurduI\FSM_Achizitie\emi_dataset_analysis_windows\data\20260820_151336\synchronized_measurements.csv,222,2026-08-20 14:07:37+00:00,136.0,26.7,-3.317,,unknown,,No metadata entry,True,True,True
20260820_151336,C:\Users\Sorin\OneDrive - Universitatea Vasile Alecsandri Bacau\Proiecte_Cercetare\FurduI\FSM_Achizitie\emi_dataset_analysis_windows\data\20260820_151336\synchronized_measurements.csv,223,2026-08-20 14:08:07+00:00,127.0,23.5,-3.293,,unknown,,No metadata entry,True,True,True
20260820_151336,C:\Users\Sorin\OneDrive - Universitatea Vasile Alecsandri Bacau\Proiecte_Cercetare\FurduI\FSM_Achizitie\emi_dataset_analysis_windows\data\20260820_151336\synchronized_measurements.csv,224,2026-08-20 14:08:37+00:00,167.0,27.7,-3.276,,unknown,,No metadata entry,True,True,True
20260820_151336,C:\Users\Sorin\OneDrive - Universitatea Vasile Alecsandri Bacau\Proiecte_Cercetare\FurduI\FSM_Achizitie\emi_dataset_analysis_windows\data\20260820_151336\synchronized_measurements.csv,225,2026-08-20 14:09:07+00:00,174.0,30.5,-3.256,,unknown,,No metadata entry,True,True,True
20260820_151336,C:\Users\Sorin\OneDrive - Universitatea Vasile Alecsandri Bacau\Proiecte_Cercetare\FurduI\FSM_Achizitie\emi_dataset_analysis_windows\data\20260820_151336\synchronized_measurements.csv,226,2026-08-20 14:09:37+00:00,98.0,18.5,-3.242,,unknown,,No metadata entry,True,True,True
20260820_151336,C:\Users\Sorin\OneDrive - Universitatea Vasile Alecsandri Bacau\Proiecte_Cercetare\FurduI\FSM_Achizitie\emi_dataset_analysis_windows\data\20260820_151336\synchronized_measurements.csv,227,2026-08-20 14:10:07+00:00,82.0,15.4,-3.232,,unknown,,No metadata entry,True,True,True
20260820_151336,C:\Users\Sorin\OneDrive - Universitatea Vasile Alecsandri Bacau\Proiecte_Cercetare\FurduI\FSM_Achizitie\emi_dataset_analysis_windows\data\20260820_151336\synchronized_measurements.csv,228,2026-08-20 14:10:37+00:00,72.0,13.6,-3.211,,unknown,,No metadata entry,True,True,True
20260820_151336,C:\Users\Sorin\OneDrive - Universitatea Vasile Alecsandri Bacau\Proiecte_Cercetare\FurduI\FSM_Achizitie\emi_dataset_analysis_windows\data\20260820_151336\synchronized_measurements.csv,229,2026-08-20 14:11:07+00:00,72.0,12.7,-3.185,,unknown,,No metadata entry,True,True,True
20260820_151336,C:\Users\Sorin\OneDrive - Universitatea Vasile Alecsandri Bacau\Proiecte_Cercetare\FurduI\FSM_Achizitie\emi_dataset_analysis_windows\data\20260820_151336\synchronized_measurements.csv,230,2026-08-20 14:11:37+00:00,78.0,13.7,-3.165,,unknown,,No metadata entry,True,True,True
20260820_151336,C:\Users\Sorin\OneDrive - Universitatea Vasile Alecsandri Bacau\Proiecte_Cercetare\FurduI\FSM_Achizitie\emi_dataset_analysis_windows\data\20260820_151336\synchronized_measurements.csv,231,2026-08-20 14:12:07+00:00,111.0,17.2,-2.962,,unknown,,No metadata entry,True,True,True
20260820_151336,C:\Users\Sorin\OneDrive - Universitatea Vasile Alecsandri Bacau\Proiecte_Cercetare\FurduI\FSM_Achizitie\emi_dataset_analysis_windows\data\20260820_151336\synchronized_measurements.csv,232,2026-08-20 14:12:37+00:00,147.0,25.8,-3.123,,unknown,,No metadata entry,True,True,True
20260821_100631,C:\Users\Sorin\OneDrive - Universitatea Vasile Alecsandri Bacau\Proiecte_Cercetare\FurduI\FSM_Achizitie\emi_dataset_analysis_windows\data\20260821_100631\synchronized_measurements.csv,2,2026-08-21 07:06:31+00:00,464.0,74.9,3.9,,unknown,,No metadata entry,True,True,True
20260821_100631,C:\Users\Sorin\OneDrive - Universitatea Vasile Alecsandri Bacau\Proiecte_Cercetare\FurduI\FSM_Achizitie\emi_dataset_analysis_windows\data\20260821_100631\synchronized_measurements.csv,3,2026-08-21 07:07:01+00:00,466.0,75.3,3.914,,unknown,,No metadata entry,True,True,True
20260821_100631,C:\Users\Sorin\OneDrive - Universitatea Vasile Alecsandri Bacau\Proiecte_Cercetare\FurduI\FSM_Achizitie\emi_dataset_analysis_windows\data\20260821_100631\synchronized_measurements.csv,4,2026-08-21 07:07:31+00:00,466.0,75.3,3.93,,unknown,,No metadata entry,True,True,True
20260821_100631,C:\Users\Sorin\OneDrive - Universitatea Vasile Alecsandri Bacau\Proiecte_Cercetare\FurduI\FSM_Achizitie\emi_dataset_analysis_windows\data\20260821_100631\synchronized_measurements.csv,5,2026-08-21 07:08:01+00:00,467.0,75.3,3.946,,unknown,,No metadata entry,True,True,True
20260821_100631,C:\Users\Sorin\OneDrive - Universitatea Vasile Alecsandri Bacau\Proiecte_Cercetare\FurduI\FSM_Achizitie\emi_dataset_analysis_windows\data\20260821_100631\synchronized_measurements.csv,6,2026-08-21 07:08:31+00:00,468.0,75.5,3.962,,unknown,,No metadata entry,True,True,True
20260821_100631,C:\Users\Sorin\OneDrive - Universitatea Vasile Alecsandri Bacau\Proiecte_Cercetare\FurduI\FSM_Achizitie\emi_dataset_analysis_windows\data\20260821_100631\synchronized_measurements.csv,7,2026-08-21 07:09:01+00:00,471.0,76.0,3.974,,unknown,,No metadata entry,True,True,True
20260821_100631,C:\Users\Sorin\OneDrive - Universitatea Vasile Alecsandri Bacau\Proiecte_Cercetare\FurduI\FSM_Achizitie\emi_dataset_analysis_windows\data\20260821_100631\synchronized_measurements.csv,8,2026-08-21 07:09:31+00:00,470.0,75.9,3.991,,unknown,,No metadata entry,True,True,True
20260821_100631,C:\Users\Sorin\OneDrive - Universitatea Vasile Alecsandri Bacau\Proiecte_Cercetare\FurduI\FSM_Achizitie\emi_dataset_analysis_windows\data\20260821_100631\synchronized_measurements.csv,9,2026-08-21 07:10:01+00:00,474.0,76.5,4.007,,unknown,,No metadata entry,True,True,True
20260821_100631,C:\Users\Sorin\OneDrive - Universitatea Vasile Alecsandri Bacau\Proiecte_Cercetare\FurduI\FSM_Achizitie\emi_dataset_analysis_windows\data\20260821_100631\synchronized_measurements.csv,10,2026-08-21 07:10:31+00:00,476.0,76.9,4.023,,unknown,,No metadata entry,True,True,True
20260821_100631,C:\Users\Sorin\OneDrive - Universitatea Vasile Alecsandri Bacau\Proiecte_Cercetare\FurduI\FSM_Achizitie\emi_dataset_analysis_windows\data\20260821_100631\synchronized_measurements.csv,11,2026-08-21 07:11:01+00:00,478.0,77.0,4.035,,unknown,,No metadata entry,True,True,True
20260821_100631,C:\Users\Sorin\OneDrive - Universitatea Vasile Alecsandri Bacau\Proiecte_Cercetare\FurduI\FSM_Achizitie\emi_dataset_analysis_windows\data\20260821_100631\synchronized_measurements.csv,12,2026-08-21 07:11:31+00:00,478.0,77.3,4.045,,unknown,,No metadata entry,True,True,True
20260821_100631,C:\Users\Sorin\OneDrive - Universitatea Vasile Alecsandri Bacau\Proiecte_Cercetare\FurduI\FSM_Achizitie\emi_dataset_analysis_windows\data\20260821_100631\synchronized_measurements.csv,13,2026-08-21 07:12:01+00:00,479.0,77.3,4.063,,unknown,,No metadata entry,True,True,True
20260821_100631,C:\Users\Sorin\OneDrive - Universitatea Vasile Alecsandri Bacau\Proiecte_Cercetare\FurduI\FSM_Achizitie\emi_dataset_analysis_windows\data\20260821_100631\synchronized_measurements.csv,14,2026-08-21 07:12:31+00:00,482.0,77.69,4.076,,unknown,,No metadata entry,True,True,True
20260821_100631,C:\Users\Sorin\OneDrive - Universitatea Vasile Alecsandri Bacau\Proiecte_Cercetare\FurduI\FSM_Achizitie\emi_dataset_analysis_windows\data\20260821_100631\synchronized_measurements.csv,15,2026-08-21 07:13:01+00:00,482.0,77.8,4.091,,unknown,,No metadata entry,True,True,True
20260821_100631,C:\Users\Sorin\OneDrive - Universitatea Vasile Alecsandri Bacau\Proiecte_Cercetare\FurduI\FSM_Achizitie\emi_dataset_analysis_windows\data\20260821_100631\synchronized_measurements.csv,16,2026-08-21 07:13:31+00:00,484.0,78.0,4.103,,unknown,,No metadata entry,True,True,True
20260821_100631,C:\Users\Sorin\OneDrive - Universitatea Vasile Alecsandri Bacau\Proiecte_Cercetare\FurduI\FSM_Achizitie\emi_dataset_analysis_windows\data\20260821_100631\synchronized_measurements.csv,17,2026-08-21 07:14:01+00:00,485.0,78.19,4.122,,unknown,,No metadata entry,True,True,True
20260821_100631,C:\Users\Sorin\OneDrive - Universitatea Vasile Alecsandri Bacau\Proiecte_Cercetare\FurduI\FSM_Achizitie\emi_dataset_analysis_windows\data\20260821_100631\synchronized_measurements.csv,18,2026-08-21 07:14:31+00:00,486.0,78.4,4.136,,unknown,,No metadata entry,True,True,True
20260821_100631,C:\Users\Sorin\OneDrive - Universitatea Vasile Alecsandri Bacau\Proiecte_Cercetare\FurduI\FSM_Achizitie\emi_dataset_analysis_windows\data\20260821_100631\synchronized_measurements.csv,19,2026-08-21 07:15:01+00:00,487.0,78.69,4.303,,unknown,,No metadata entry,True,True,True
20260821_100631,C:\Users\Sorin\OneDrive - Universitatea Vasile Alecsandri Bacau\Proiecte_Cercetare\FurduI\FSM_Achizitie\emi_dataset_analysis_windows\data\20260821_100631\synchronized_measurements.csv,20,2026-08-21 07:15:31+00:00,490.0,79.1,4.159,,unknown,,No metadata entry,True,True,True
20260821_100631,C:\Users\Sorin\OneDrive - Universitatea Vasile Alecsandri Bacau\Proiecte_Cercetare\FurduI\FSM_Achizitie\emi_dataset_analysis_windows\data\20260821_100631\synchronized_measurements.csv,21,2026-08-21 07:16:31+00:00,494.0,79.6,4.181,,unknown,,No metadata entry,True,True,True
20260821_100631,C:\Users\Sorin\OneDrive - Universitatea Vasile Alecsandri Bacau\Proiecte_Cercetare\FurduI\FSM_Achizitie\emi_dataset_analysis_windows\data\20260821_100631\synchronized_measurements.csv,22,2026-08-21 07:17:01+00:00,496.0,79.8,4.197,,unknown,,No metadata entry,True,True,True
20260821_100631,C:\Users\Sorin\OneDrive - Universitatea Vasile Alecsandri Bacau\Proiecte_Cercetare\FurduI\FSM_Achizitie\emi_dataset_analysis_windows\data\20260821_100631\synchronized_measurements.csv,23,2026-08-21 07:18:01+00:00,498.0,80.5,4.23,,unknown,,No metadata entry,True,True,True
20260821_100631,C:\Users\Sorin\OneDrive - Universitatea Vasile Alecsandri Bacau\Proiecte_Cercetare\FurduI\FSM_Achizitie\emi_dataset_analysis_windows\data\20260821_100631\synchronized_measurements.csv,24,2026-08-21 07:18:31+00:00,501.0,80.9,4.246,,unknown,,No metadata entry,True,True,True
20260821_100631,C:\Users\Sorin\OneDrive - Universitatea Vasile Alecsandri Bacau\Proiecte_Cercetare\FurduI\FSM_Achizitie\emi_dataset_analysis_windows\data\20260821_100631\synchronized_measurements.csv,25,2026-08-21 07:19:31+00:00,500.0,80.69,4.274,,unknown,,No metadata entry,True,True,True
20260821_100631,C:\Users\Sorin\OneDrive - Universitatea Vasile Alecsandri Bacau\Proiecte_Cercetare\FurduI\FSM_Achizitie\emi_dataset_analysis_windows\data\20260821_100631\synchronized_measurements.csv,26,2026-08-21 07:20:01+00:00,504.0,81.5,4.284,,unknown,,No metadata entry,True,True,True
20260821_100631,C:\Users\Sorin\OneDrive - Universitatea Vasile Alecsandri Bacau\Proiecte_Cercetare\FurduI\FSM_Achizitie\emi_dataset_analysis_windows\data\20260821_100631\synchronized_measurements.csv,27,2026-08-21 07:20:31+00:00,505.0,81.6,4.299,,unknown,,No metadata entry,True,True,True
20260821_100631,C:\Users\Sorin\OneDrive - Universitatea Vasile Alecsandri Bacau\Proiecte_Cercetare\FurduI\FSM_Achizitie\emi_dataset_analysis_windows\data\20260821_100631\synchronized_measurements.csv,28,2026-08-21 07:21:01+00:00,503.0,81.0,4.313,,unknown,,No metadata entry,True,True,True
20260821_100631,C:\Users\Sorin\OneDrive - Universitatea Vasile Alecsandri Bacau\Proiecte_Cercetare\FurduI\FSM_Achizitie\emi_dataset_analysis_windows\data\20260821_100631\synchronized_measurements.csv,29,2026-08-21 07:21:31+00:00,505.0,81.4,4.325,,unknown,,No metadata entry,True,True,True
20260821_100631,C:\Users\Sorin\OneDrive - Universitatea Vasile Alecsandri Bacau\Proiecte_Cercetare\FurduI\FSM_Achizitie\emi_dataset_analysis_windows\data\20260821_100631\synchronized_measurements.csv,30,2026-08-21 07:22:01+00:00,508.0,81.9,4.341,,unknown,,No metadata entry,True,True,True
20260821_100631,C:\Users\Sorin\OneDrive - Universitatea Vasile Alecsandri Bacau\Proiecte_Cercetare\FurduI\FSM_Achizitie\emi_dataset_analysis_windows\data\20260821_100631\synchronized_measurements.csv,31,2026-08-21 07:22:31+00:00,509.0,82.2,4.355,,unknown,,No metadata entry,True,True,True
20260821_100631,C:\Users\Sorin\OneDrive - Universitatea Vasile Alecsandri Bacau\Proiecte_Cercetare\FurduI\FSM_Achizitie\emi_dataset_analysis_windows\data\20260821_100631\synchronized_measurements.csv,32,2026-08-21 07:23:01+00:00,507.0,81.6,4.369,,unknown,,No metadata entry,True,True,True
20260821_100631,C:\Users\Sorin\OneDrive - Universitatea Vasile Alecsandri Bacau\Proiecte_Cercetare\FurduI\FSM_Achizitie\emi_dataset_analysis_windows\data\20260821_100631\synchronized_measurements.csv,33,2026-08-21 07:23:31+00:00,507.0,81.5,4.379,,unknown,,No metadata entry,True,True,True
20260821_100631,C:\Users\Sorin\OneDrive - Universitatea Vasile Alecsandri Bacau\Proiecte_Cercetare\FurduI\FSM_Achizitie\emi_dataset_analysis_windows\data\20260821_100631\synchronized_measurements.csv,34,2026-08-21 07:24:01+00:00,509.0,82.1,4.395,,unknown,,No metadata entry,True,True,True
20260821_100631,C:\Users\Sorin\OneDrive - Universitatea Vasile Alecsandri Bacau\Proiecte_Cercetare\FurduI\FSM_Achizitie\emi_dataset_analysis_windows\data\20260821_100631\synchronized_measurements.csv,35,2026-08-21 07:24:31+00:00,510.0,82.2,4.412,,unknown,,No metadata entry,True,True,True
20260821_100631,C:\Users\Sorin\OneDrive - Universitatea Vasile Alecsandri Bacau\Proiecte_Cercetare\FurduI\FSM_Achizitie\emi_dataset_analysis_windows\data\20260821_100631\synchronized_measurements.csv,36,2026-08-21 07:25:01+00:00,508.0,81.8,4.427,,unknown,,No metadata entry,True,True,True
20260821_100631,C:\Users\Sorin\OneDrive - Universitatea Vasile Alecsandri Bacau\Proiecte_Cercetare\FurduI\FSM_Achizitie\emi_dataset_analysis_windows\data\20260821_100631\synchronized_measurements.csv,37,2026-08-21 07:25:31+00:00,506.0,81.3,4.443,,unknown,,No metadata entry,True,True,True
20260821_100631,C:\Users\Sorin\OneDrive - Universitatea Vasile Alecsandri Bacau\Proiecte_Cercetare\FurduI\FSM_Achizitie\emi_dataset_analysis_windows\data\20260821_100631\synchronized_measurements.csv,38,2026-08-21 07:26:01+00:00,509.0,82.0,4.46,,unknown,,No metadata entry,True,True,True
20260821_100631,C:\Users\Sorin\OneDrive - Universitatea Vasile Alecsandri Bacau\Proiecte_Cercetare\FurduI\FSM_Achizitie\emi_dataset_analysis_windows\data\20260821_100631\synchronized_measurements.csv,39,2026-08-21 07:26:31+00:00,515.0,82.9,4.47,,unknown,,No metadata entry,True,True,True
20260821_100631,C:\Users\Sorin\OneDrive - Universitatea Vasile Alecsandri Bacau\Proiecte_Cercetare\FurduI\FSM_Achizitie\emi_dataset_analysis_windows\data\20260821_100631\synchronized_measurements.csv,40,2026-08-21 07:27:01+00:00,510.0,82.2,4.481,,unknown,,No metadata entry,True,True,True
20260821_100631,C:\Users\Sorin\OneDrive - Universitatea Vasile Alecsandri Bacau\Proiecte_Cercetare\FurduI\FSM_Achizitie\emi_dataset_analysis_windows\data\20260821_100631\synchronized_measurements.csv,41,2026-08-21 07:27:31+00:00,513.0,82.4,4.495,,unknown,,No metadata entry,True,True,True
20260821_100631,C:\Users\Sorin\OneDrive - Universitatea Vasile Alecsandri Bacau\Proiecte_Cercetare\FurduI\FSM_Achizitie\emi_dataset_analysis_windows\data\20260821_100631\synchronized_measurements.csv,42,2026-08-21 07:28:01+00:00,511.0,82.2,4.511,,unknown,,No metadata entry,True,True,True
20260821_100631,C:\Users\Sorin\OneDrive - Universitatea Vasile Alecsandri Bacau\Proiecte_Cercetare\FurduI\FSM_Achizitie\emi_dataset_analysis_windows\data\20260821_100631\synchronized_measurements.csv,43,2026-08-21 07:28:31+00:00,515.0,83.0,4.676,,unknown,,No metadata entry,True,True,True
20260821_100631,C:\Users\Sorin\OneDrive - Universitatea Vasile Alecsandri Bacau\Proiecte_Cercetare\FurduI\FSM_Achizitie\emi_dataset_analysis_windows\data\20260821_100631\synchronized_measurements.csv,44,2026-08-21 07:29:01+00:00,522.0,83.8,4.538,,unknown,,No metadata entry,True,True,True
20260821_100631,C:\Users\Sorin\OneDrive - Universitatea Vasile Alecsandri Bacau\Proiecte_Cercetare\FurduI\FSM_Achizitie\emi_dataset_analysis_windows\data\20260821_100631\synchronized_measurements.csv,45,2026-08-21 07:29:31+00:00,523.0,84.2,4.551,,unknown,,No metadata entry,True,True,True
20260821_100631,C:\Users\Sorin\OneDrive - Universitatea Vasile Alecsandri Bacau\Proiecte_Cercetare\FurduI\FSM_Achizitie\emi_dataset_analysis_windows\data\20260821_100631\synchronized_measurements.csv,46,2026-08-21 07:30:01+00:00,515.0,82.7,4.559,,unknown,,No metadata entry,True,True,True
20260821_100631,C:\Users\Sorin\OneDrive - Universitatea Vasile Alecsandri Bacau\Proiecte_Cercetare\FurduI\FSM_Achizitie\emi_dataset_analysis_windows\data\20260821_100631\synchronized_measurements.csv,47,2026-08-21 07:30:31+00:00,520.0,83.5,4.571,,unknown,,No metadata entry,True,True,True
20260821_100631,C:\Users\Sorin\OneDrive - Universitatea Vasile Alecsandri Bacau\Proiecte_Cercetare\FurduI\FSM_Achizitie\emi_dataset_analysis_windows\data\20260821_100631\synchronized_measurements.csv,48,2026-08-21 07:31:01+00:00,528.0,85.0,4.584,,unknown,,No metadata entry,True,True,True
20260821_100631,C:\Users\Sorin\OneDrive - Universitatea Vasile Alecsandri Bacau\Proiecte_Cercetare\FurduI\FSM_Achizitie\emi_dataset_analysis_windows\data\20260821_100631\synchronized_measurements.csv,49,2026-08-21 07:31:31+00:00,528.0,84.9,4.597,,unknown,,No metadata entry,True,True,True
20260821_100631,C:\Users\Sorin\OneDrive - Universitatea Vasile Alecsandri Bacau\Proiecte_Cercetare\FurduI\FSM_Achizitie\emi_dataset_analysis_windows\data\20260821_100631\synchronized_measurements.csv,50,2026-08-21 07:32:01+00:00,518.0,83.0,4.612,,unknown,,No metadata entry,True,True,True
20260821_100631,C:\Users\Sorin\OneDrive - Universitatea Vasile Alecsandri Bacau\Proiecte_Cercetare\FurduI\FSM_Achizitie\emi_dataset_analysis_windows\data\20260821_100631\synchronized_measurements.csv,51,2026-08-21 07:32:31+00:00,524.0,84.0,4.628,,unknown,,No metadata entry,True,True,True
20260821_100631,C:\Users\Sorin\OneDrive - Universitatea Vasile Alecsandri Bacau\Proiecte_Cercetare\FurduI\FSM_Achizitie\emi_dataset_analysis_windows\data\20260821_100631\synchronized_measurements.csv,52,2026-08-21 07:33:01+00:00,528.0,84.9,4.644,,unknown,,No metadata entry,True,True,True
20260821_100631,C:\Users\Sorin\OneDrive - Universitatea Vasile Alecsandri Bacau\Proiecte_Cercetare\FurduI\FSM_Achizitie\emi_dataset_analysis_windows\data\20260821_100631\synchronized_measurements.csv,53,2026-08-21 07:33:31+00:00,528.0,84.9,4.66,,unknown,,No metadata entry,True,True,True
20260821_100631,C:\Users\Sorin\OneDrive - Universitatea Vasile Alecsandri Bacau\Proiecte_Cercetare\FurduI\FSM_Achizitie\emi_dataset_analysis_windows\data\20260821_100631\synchronized_measurements.csv,54,2026-08-21 07:34:01+00:00,523.0,84.0,4.675,,unknown,,No metadata entry,True,True,True
20260821_100631,C:\Users\Sorin\OneDrive - Universitatea Vasile Alecsandri Bacau\Proiecte_Cercetare\FurduI\FSM_Achizitie\emi_dataset_analysis_windows\data\20260821_100631\synchronized_measurements.csv,55,2026-08-21 07:34:31+00:00,531.0,85.2,4.691,,unknown,,No metadata entry,True,True,True
20260821_100631,C:\Users\Sorin\OneDrive - Universitatea Vasile Alecsandri Bacau\Proiecte_Cercetare\FurduI\FSM_Achizitie\emi_dataset_analysis_windows\data\20260821_100631\synchronized_measurements.csv,56,2026-08-21 07:35:01+00:00,536.0,86.1,4.708,,unknown,,No metadata entry,True,True,True
20260821_100631,C:\Users\Sorin\OneDrive - Universitatea Vasile Alecsandri Bacau\Proiecte_Cercetare\FurduI\FSM_Achizitie\emi_dataset_analysis_windows\data\20260821_100631\synchronized_measurements.csv,57,2026-08-21 07:35:31+00:00,529.0,84.9,4.722,,unknown,,No metadata entry,True,True,True
20260821_100631,C:\Users\Sorin\OneDrive - Universitatea Vasile Alecsandri Bacau\Proiecte_Cercetare\FurduI\FSM_Achizitie\emi_dataset_analysis_windows\data\20260821_100631\synchronized_measurements.csv,58,2026-08-21 07:36:01+00:00,529.0,84.8,4.735,,unknown,,No metadata entry,True,True,True
20260821_100631,C:\Users\Sorin\OneDrive - Universitatea Vasile Alecsandri Bacau\Proiecte_Cercetare\FurduI\FSM_Achizitie\emi_dataset_analysis_windows\data\20260821_100631\synchronized_measurements.csv,59,2026-08-21 07:36:31+00:00,537.0,86.2,4.745,,unknown,,No metadata entry,True,True,True
20260821_100631,C:\Users\Sorin\OneDrive - Universitatea Vasile Alecsandri Bacau\Proiecte_Cercetare\FurduI\FSM_Achizitie\emi_dataset_analysis_windows\data\20260821_100631\synchronized_measurements.csv,60,2026-08-21 07:37:01+00:00,535.0,85.7,4.755,,unknown,,No metadata entry,True,True,True
20260821_100631,C:\Users\Sorin\OneDrive - Universitatea Vasile Alecsandri Bacau\Proiecte_Cercetare\FurduI\FSM_Achizitie\emi_dataset_analysis_windows\data\20260821_100631\synchronized_measurements.csv,61,2026-08-21 07:37:31+00:00,532.0,85.0,4.77,,unknown,,No metadata entry,True,True,True
20260821_100631,C:\Users\Sorin\OneDrive - Universitatea Vasile Alecsandri Bacau\Proiecte_Cercetare\FurduI\FSM_Achizitie\emi_dataset_analysis_windows\data\20260821_100631\synchronized_measurements.csv,62,2026-08-21 07:38:01+00:00,528.0,84.2,4.776,,unknown,,No metadata entry,True,True,True
20260821_100631,C:\Users\Sorin\OneDrive - Universitatea Vasile Alecsandri Bacau\Proiecte_Cercetare\FurduI\FSM_Achizitie\emi_dataset_analysis_windows\data\20260821_100631\synchronized_measurements.csv,63,2026-08-21 07:38:31+00:00,531.0,84.6,4.795,,unknown,,No metadata entry,True,True,True
20260821_100631,C:\Users\Sorin\OneDrive - Universitatea Vasile Alecsandri Bacau\Proiecte_Cercetare\FurduI\FSM_Achizitie\emi_dataset_analysis_windows\data\20260821_100631\synchronized_measurements.csv,64,2026-08-21 07:39:01+00:00,530.0,84.5,4.802,,unknown,,No metadata entry,True,True,True
20260821_100631,C:\Users\Sorin\OneDrive - Universitatea Vasile Alecsandri Bacau\Proiecte_Cercetare\FurduI\FSM_Achizitie\emi_dataset_analysis_windows\data\20260821_100631\synchronized_measurements.csv,65,2026-08-21 07:39:31+00:00,534.0,85.3,4.813,,unknown,,No metadata entry,True,True,True
20260821_100631,C:\Users\Sorin\OneDrive - Universitatea Vasile Alecsandri Bacau\Proiecte_Cercetare\FurduI\FSM_Achizitie\emi_dataset_analysis_windows\data\20260821_100631\synchronized_measurements.csv,66,2026-08-21 07:40:01+00:00,528.0,84.1,4.825,,unknown,,No metadata entry,True,True,True
20260821_100631,C:\Users\Sorin\OneDrive - Universitatea Vasile Alecsandri Bacau\Proiecte_Cercetare\FurduI\FSM_Achizitie\emi_dataset_analysis_windows\data\20260821_100631\synchronized_measurements.csv,67,2026-08-21 07:40:31+00:00,526.0,83.6,4.838,,unknown,,No metadata entry,True,True,True
20260821_100631,C:\Users\Sorin\OneDrive - Universitatea Vasile Alecsandri Bacau\Proiecte_Cercetare\FurduI\FSM_Achizitie\emi_dataset_analysis_windows\data\20260821_100631\synchronized_measurements.csv,68,2026-08-21 07:41:01+00:00,531.0,84.4,4.854,,unknown,,No metadata entry,True,True,True
20260821_100631,C:\Users\Sorin\OneDrive - Universitatea Vasile Alecsandri Bacau\Proiecte_Cercetare\FurduI\FSM_Achizitie\emi_dataset_analysis_windows\data\20260821_100631\synchronized_measurements.csv,69,2026-08-21 07:41:31+00:00,535.0,85.2,4.884,,unknown,,No metadata entry,True,True,True
20260821_100631,C:\Users\Sorin\OneDrive - Universitatea Vasile Alecsandri Bacau\Proiecte_Cercetare\FurduI\FSM_Achizitie\emi_dataset_analysis_windows\data\20260821_100631\synchronized_measurements.csv,70,2026-08-21 07:42:01+00:00,541.0,86.3,-4.979,,unknown,,No metadata entry,True,True,True
20260821_100631,C:\Users\Sorin\OneDrive - Universitatea Vasile Alecsandri Bacau\Proiecte_Cercetare\FurduI\FSM_Achizitie\emi_dataset_analysis_windows\data\20260821_100631\synchronized_measurements.csv,71,2026-08-21 07:42:31+00:00,544.0,86.7,4.893,,unknown,,No metadata entry,True,True,True
20260821_100631,C:\Users\Sorin\OneDrive - Universitatea Vasile Alecsandri Bacau\Proiecte_Cercetare\FurduI\FSM_Achizitie\emi_dataset_analysis_windows\data\20260821_100631\synchronized_measurements.csv,72,2026-08-21 07:43:01+00:00,545.0,87.0,4.905,,unknown,,No metadata entry,True,True,True
20260821_100631,C:\Users\Sorin\OneDrive - Universitatea Vasile Alecsandri Bacau\Proiecte_Cercetare\FurduI\FSM_Achizitie\emi_dataset_analysis_windows\data\20260821_100631\synchronized_measurements.csv,73,2026-08-21 07:43:31+00:00,547.0,87.5,4.922,,unknown,,No metadata entry,True,True,True
20260821_100631,C:\Users\Sorin\OneDrive - Universitatea Vasile Alecsandri Bacau\Proiecte_Cercetare\FurduI\FSM_Achizitie\emi_dataset_analysis_windows\data\20260821_100631\synchronized_measurements.csv,74,2026-08-21 07:44:01+00:00,555.0,88.7,4.937,,unknown,,No metadata entry,True,True,True
20260821_100631,C:\Users\Sorin\OneDrive - Universitatea Vasile Alecsandri Bacau\Proiecte_Cercetare\FurduI\FSM_Achizitie\emi_dataset_analysis_windows\data\20260821_100631\synchronized_measurements.csv,75,2026-08-21 07:44:31+00:00,553.0,88.4,4.956,,unknown,,No metadata entry,True,True,True
20260821_100631,C:\Users\Sorin\OneDrive - Universitatea Vasile Alecsandri Bacau\Proiecte_Cercetare\FurduI\FSM_Achizitie\emi_dataset_analysis_windows\data\20260821_100631\synchronized_measurements.csv,76,2026-08-21 07:45:01+00:00,553.0,88.5,4.97,,unknown,,No metadata entry,True,True,True
20260821_100631,C:\Users\Sorin\OneDrive - Universitatea Vasile Alecsandri Bacau\Proiecte_Cercetare\FurduI\FSM_Achizitie\emi_dataset_analysis_windows\data\20260821_100631\synchronized_measurements.csv,77,2026-08-21 07:45:31+00:00,555.0,88.7,4.98,,unknown,,No metadata entry,True,True,True
20260821_100631,C:\Users\Sorin\OneDrive - Universitatea Vasile Alecsandri Bacau\Proiecte_Cercetare\FurduI\FSM_Achizitie\emi_dataset_analysis_windows\data\20260821_100631\synchronized_measurements.csv,78,2026-08-21 07:46:01+00:00,559.0,89.5,4.997,,unknown,,No metadata entry,True,True,True
20260821_100631,C:\Users\Sorin\OneDrive - Universitatea Vasile Alecsandri Bacau\Proiecte_Cercetare\FurduI\FSM_Achizitie\emi_dataset_analysis_windows\data\20260821_100631\synchronized_measurements.csv,79,2026-08-21 07:46:31+00:00,561.0,89.1,-4.988,,unknown,,No metadata entry,True,True,True
20260821_100631,C:\Users\Sorin\OneDrive - Universitatea Vasile Alecsandri Bacau\Proiecte_Cercetare\FurduI\FSM_Achizitie\emi_dataset_analysis_windows\data\20260821_100631\synchronized_measurements.csv,80,2026-08-21 07:47:01+00:00,568.0,90.9,-4.974,,unknown,,No metadata entry,True,True,True
20260821_100631,C:\Users\Sorin\OneDrive - Universitatea Vasile Alecsandri Bacau\Proiecte_Cercetare\FurduI\FSM_Achizitie\emi_dataset_analysis_windows\data\20260821_100631\synchronized_measurements.csv,81,2026-08-21 07:47:31+00:00,561.0,89.6,-4.954,,unknown,,No metadata entry,True,True,True
20260821_100631,C:\Users\Sorin\OneDrive - Universitatea Vasile Alecsandri Bacau\Proiecte_Cercetare\FurduI\FSM_Achizitie\emi_dataset_analysis_windows\data\20260821_100631\synchronized_measurements.csv,82,2026-08-21 07:48:01+00:00,564.0,90.1,-4.944,,unknown,,No metadata entry,True,True,True
20260821_100631,C:\Users\Sorin\OneDrive - Universitatea Vasile Alecsandri Bacau\Proiecte_Cercetare\FurduI\FSM_Achizitie\emi_dataset_analysis_windows\data\20260821_100631\synchronized_measurements.csv,83,2026-08-21 07:48:31+00:00,561.0,89.7,-4.932,,unknown,,No metadata entry,True,True,True
20260821_100631,C:\Users\Sorin\OneDrive - Universitatea Vasile Alecsandri Bacau\Proiecte_Cercetare\FurduI\FSM_Achizitie\emi_dataset_analysis_windows\data\20260821_100631\synchronized_measurements.csv,84,2026-08-21 07:49:01+00:00,556.0,89.2,-4.924,,unknown,,No metadata entry,True,True,True
20260821_100631,C:\Users\Sorin\OneDrive - Universitatea Vasile Alecsandri Bacau\Proiecte_Cercetare\FurduI\FSM_Achizitie\emi_dataset_analysis_windows\data\20260821_100631\synchronized_measurements.csv,85,2026-08-21 07:49:31+00:00,555.0,89.0,-4.908,,unknown,,No metadata entry,True,True,True
20260821_100631,C:\Users\Sorin\OneDrive - Universitatea Vasile Alecsandri Bacau\Proiecte_Cercetare\FurduI\FSM_Achizitie\emi_dataset_analysis_windows\data\20260821_100631\synchronized_measurements.csv,86,2026-08-21 07:50:01+00:00,556.0,88.8,-4.897,,unknown,,No metadata entry,True,True,True
20260821_100631,C:\Users\Sorin\OneDrive - Universitatea Vasile Alecsandri Bacau\Proiecte_Cercetare\FurduI\FSM_Achizitie\emi_dataset_analysis_windows\data\20260821_100631\synchronized_measurements.csv,87,2026-08-21 07:50:31+00:00,560.0,88.6,-4.885,,unknown,,No metadata entry,True,True,True
20260821_100631,C:\Users\Sorin\OneDrive - Universitatea Vasile Alecsandri Bacau\Proiecte_Cercetare\FurduI\FSM_Achizitie\emi_dataset_analysis_windows\data\20260821_100631\synchronized_measurements.csv,88,2026-08-21 07:51:01+00:00,561.0,89.2,-4.871,,unknown,,No metadata entry,True,True,True
20260821_100631,C:\Users\Sorin\OneDrive - Universitatea Vasile Alecsandri Bacau\Proiecte_Cercetare\FurduI\FSM_Achizitie\emi_dataset_analysis_windows\data\20260821_100631\synchronized_measurements.csv,89,2026-08-21 07:51:31+00:00,559.0,88.8,-4.852,,unknown,,No metadata entry,True,True,True
20260821_100631,C:\Users\Sorin\OneDrive - Universitatea Vasile Alecsandri Bacau\Proiecte_Cercetare\FurduI\FSM_Achizitie\emi_dataset_analysis_windows\data\20260821_100631\synchronized_measurements.csv,90,2026-08-21 07:52:01+00:00,556.0,87.9,-4.837,,unknown,,No metadata entry,True,True,True
20260821_100631,C:\Users\Sorin\OneDrive - Universitatea Vasile Alecsandri Bacau\Proiecte_Cercetare\FurduI\FSM_Achizitie\emi_dataset_analysis_windows\data\20260821_100631\synchronized_measurements.csv,91,2026-08-21 07:52:31+00:00,561.0,88.9,-4.819,,unknown,,No metadata entry,True,True,True
20260821_100631,C:\Users\Sorin\OneDrive - Universitatea Vasile Alecsandri Bacau\Proiecte_Cercetare\FurduI\FSM_Achizitie\emi_dataset_analysis_windows\data\20260821_100631\synchronized_measurements.csv,92,2026-08-21 07:53:01+00:00,567.0,90.1,-4.805,,unknown,,No metadata entry,True,True,True
20260821_100631,C:\Users\Sorin\OneDrive - Universitatea Vasile Alecsandri Bacau\Proiecte_Cercetare\FurduI\FSM_Achizitie\emi_dataset_analysis_windows\data\20260821_100631\synchronized_measurements.csv,93,2026-08-21 07:53:31+00:00,568.0,90.4,-4.786,,unknown,,No metadata entry,True,True,True
20260821_100631,C:\Users\Sorin\OneDrive - Universitatea Vasile Alecsandri Bacau\Proiecte_Cercetare\FurduI\FSM_Achizitie\emi_dataset_analysis_windows\data\20260821_100631\synchronized_measurements.csv,94,2026-08-21 07:54:01+00:00,571.0,90.8,-4.783,,unknown,,No metadata entry,True,True,True
20260821_100631,C:\Users\Sorin\OneDrive - Universitatea Vasile Alecsandri Bacau\Proiecte_Cercetare\FurduI\FSM_Achizitie\emi_dataset_analysis_windows\data\20260821_100631\synchronized_measurements.csv,95,2026-08-21 07:54:31+00:00,574.0,91.3,-4.775,,unknown,,No metadata entry,True,True,True
20260821_100631,C:\Users\Sorin\OneDrive - Universitatea Vasile Alecsandri Bacau\Proiecte_Cercetare\FurduI\FSM_Achizitie\emi_dataset_analysis_windows\data\20260821_100631\synchronized_measurements.csv,96,2026-08-21 07:55:01+00:00,572.0,91.1,-4.754,,unknown,,No metadata entry,True,True,True
20260821_100631,C:\Users\Sorin\OneDrive - Universitatea Vasile Alecsandri Bacau\Proiecte_Cercetare\FurduI\FSM_Achizitie\emi_dataset_analysis_windows\data\20260821_100631\synchronized_measurements.csv,97,2026-08-21 07:55:31+00:00,571.0,91.1,-4.55,,unknown,,No metadata entry,True,True,True
20260821_100631,C:\Users\Sorin\OneDrive - Universitatea Vasile Alecsandri Bacau\Proiecte_Cercetare\FurduI\FSM_Achizitie\emi_dataset_analysis_windows\data\20260821_100631\synchronized_measurements.csv,98,2026-08-21 07:56:01+00:00,589.0,90.7,-4.726,,unknown,,No metadata entry,True,True,True
20260821_100631,C:\Users\Sorin\OneDrive - Universitatea Vasile Alecsandri Bacau\Proiecte_Cercetare\FurduI\FSM_Achizitie\emi_dataset_analysis_windows\data\20260821_100631\synchronized_measurements.csv,99,2026-08-21 07:56:31+00:00,570.0,90.9,-4.709,,unknown,,No metadata entry,True,True,True
20260821_100631,C:\Users\Sorin\OneDrive - Universitatea Vasile Alecsandri Bacau\Proiecte_Cercetare\FurduI\FSM_Achizitie\emi_dataset_analysis_windows\data\20260821_100631\synchronized_measurements.csv,100,2026-08-21 07:57:01+00:00,572.0,90.6,-4.701,,unknown,,No metadata entry,True,True,True
20260821_100631,C:\Users\Sorin\OneDrive - Universitatea Vasile Alecsandri Bacau\Proiecte_Cercetare\FurduI\FSM_Achizitie\emi_dataset_analysis_windows\data\20260821_100631\synchronized_measurements.csv,101,2026-08-21 07:57:31+00:00,575.0,90.9,-4.69,,unknown,,No metadata entry,True,True,True
20260821_100631,C:\Users\Sorin\OneDrive - Universitatea Vasile Alecsandri Bacau\Proiecte_Cercetare\FurduI\FSM_Achizitie\emi_dataset_analysis_windows\data\20260821_100631\synchronized_measurements.csv,102,2026-08-21 07:58:01+00:00,575.0,91.5,-4.679,,unknown,,No metadata entry,True,True,True
20260821_100631,C:\Users\Sorin\OneDrive - Universitatea Vasile Alecsandri Bacau\Proiecte_Cercetare\FurduI\FSM_Achizitie\emi_dataset_analysis_windows\data\20260821_100631\synchronized_measurements.csv,103,2026-08-21 07:58:31+00:00,570.0,90.4,-4.662,,unknown,,No metadata entry,True,True,True
20260821_100631,C:\Users\Sorin\OneDrive - Universitatea Vasile Alecsandri Bacau\Proiecte_Cercetare\FurduI\FSM_Achizitie\emi_dataset_analysis_windows\data\20260821_100631\synchronized_measurements.csv,104,2026-08-21 07:59:01+00:00,566.0,89.2,-4.651,,unknown,,No metadata entry,True,True,True
20260821_100631,C:\Users\Sorin\OneDrive - Universitatea Vasile Alecsandri Bacau\Proiecte_Cercetare\FurduI\FSM_Achizitie\emi_dataset_analysis_windows\data\20260821_100631\synchronized_measurements.csv,105,2026-08-21 07:59:31+00:00,571.0,89.4,-4.631,,unknown,,No metadata entry,True,True,True
20260821_100631,C:\Users\Sorin\OneDrive - Universitatea Vasile Alecsandri Bacau\Proiecte_Cercetare\FurduI\FSM_Achizitie\emi_dataset_analysis_windows\data\20260821_100631\synchronized_measurements.csv,106,2026-08-21 08:00:01+00:00,575.0,91.0,-4.624,,unknown,,No metadata entry,True,True,True
20260821_100631,C:\Users\Sorin\OneDrive - Universitatea Vasile Alecsandri Bacau\Proiecte_Cercetare\FurduI\FSM_Achizitie\emi_dataset_analysis_windows\data\20260821_100631\synchronized_measurements.csv,107,2026-08-21 08:00:31+00:00,575.0,90.6,-4.61,,unknown,,No metadata entry,True,True,True
20260821_100631,C:\Users\Sorin\OneDrive - Universitatea Vasile Alecsandri Bacau\Proiecte_Cercetare\FurduI\FSM_Achizitie\emi_dataset_analysis_windows\data\20260821_100631\synchronized_measurements.csv,108,2026-08-21 08:01:01+00:00,577.0,91.1,-4.598,,unknown,,No metadata entry,True,True,True
20260821_100631,C:\Users\Sorin\OneDrive - Universitatea Vasile Alecsandri Bacau\Proiecte_Cercetare\FurduI\FSM_Achizitie\emi_dataset_analysis_windows\data\20260821_100631\synchronized_measurements.csv,109,2026-08-21 08:01:31+00:00,580.0,91.7,-4.58,,unknown,,No metadata entry,True,True,True
20260821_100631,C:\Users\Sorin\OneDrive - Universitatea Vasile Alecsandri Bacau\Proiecte_Cercetare\FurduI\FSM_Achizitie\emi_dataset_analysis_windows\data\20260821_100631\synchronized_measurements.csv,110,2026-08-21 08:02:01+00:00,580.0,91.7,-4.568,,unknown,,No metadata entry,True,True,True
20260821_100631,C:\Users\Sorin\OneDrive - Universitatea Vasile Alecsandri Bacau\Proiecte_Cercetare\FurduI\FSM_Achizitie\emi_dataset_analysis_windows\data\20260821_100631\synchronized_measurements.csv,111,2026-08-21 08:02:31+00:00,582.0,91.8,-4.549,,unknown,,No metadata entry,True,True,True
20260821_100631,C:\Users\Sorin\OneDrive - Universitatea Vasile Alecsandri Bacau\Proiecte_Cercetare\FurduI\FSM_Achizitie\emi_dataset_analysis_windows\data\20260821_100631\synchronized_measurements.csv,112,2026-08-21 08:03:01+00:00,584.0,92.5,-4.539,,unknown,,No metadata entry,True,True,True
20260821_100631,C:\Users\Sorin\OneDrive - Universitatea Vasile Alecsandri Bacau\Proiecte_Cercetare\FurduI\FSM_Achizitie\emi_dataset_analysis_windows\data\20260821_100631\synchronized_measurements.csv,113,2026-08-21 08:03:31+00:00,585.0,92.6,-4.518,,unknown,,No metadata entry,True,True,True
20260821_100631,C:\Users\Sorin\OneDrive - Universitatea Vasile Alecsandri Bacau\Proiecte_Cercetare\FurduI\FSM_Achizitie\emi_dataset_analysis_windows\data\20260821_100631\synchronized_measurements.csv,114,2026-08-21 08:04:01+00:00,587.0,92.9,-4.502,,unknown,,No metadata entry,True,True,True
20260821_100631,C:\Users\Sorin\OneDrive - Universitatea Vasile Alecsandri Bacau\Proiecte_Cercetare\FurduI\FSM_Achizitie\emi_dataset_analysis_windows\data\20260821_100631\synchronized_measurements.csv,115,2026-08-21 08:04:31+00:00,590.0,93.1,-4.489,,unknown,,No metadata entry,True,True,True
20260821_100631,C:\Users\Sorin\OneDrive - Universitatea Vasile Alecsandri Bacau\Proiecte_Cercetare\FurduI\FSM_Achizitie\emi_dataset_analysis_windows\data\20260821_100631\synchronized_measurements.csv,116,2026-08-21 08:05:01+00:00,592.0,93.7,-4.476,,unknown,,No metadata entry,True,True,True
20260821_100631,C:\Users\Sorin\OneDrive - Universitatea Vasile Alecsandri Bacau\Proiecte_Cercetare\FurduI\FSM_Achizitie\emi_dataset_analysis_windows\data\20260821_100631\synchronized_measurements.csv,117,2026-08-21 08:05:31+00:00,593.0,93.8,-4.454,,unknown,,No metadata entry,True,True,True
20260821_100631,C:\Users\Sorin\OneDrive - Universitatea Vasile Alecsandri Bacau\Proiecte_Cercetare\FurduI\FSM_Achizitie\emi_dataset_analysis_windows\data\20260821_100631\synchronized_measurements.csv,118,2026-08-21 08:06:01+00:00,595.0,94.2,-4.441,,unknown,,No metadata entry,True,True,True
20260821_100631,C:\Users\Sorin\OneDrive - Universitatea Vasile Alecsandri Bacau\Proiecte_Cercetare\FurduI\FSM_Achizitie\emi_dataset_analysis_windows\data\20260821_100631\synchronized_measurements.csv,119,2026-08-21 08:06:31+00:00,593.0,93.8,-4.423,,unknown,,No metadata entry,True,True,True
20260821_100631,C:\Users\Sorin\OneDrive - Universitatea Vasile Alecsandri Bacau\Proiecte_Cercetare\FurduI\FSM_Achizitie\emi_dataset_analysis_windows\data\20260821_100631\synchronized_measurements.csv,120,2026-08-21 08:07:01+00:00,593.0,93.3,-4.418,,unknown,,No metadata entry,True,True,True
20260821_100631,C:\Users\Sorin\OneDrive - Universitatea Vasile Alecsandri Bacau\Proiecte_Cercetare\FurduI\FSM_Achizitie\emi_dataset_analysis_windows\data\20260821_100631\synchronized_measurements.csv,121,2026-08-21 08:07:31+00:00,591.0,93.8,-4.397,,unknown,,No metadata entry,True,True,True
20260821_100631,C:\Users\Sorin\OneDrive - Universitatea Vasile Alecsandri Bacau\Proiecte_Cercetare\FurduI\FSM_Achizitie\emi_dataset_analysis_windows\data\20260821_100631\synchronized_measurements.csv,122,2026-08-21 08:08:01+00:00,591.0,93.2,-4.381,,unknown,,No metadata entry,True,True,True
20260821_100631,C:\Users\Sorin\OneDrive - Universitatea Vasile Alecsandri Bacau\Proiecte_Cercetare\FurduI\FSM_Achizitie\emi_dataset_analysis_windows\data\20260821_100631\synchronized_measurements.csv,123,2026-08-21 08:08:31+00:00,591.0,93.1,-4.306,,unknown,,No metadata entry,True,True,True
20260821_100631,C:\Users\Sorin\OneDrive - Universitatea Vasile Alecsandri Bacau\Proiecte_Cercetare\FurduI\FSM_Achizitie\emi_dataset_analysis_windows\data\20260821_100631\synchronized_measurements.csv,124,2026-08-21 08:09:01+00:00,593.0,94.1,-4.105,,unknown,,No metadata entry,True,True,True
20260821_100631,C:\Users\Sorin\OneDrive - Universitatea Vasile Alecsandri Bacau\Proiecte_Cercetare\FurduI\FSM_Achizitie\emi_dataset_analysis_windows\data\20260821_100631\synchronized_measurements.csv,125,2026-08-21 08:09:32+00:00,592.0,93.3,4.663,,unknown,,No metadata entry,True,True,True
20260821_100631,C:\Users\Sorin\OneDrive - Universitatea Vasile Alecsandri Bacau\Proiecte_Cercetare\FurduI\FSM_Achizitie\emi_dataset_analysis_windows\data\20260821_100631\synchronized_measurements.csv,126,2026-08-21 08:10:02+00:00,592.0,93.2,4.68,,unknown,,No metadata entry,True,True,True
20260821_100631,C:\Users\Sorin\OneDrive - Universitatea Vasile Alecsandri Bacau\Proiecte_Cercetare\FurduI\FSM_Achizitie\emi_dataset_analysis_windows\data\20260821_100631\synchronized_measurements.csv,127,2026-08-21 08:10:32+00:00,598.0,94.4,4.698,,unknown,,No metadata entry,True,True,True
20260821_100631,C:\Users\Sorin\OneDrive - Universitatea Vasile Alecsandri Bacau\Proiecte_Cercetare\FurduI\FSM_Achizitie\emi_dataset_analysis_windows\data\20260821_100631\synchronized_measurements.csv,128,2026-08-21 08:11:02+00:00,597.0,94.1,4.706,,unknown,,No metadata entry,True,True,True
20260821_100631,C:\Users\Sorin\OneDrive - Universitatea Vasile Alecsandri Bacau\Proiecte_Cercetare\FurduI\FSM_Achizitie\emi_dataset_analysis_windows\data\20260821_100631\synchronized_measurements.csv,129,2026-08-21 08:11:32+00:00,598.0,94.2,4.723,,unknown,,No metadata entry,True,True,True
20260821_100631,C:\Users\Sorin\OneDrive - Universitatea Vasile Alecsandri Bacau\Proiecte_Cercetare\FurduI\FSM_Achizitie\emi_dataset_analysis_windows\data\20260821_100631\synchronized_measurements.csv,130,2026-08-21 08:12:02+00:00,601.0,94.6,4.733,,unknown,,No metadata entry,True,True,True
20260821_100631,C:\Users\Sorin\OneDrive - Universitatea Vasile Alecsandri Bacau\Proiecte_Cercetare\FurduI\FSM_Achizitie\emi_dataset_analysis_windows\data\20260821_100631\synchronized_measurements.csv,131,2026-08-21 08:12:32+00:00,599.0,94.5,4.75,,unknown,,No metadata entry,True,True,True
20260821_100631,C:\Users\Sorin\OneDrive - Universitatea Vasile Alecsandri Bacau\Proiecte_Cercetare\FurduI\FSM_Achizitie\emi_dataset_analysis_windows\data\20260821_100631\synchronized_measurements.csv,132,2026-08-21 08:13:02+00:00,593.0,93.2,4.762,,unknown,,No metadata entry,True,True,True
20260821_100631,C:\Users\Sorin\OneDrive - Universitatea Vasile Alecsandri Bacau\Proiecte_Cercetare\FurduI\FSM_Achizitie\emi_dataset_analysis_windows\data\20260821_100631\synchronized_measurements.csv,133,2026-08-21 08:13:32+00:00,597.0,93.8,4.763,,unknown,,No metadata entry,True,True,True
20260821_100631,C:\Users\Sorin\OneDrive - Universitatea Vasile Alecsandri Bacau\Proiecte_Cercetare\FurduI\FSM_Achizitie\emi_dataset_analysis_windows\data\20260821_100631\synchronized_measurements.csv,134,2026-08-21 08:14:02+00:00,594.0,93.4,4.773,,unknown,,No metadata entry,True,True,True
20260821_100631,C:\Users\Sorin\OneDrive - Universitatea Vasile Alecsandri Bacau\Proiecte_Cercetare\FurduI\FSM_Achizitie\emi_dataset_analysis_windows\data\20260821_100631\synchronized_measurements.csv,135,2026-08-21 08:14:32+00:00,597.0,93.8,4.789,,unknown,,No metadata entry,True,True,True
20260821_100631,C:\Users\Sorin\OneDrive - Universitatea Vasile Alecsandri Bacau\Proiecte_Cercetare\FurduI\FSM_Achizitie\emi_dataset_analysis_windows\data\20260821_100631\synchronized_measurements.csv,136,2026-08-21 08:15:02+00:00,600.0,94.3,4.802,,unknown,,No metadata entry,True,True,True
20260821_100631,C:\Users\Sorin\OneDrive - Universitatea Vasile Alecsandri Bacau\Proiecte_Cercetare\FurduI\FSM_Achizitie\emi_dataset_analysis_windows\data\20260821_100631\synchronized_measurements.csv,137,2026-08-21 08:15:32+00:00,599.0,94.0,4.818,,unknown,,No metadata entry,True,True,True
20260821_100631,C:\Users\Sorin\OneDrive - Universitatea Vasile Alecsandri Bacau\Proiecte_Cercetare\FurduI\FSM_Achizitie\emi_dataset_analysis_windows\data\20260821_100631\synchronized_measurements.csv,138,2026-08-21 08:16:02+00:00,598.0,93.8,4.834,,unknown,,No metadata entry,True,True,True
20260821_100631,C:\Users\Sorin\OneDrive - Universitatea Vasile Alecsandri Bacau\Proiecte_Cercetare\FurduI\FSM_Achizitie\emi_dataset_analysis_windows\data\20260821_100631\synchronized_measurements.csv,139,2026-08-21 08:16:32+00:00,596.0,93.2,4.852,,unknown,,No metadata entry,True,True,True
20260821_100631,C:\Users\Sorin\OneDrive - Universitatea Vasile Alecsandri Bacau\Proiecte_Cercetare\FurduI\FSM_Achizitie\emi_dataset_analysis_windows\data\20260821_100631\synchronized_measurements.csv,140,2026-08-21 08:17:02+00:00,593.0,92.8,4.869,,unknown,,No metadata entry,True,True,True
20260821_100631,C:\Users\Sorin\OneDrive - Universitatea Vasile Alecsandri Bacau\Proiecte_Cercetare\FurduI\FSM_Achizitie\emi_dataset_analysis_windows\data\20260821_100631\synchronized_measurements.csv,141,2026-08-21 08:17:32+00:00,589.0,92.0,4.885,,unknown,,No metadata entry,True,True,True
20260821_100631,C:\Users\Sorin\OneDrive - Universitatea Vasile Alecsandri Bacau\Proiecte_Cercetare\FurduI\FSM_Achizitie\emi_dataset_analysis_windows\data\20260821_100631\synchronized_measurements.csv,142,2026-08-21 08:18:02+00:00,587.0,91.4,4.902,,unknown,,No metadata entry,True,True,True
20260821_100631,C:\Users\Sorin\OneDrive - Universitatea Vasile Alecsandri Bacau\Proiecte_Cercetare\FurduI\FSM_Achizitie\emi_dataset_analysis_windows\data\20260821_100631\synchronized_measurements.csv,143,2026-08-21 08:18:32+00:00,583.0,90.8,4.915,,unknown,,No metadata entry,True,True,True
20260821_100631,C:\Users\Sorin\OneDrive - Universitatea Vasile Alecsandri Bacau\Proiecte_Cercetare\FurduI\FSM_Achizitie\emi_dataset_analysis_windows\data\20260821_100631\synchronized_measurements.csv,144,2026-08-21 08:19:02+00:00,579.0,90.1,4.925,,unknown,,No metadata entry,True,True,True
20260821_115655,C:\Users\Sorin\OneDrive - Universitatea Vasile Alecsandri Bacau\Proiecte_Cercetare\FurduI\FSM_Achizitie\emi_dataset_analysis_windows\data\20260821_115655\synchronized_measurements.csv,2,2026-08-21 08:56:55+00:00,662.0,103.9,3.117,,unknown,,No metadata entry,True,True,True
20260821_115655,C:\Users\Sorin\OneDrive - Universitatea Vasile Alecsandri Bacau\Proiecte_Cercetare\FurduI\FSM_Achizitie\emi_dataset_analysis_windows\data\20260821_115655\synchronized_measurements.csv,3,2026-08-21 08:57:25+00:00,663.0,103.8,3.135,,unknown,,No metadata entry,True,True,True
20260821_115655,C:\Users\Sorin\OneDrive - Universitatea Vasile Alecsandri Bacau\Proiecte_Cercetare\FurduI\FSM_Achizitie\emi_dataset_analysis_windows\data\20260821_115655\synchronized_measurements.csv,4,2026-08-21 08:57:55+00:00,661.0,103.6,3.152,,unknown,,No metadata entry,True,True,True
20260821_115655,C:\Users\Sorin\OneDrive - Universitatea Vasile Alecsandri Bacau\Proiecte_Cercetare\FurduI\FSM_Achizitie\emi_dataset_analysis_windows\data\20260821_115655\synchronized_measurements.csv,5,2026-08-21 08:58:25+00:00,660.0,103.3,3.165,,unknown,,No metadata entry,True,True,True
20260821_115655,C:\Users\Sorin\OneDrive - Universitatea Vasile Alecsandri Bacau\Proiecte_Cercetare\FurduI\FSM_Achizitie\emi_dataset_analysis_windows\data\20260821_115655\synchronized_measurements.csv,6,2026-08-21 08:58:55+00:00,661.0,103.4,3.175,,unknown,,No metadata entry,True,True,True
20260821_115655,C:\Users\Sorin\OneDrive - Universitatea Vasile Alecsandri Bacau\Proiecte_Cercetare\FurduI\FSM_Achizitie\emi_dataset_analysis_windows\data\20260821_115655\synchronized_measurements.csv,7,2026-08-21 08:59:25+00:00,664.0,103.8,3.196,,unknown,,No metadata entry,True,True,True
20260821_115655,C:\Users\Sorin\OneDrive - Universitatea Vasile Alecsandri Bacau\Proiecte_Cercetare\FurduI\FSM_Achizitie\emi_dataset_analysis_windows\data\20260821_115655\synchronized_measurements.csv,8,2026-08-21 08:59:55+00:00,658.0,102.8,3.215,,unknown,,No metadata entry,True,True,True
20260821_115655,C:\Users\Sorin\OneDrive - Universitatea Vasile Alecsandri Bacau\Proiecte_Cercetare\FurduI\FSM_Achizitie\emi_dataset_analysis_windows\data\20260821_115655\synchronized_measurements.csv,9,2026-08-21 09:00:25+00:00,659.0,102.7,3.234,,unknown,,No metadata entry,True,True,True
20260821_115655,C:\Users\Sorin\OneDrive - Universitatea Vasile Alecsandri Bacau\Proiecte_Cercetare\FurduI\FSM_Achizitie\emi_dataset_analysis_windows\data\20260821_115655\synchronized_measurements.csv,10,2026-08-21 09:00:55+00:00,659.0,102.8,3.251,,unknown,,No metadata entry,True,True,True
20260821_115655,C:\Users\Sorin\OneDrive - Universitatea Vasile Alecsandri Bacau\Proiecte_Cercetare\FurduI\FSM_Achizitie\emi_dataset_analysis_windows\data\20260821_115655\synchronized_measurements.csv,11,2026-08-21 09:01:25+00:00,660.0,102.9,3.264,,unknown,,No metadata entry,True,True,True
20260821_115655,C:\Users\Sorin\OneDrive - Universitatea Vasile Alecsandri Bacau\Proiecte_Cercetare\FurduI\FSM_Achizitie\emi_dataset_analysis_windows\data\20260821_115655\synchronized_measurements.csv,12,2026-08-21 09:01:55+00:00,661.0,103.1,3.275,,unknown,,No metadata entry,True,True,True
20260821_115655,C:\Users\Sorin\OneDrive - Universitatea Vasile Alecsandri Bacau\Proiecte_Cercetare\FurduI\FSM_Achizitie\emi_dataset_analysis_windows\data\20260821_115655\synchronized_measurements.csv,13,2026-08-21 09:02:25+00:00,663.0,103.4,3.443,,unknown,,No metadata entry,True,True,True
20260821_115655,C:\Users\Sorin\OneDrive - Universitatea Vasile Alecsandri Bacau\Proiecte_Cercetare\FurduI\FSM_Achizitie\emi_dataset_analysis_windows\data\20260821_115655\synchronized_measurements.csv,14,2026-08-21 09:02:55+00:00,663.0,103.5,3.312,,unknown,,No metadata entry,True,True,True
20260821_115655,C:\Users\Sorin\OneDrive - Universitatea Vasile Alecsandri Bacau\Proiecte_Cercetare\FurduI\FSM_Achizitie\emi_dataset_analysis_windows\data\20260821_115655\synchronized_measurements.csv,15,2026-08-21 09:03:25+00:00,663.0,103.4,3.333,,unknown,,No metadata entry,True,True,True
20260821_115655,C:\Users\Sorin\OneDrive - Universitatea Vasile Alecsandri Bacau\Proiecte_Cercetare\FurduI\FSM_Achizitie\emi_dataset_analysis_windows\data\20260821_115655\synchronized_measurements.csv,16,2026-08-21 09:03:55+00:00,665.0,103.8,3.352,,unknown,,No metadata entry,True,True,True
20260821_115655,C:\Users\Sorin\OneDrive - Universitatea Vasile Alecsandri Bacau\Proiecte_Cercetare\FurduI\FSM_Achizitie\emi_dataset_analysis_windows\data\20260821_115655\synchronized_measurements.csv,17,2026-08-21 09:04:25+00:00,669.0,104.6,3.368,,unknown,,No metadata entry,True,True,True
20260821_115655,C:\Users\Sorin\OneDrive - Universitatea Vasile Alecsandri Bacau\Proiecte_Cercetare\FurduI\FSM_Achizitie\emi_dataset_analysis_windows\data\20260821_115655\synchronized_measurements.csv,18,2026-08-21 09:04:55+00:00,667.0,104.1,3.386,,unknown,,No metadata entry,True,True,True
20260821_115655,C:\Users\Sorin\OneDrive - Universitatea Vasile Alecsandri Bacau\Proiecte_Cercetare\FurduI\FSM_Achizitie\emi_dataset_analysis_windows\data\20260821_115655\synchronized_measurements.csv,19,2026-08-21 09:05:25+00:00,664.0,103.6,3.405,,unknown,,No metadata entry,True,True,True
20260821_115655,C:\Users\Sorin\OneDrive - Universitatea Vasile Alecsandri Bacau\Proiecte_Cercetare\FurduI\FSM_Achizitie\emi_dataset_analysis_windows\data\20260821_115655\synchronized_measurements.csv,20,2026-08-21 09:05:55+00:00,664.0,103.5,3.415,,unknown,,No metadata entry,True,True,True
20260821_115655,C:\Users\Sorin\OneDrive - Universitatea Vasile Alecsandri Bacau\Proiecte_Cercetare\FurduI\FSM_Achizitie\emi_dataset_analysis_windows\data\20260821_115655\synchronized_measurements.csv,21,2026-08-21 09:06:25+00:00,666.0,103.9,3.435,,unknown,,No metadata entry,True,True,True
20260821_115655,C:\Users\Sorin\OneDrive - Universitatea Vasile Alecsandri Bacau\Proiecte_Cercetare\FurduI\FSM_Achizitie\emi_dataset_analysis_windows\data\20260821_115655\synchronized_measurements.csv,22,2026-08-21 09:06:55+00:00,671.0,105.0,3.448,,unknown,,No metadata entry,True,True,True
20260821_115655,C:\Users\Sorin\OneDrive - Universitatea Vasile Alecsandri Bacau\Proiecte_Cercetare\FurduI\FSM_Achizitie\emi_dataset_analysis_windows\data\20260821_115655\synchronized_measurements.csv,23,2026-08-21 09:07:25+00:00,673.0,105.3,3.463,,unknown,,No metadata entry,True,True,True
20260821_115655,C:\Users\Sorin\OneDrive - Universitatea Vasile Alecsandri Bacau\Proiecte_Cercetare\FurduI\FSM_Achizitie\emi_dataset_analysis_windows\data\20260821_115655\synchronized_measurements.csv,24,2026-08-21 09:07:55+00:00,677.0,105.8,3.48,,unknown,,No metadata entry,True,True,True
20260821_115655,C:\Users\Sorin\OneDrive - Universitatea Vasile Alecsandri Bacau\Proiecte_Cercetare\FurduI\FSM_Achizitie\emi_dataset_analysis_windows\data\20260821_115655\synchronized_measurements.csv,25,2026-08-21 09:08:25+00:00,677.0,105.7,3.499,,unknown,,No metadata entry,True,True,True
20260821_115655,C:\Users\Sorin\OneDrive - Universitatea Vasile Alecsandri Bacau\Proiecte_Cercetare\FurduI\FSM_Achizitie\emi_dataset_analysis_windows\data\20260821_115655\synchronized_measurements.csv,26,2026-08-21 09:08:55+00:00,674.0,105.3,3.516,,unknown,,No metadata entry,True,True,True
20260821_115655,C:\Users\Sorin\OneDrive - Universitatea Vasile Alecsandri Bacau\Proiecte_Cercetare\FurduI\FSM_Achizitie\emi_dataset_analysis_windows\data\20260821_115655\synchronized_measurements.csv,27,2026-08-21 09:09:25+00:00,674.0,105.1,3.531,,unknown,,No metadata entry,True,True,True
20260821_115655,C:\Users\Sorin\OneDrive - Universitatea Vasile Alecsandri Bacau\Proiecte_Cercetare\FurduI\FSM_Achizitie\emi_dataset_analysis_windows\data\20260821_115655\synchronized_measurements.csv,28,2026-08-21 09:09:55+00:00,670.0,104.6,3.539,,unknown,,No metadata entry,True,True,True
20260821_115655,C:\Users\Sorin\OneDrive - Universitatea Vasile Alecsandri Bacau\Proiecte_Cercetare\FurduI\FSM_Achizitie\emi_dataset_analysis_windows\data\20260821_115655\synchronized_measurements.csv,29,2026-08-21 09:10:25+00:00,669.0,104.3,3.56,,unknown,,No metadata entry,True,True,True
20260821_115655,C:\Users\Sorin\OneDrive - Universitatea Vasile Alecsandri Bacau\Proiecte_Cercetare\FurduI\FSM_Achizitie\emi_dataset_analysis_windows\data\20260821_115655\synchronized_measurements.csv,30,2026-08-21 09:10:55+00:00,670.0,104.4,3.567,,unknown,,No metadata entry,True,True,True
20260821_115655,C:\Users\Sorin\OneDrive - Universitatea Vasile Alecsandri Bacau\Proiecte_Cercetare\FurduI\FSM_Achizitie\emi_dataset_analysis_windows\data\20260821_115655\synchronized_measurements.csv,31,2026-08-21 09:11:25+00:00,668.0,104.2,3.586,,unknown,,No metadata entry,True,True,True
20260821_115655,C:\Users\Sorin\OneDrive - Universitatea Vasile Alecsandri Bacau\Proiecte_Cercetare\FurduI\FSM_Achizitie\emi_dataset_analysis_windows\data\20260821_115655\synchronized_measurements.csv,32,2026-08-21 09:11:55+00:00,669.0,104.1,3.605,,unknown,,No metadata entry,True,True,True
20260821_115655,C:\Users\Sorin\OneDrive - Universitatea Vasile Alecsandri Bacau\Proiecte_Cercetare\FurduI\FSM_Achizitie\emi_dataset_analysis_windows\data\20260821_115655\synchronized_measurements.csv,33,2026-08-21 09:12:25+00:00,672.0,104.6,3.618,,unknown,,No metadata entry,True,True,True
20260821_115655,C:\Users\Sorin\OneDrive - Universitatea Vasile Alecsandri Bacau\Proiecte_Cercetare\FurduI\FSM_Achizitie\emi_dataset_analysis_windows\data\20260821_115655\synchronized_measurements.csv,34,2026-08-21 09:12:55+00:00,671.0,104.6,3.637,,unknown,,No metadata entry,True,True,True
20260821_115655,C:\Users\Sorin\OneDrive - Universitatea Vasile Alecsandri Bacau\Proiecte_Cercetare\FurduI\FSM_Achizitie\emi_dataset_analysis_windows\data\20260821_115655\synchronized_measurements.csv,35,2026-08-21 09:13:25+00:00,672.0,104.8,3.654,,unknown,,No metadata entry,True,True,True
20260821_115655,C:\Users\Sorin\OneDrive - Universitatea Vasile Alecsandri Bacau\Proiecte_Cercetare\FurduI\FSM_Achizitie\emi_dataset_analysis_windows\data\20260821_115655\synchronized_measurements.csv,36,2026-08-21 09:13:55+00:00,672.0,104.8,3.673,,unknown,,No metadata entry,True,True,True
20260821_115655,C:\Users\Sorin\OneDrive - Universitatea Vasile Alecsandri Bacau\Proiecte_Cercetare\FurduI\FSM_Achizitie\emi_dataset_analysis_windows\data\20260821_115655\synchronized_measurements.csv,37,2026-08-21 09:14:25+00:00,672.0,104.8,3.689,,unknown,,No metadata entry,True,True,True
20260821_115655,C:\Users\Sorin\OneDrive - Universitatea Vasile Alecsandri Bacau\Proiecte_Cercetare\FurduI\FSM_Achizitie\emi_dataset_analysis_windows\data\20260821_115655\synchronized_measurements.csv,38,2026-08-21 09:14:55+00:00,670.0,104.6,3.7,,unknown,,No metadata entry,True,True,True
20260821_115655,C:\Users\Sorin\OneDrive - Universitatea Vasile Alecsandri Bacau\Proiecte_Cercetare\FurduI\FSM_Achizitie\emi_dataset_analysis_windows\data\20260821_115655\synchronized_measurements.csv,39,2026-08-21 09:15:25+00:00,672.0,104.8,3.718,,unknown,,No metadata entry,True,True,True
20260821_115655,C:\Users\Sorin\OneDrive - Universitatea Vasile Alecsandri Bacau\Proiecte_Cercetare\FurduI\FSM_Achizitie\emi_dataset_analysis_windows\data\20260821_115655\synchronized_measurements.csv,40,2026-08-21 09:15:55+00:00,674.0,105.1,3.908,,unknown,,No metadata entry,True,True,True
20260821_115655,C:\Users\Sorin\OneDrive - Universitatea Vasile Alecsandri Bacau\Proiecte_Cercetare\FurduI\FSM_Achizitie\emi_dataset_analysis_windows\data\20260821_115655\synchronized_measurements.csv,41,2026-08-21 09:16:25+00:00,676.0,105.5,3.742,,unknown,,No metadata entry,True,True,True
20260821_115655,C:\Users\Sorin\OneDrive - Universitatea Vasile Alecsandri Bacau\Proiecte_Cercetare\FurduI\FSM_Achizitie\emi_dataset_analysis_windows\data\20260821_115655\synchronized_measurements.csv,42,2026-08-21 09:16:55+00:00,676.0,105.4,3.743,,unknown,,No metadata entry,True,True,True
20260821_115655,C:\Users\Sorin\OneDrive - Universitatea Vasile Alecsandri Bacau\Proiecte_Cercetare\FurduI\FSM_Achizitie\emi_dataset_analysis_windows\data\20260821_115655\synchronized_measurements.csv,43,2026-08-21 09:17:25+00:00,678.0,105.5,3.756,,unknown,,No metadata entry,True,True,True
20260821_115655,C:\Users\Sorin\OneDrive - Universitatea Vasile Alecsandri Bacau\Proiecte_Cercetare\FurduI\FSM_Achizitie\emi_dataset_analysis_windows\data\20260821_115655\synchronized_measurements.csv,44,2026-08-21 09:17:55+00:00,676.0,105.2,3.764,,unknown,,No metadata entry,True,True,True
20260821_115655,C:\Users\Sorin\OneDrive - Universitatea Vasile Alecsandri Bacau\Proiecte_Cercetare\FurduI\FSM_Achizitie\emi_dataset_analysis_windows\data\20260821_115655\synchronized_measurements.csv,45,2026-08-21 09:18:25+00:00,677.0,105.6,3.776,,unknown,,No metadata entry,True,True,True
20260821_115655,C:\Users\Sorin\OneDrive - Universitatea Vasile Alecsandri Bacau\Proiecte_Cercetare\FurduI\FSM_Achizitie\emi_dataset_analysis_windows\data\20260821_115655\synchronized_measurements.csv,46,2026-08-21 09:18:55+00:00,676.0,105.2,3.785,,unknown,,No metadata entry,True,True,True
20260821_115655,C:\Users\Sorin\OneDrive - Universitatea Vasile Alecsandri Bacau\Proiecte_Cercetare\FurduI\FSM_Achizitie\emi_dataset_analysis_windows\data\20260821_115655\synchronized_measurements.csv,47,2026-08-21 09:19:25+00:00,675.0,104.8,3.798,,unknown,,No metadata entry,True,True,True
20260821_115655,C:\Users\Sorin\OneDrive - Universitatea Vasile Alecsandri Bacau\Proiecte_Cercetare\FurduI\FSM_Achizitie\emi_dataset_analysis_windows\data\20260821_115655\synchronized_measurements.csv,48,2026-08-21 09:19:55+00:00,673.0,104.8,3.799,,unknown,,No metadata entry,True,True,True
20260821_115655,C:\Users\Sorin\OneDrive - Universitatea Vasile Alecsandri Bacau\Proiecte_Cercetare\FurduI\FSM_Achizitie\emi_dataset_analysis_windows\data\20260821_115655\synchronized_measurements.csv,49,2026-08-21 09:20:25+00:00,675.0,105.1,3.814,,unknown,,No metadata entry,True,True,True
20260821_115655,C:\Users\Sorin\OneDrive - Universitatea Vasile Alecsandri Bacau\Proiecte_Cercetare\FurduI\FSM_Achizitie\emi_dataset_analysis_windows\data\20260821_115655\synchronized_measurements.csv,50,2026-08-21 09:20:55+00:00,676.0,105.2,3.826,,unknown,,No metadata entry,True,True,True
20260821_115655,C:\Users\Sorin\OneDrive - Universitatea Vasile Alecsandri Bacau\Proiecte_Cercetare\FurduI\FSM_Achizitie\emi_dataset_analysis_windows\data\20260821_115655\synchronized_measurements.csv,51,2026-08-21 09:21:25+00:00,676.0,105.1,3.838,,unknown,,No metadata entry,True,True,True
20260821_115655,C:\Users\Sorin\OneDrive - Universitatea Vasile Alecsandri Bacau\Proiecte_Cercetare\FurduI\FSM_Achizitie\emi_dataset_analysis_windows\data\20260821_115655\synchronized_measurements.csv,52,2026-08-21 09:21:55+00:00,678.0,105.6,3.848,,unknown,,No metadata entry,True,True,True
20260821_115655,C:\Users\Sorin\OneDrive - Universitatea Vasile Alecsandri Bacau\Proiecte_Cercetare\FurduI\FSM_Achizitie\emi_dataset_analysis_windows\data\20260821_115655\synchronized_measurements.csv,53,2026-08-21 09:22:25+00:00,677.0,105.4,3.86,,unknown,,No metadata entry,True,True,True
20260821_115655,C:\Users\Sorin\OneDrive - Universitatea Vasile Alecsandri Bacau\Proiecte_Cercetare\FurduI\FSM_Achizitie\emi_dataset_analysis_windows\data\20260821_115655\synchronized_measurements.csv,54,2026-08-21 09:22:55+00:00,678.0,105.5,3.864,,unknown,,No metadata entry,True,True,True
20260821_115655,C:\Users\Sorin\OneDrive - Universitatea Vasile Alecsandri Bacau\Proiecte_Cercetare\FurduI\FSM_Achizitie\emi_dataset_analysis_windows\data\20260821_115655\synchronized_measurements.csv,55,2026-08-21 09:23:25+00:00,677.0,105.1,3.876,,unknown,,No metadata entry,True,True,True
20260821_115655,C:\Users\Sorin\OneDrive - Universitatea Vasile Alecsandri Bacau\Proiecte_Cercetare\FurduI\FSM_Achizitie\emi_dataset_analysis_windows\data\20260821_115655\synchronized_measurements.csv,56,2026-08-21 09:23:55+00:00,679.0,105.6,3.885,,unknown,,No metadata entry,True,True,True
20260821_115655,C:\Users\Sorin\OneDrive - Universitatea Vasile Alecsandri Bacau\Proiecte_Cercetare\FurduI\FSM_Achizitie\emi_dataset_analysis_windows\data\20260821_115655\synchronized_measurements.csv,57,2026-08-21 09:24:25+00:00,678.0,105.5,3.899,,unknown,,No metadata entry,True,True,True
20260821_115655,C:\Users\Sorin\OneDrive - Universitatea Vasile Alecsandri Bacau\Proiecte_Cercetare\FurduI\FSM_Achizitie\emi_dataset_analysis_windows\data\20260821_115655\synchronized_measurements.csv,58,2026-08-21 09:24:55+00:00,682.0,106.3,3.906,,unknown,,No metadata entry,True,True,True
20260821_115655,C:\Users\Sorin\OneDrive - Universitatea Vasile Alecsandri Bacau\Proiecte_Cercetare\FurduI\FSM_Achizitie\emi_dataset_analysis_windows\data\20260821_115655\synchronized_measurements.csv,59,2026-08-21 09:25:25+00:00,683.0,106.6,3.917,,unknown,,No metadata entry,True,True,True
20260821_115655,C:\Users\Sorin\OneDrive - Universitatea Vasile Alecsandri Bacau\Proiecte_Cercetare\FurduI\FSM_Achizitie\emi_dataset_analysis_windows\data\20260821_115655\synchronized_measurements.csv,60,2026-08-21 09:25:55+00:00,684.0,106.6,3.927,,unknown,,No metadata entry,True,True,True
20260821_115655,C:\Users\Sorin\OneDrive - Universitatea Vasile Alecsandri Bacau\Proiecte_Cercetare\FurduI\FSM_Achizitie\emi_dataset_analysis_windows\data\20260821_115655\synchronized_measurements.csv,61,2026-08-21 09:26:25+00:00,683.0,106.8,3.938,,unknown,,No metadata entry,True,True,True
20260821_115655,C:\Users\Sorin\OneDrive - Universitatea Vasile Alecsandri Bacau\Proiecte_Cercetare\FurduI\FSM_Achizitie\emi_dataset_analysis_windows\data\20260821_115655\synchronized_measurements.csv,62,2026-08-21 09:26:55+00:00,688.0,107.3,3.944,,unknown,,No metadata entry,True,True,True
20260821_115655,C:\Users\Sorin\OneDrive - Universitatea Vasile Alecsandri Bacau\Proiecte_Cercetare\FurduI\FSM_Achizitie\emi_dataset_analysis_windows\data\20260821_115655\synchronized_measurements.csv,63,2026-08-21 09:27:25+00:00,689.0,107.8,3.955,,unknown,,No metadata entry,True,True,True
20260821_115655,C:\Users\Sorin\OneDrive - Universitatea Vasile Alecsandri Bacau\Proiecte_Cercetare\FurduI\FSM_Achizitie\emi_dataset_analysis_windows\data\20260821_115655\synchronized_measurements.csv,64,2026-08-21 09:27:55+00:00,692.0,108.0,3.957,,unknown,,No metadata entry,True,True,True
20260821_115655,C:\Users\Sorin\OneDrive - Universitatea Vasile Alecsandri Bacau\Proiecte_Cercetare\FurduI\FSM_Achizitie\emi_dataset_analysis_windows\data\20260821_115655\synchronized_measurements.csv,65,2026-08-21 09:28:25+00:00,689.0,107.6,3.969,,unknown,,No metadata entry,True,True,True
20260821_115655,C:\Users\Sorin\OneDrive - Universitatea Vasile Alecsandri Bacau\Proiecte_Cercetare\FurduI\FSM_Achizitie\emi_dataset_analysis_windows\data\20260821_115655\synchronized_measurements.csv,66,2026-08-21 09:28:55+00:00,693.0,108.3,4.157,,unknown,,No metadata entry,True,True,True
20260821_115655,C:\Users\Sorin\OneDrive - Universitatea Vasile Alecsandri Bacau\Proiecte_Cercetare\FurduI\FSM_Achizitie\emi_dataset_analysis_windows\data\20260821_115655\synchronized_measurements.csv,67,2026-08-21 09:29:25+00:00,695.0,108.8,3.983,,unknown,,No metadata entry,True,True,True
20260821_115655,C:\Users\Sorin\OneDrive - Universitatea Vasile Alecsandri Bacau\Proiecte_Cercetare\FurduI\FSM_Achizitie\emi_dataset_analysis_windows\data\20260821_115655\synchronized_measurements.csv,68,2026-08-21 09:29:55+00:00,694.0,108.8,3.993,,unknown,,No metadata entry,True,True,True
20260821_115655,C:\Users\Sorin\OneDrive - Universitatea Vasile Alecsandri Bacau\Proiecte_Cercetare\FurduI\FSM_Achizitie\emi_dataset_analysis_windows\data\20260821_115655\synchronized_measurements.csv,69,2026-08-21 09:30:25+00:00,693.0,108.6,4.005,,unknown,,No metadata entry,True,True,True
20260821_115655,C:\Users\Sorin\OneDrive - Universitatea Vasile Alecsandri Bacau\Proiecte_Cercetare\FurduI\FSM_Achizitie\emi_dataset_analysis_windows\data\20260821_115655\synchronized_measurements.csv,70,2026-08-21 09:30:55+00:00,695.0,109.0,4.015,,unknown,,No metadata entry,True,True,True
20260821_115655,C:\Users\Sorin\OneDrive - Universitatea Vasile Alecsandri Bacau\Proiecte_Cercetare\FurduI\FSM_Achizitie\emi_dataset_analysis_windows\data\20260821_115655\synchronized_measurements.csv,71,2026-08-21 09:31:55+00:00,702.0,110.3,4.037,,unknown,,No metadata entry,True,True,True
20260821_115655,C:\Users\Sorin\OneDrive - Universitatea Vasile Alecsandri Bacau\Proiecte_Cercetare\FurduI\FSM_Achizitie\emi_dataset_analysis_windows\data\20260821_115655\synchronized_measurements.csv,72,2026-08-21 09:32:25+00:00,699.0,109.7,4.049,,unknown,,No metadata entry,True,True,True
20260821_115655,C:\Users\Sorin\OneDrive - Universitatea Vasile Alecsandri Bacau\Proiecte_Cercetare\FurduI\FSM_Achizitie\emi_dataset_analysis_windows\data\20260821_115655\synchronized_measurements.csv,73,2026-08-21 09:32:55+00:00,698.0,109.3,4.053,,unknown,,No metadata entry,True,True,True
20260821_115655,C:\Users\Sorin\OneDrive - Universitatea Vasile Alecsandri Bacau\Proiecte_Cercetare\FurduI\FSM_Achizitie\emi_dataset_analysis_windows\data\20260821_115655\synchronized_measurements.csv,74,2026-08-21 09:33:25+00:00,695.0,108.8,4.065,,unknown,,No metadata entry,True,True,True
20260821_115655,C:\Users\Sorin\OneDrive - Universitatea Vasile Alecsandri Bacau\Proiecte_Cercetare\FurduI\FSM_Achizitie\emi_dataset_analysis_windows\data\20260821_115655\synchronized_measurements.csv,75,2026-08-21 09:33:55+00:00,691.0,108.1,4.079,,unknown,,No metadata entry,True,True,True
20260821_115655,C:\Users\Sorin\OneDrive - Universitatea Vasile Alecsandri Bacau\Proiecte_Cercetare\FurduI\FSM_Achizitie\emi_dataset_analysis_windows\data\20260821_115655\synchronized_measurements.csv,76,2026-08-21 09:34:25+00:00,697.0,109.1,4.088,,unknown,,No metadata entry,True,True,True
20260821_115655,C:\Users\Sorin\OneDrive - Universitatea Vasile Alecsandri Bacau\Proiecte_Cercetare\FurduI\FSM_Achizitie\emi_dataset_analysis_windows\data\20260821_115655\synchronized_measurements.csv,77,2026-08-21 09:34:55+00:00,698.0,109.4,4.102,,unknown,,No metadata entry,True,True,True
20260821_115655,C:\Users\Sorin\OneDrive - Universitatea Vasile Alecsandri Bacau\Proiecte_Cercetare\FurduI\FSM_Achizitie\emi_dataset_analysis_windows\data\20260821_115655\synchronized_measurements.csv,78,2026-08-21 09:35:25+00:00,699.0,109.6,4.118,,unknown,,No metadata entry,True,True,True
20260821_115655,C:\Users\Sorin\OneDrive - Universitatea Vasile Alecsandri Bacau\Proiecte_Cercetare\FurduI\FSM_Achizitie\emi_dataset_analysis_windows\data\20260821_115655\synchronized_measurements.csv,79,2026-08-21 09:35:55+00:00,693.0,108.5,4.126,,unknown,,No metadata entry,True,True,True
20260821_115655,C:\Users\Sorin\OneDrive - Universitatea Vasile Alecsandri Bacau\Proiecte_Cercetare\FurduI\FSM_Achizitie\emi_dataset_analysis_windows\data\20260821_115655\synchronized_measurements.csv,80,2026-08-21 09:36:25+00:00,690.0,107.7,4.142,,unknown,,No metadata entry,True,True,True
20260821_115655,C:\Users\Sorin\OneDrive - Universitatea Vasile Alecsandri Bacau\Proiecte_Cercetare\FurduI\FSM_Achizitie\emi_dataset_analysis_windows\data\20260821_115655\synchronized_measurements.csv,81,2026-08-21 09:36:55+00:00,684.0,106.7,4.154,,unknown,,No metadata entry,True,True,True
20260821_115655,C:\Users\Sorin\OneDrive - Universitatea Vasile Alecsandri Bacau\Proiecte_Cercetare\FurduI\FSM_Achizitie\emi_dataset_analysis_windows\data\20260821_115655\synchronized_measurements.csv,82,2026-08-21 09:37:25+00:00,687.0,107.5,4.181,,unknown,,No metadata entry,True,True,True
20260821_115655,C:\Users\Sorin\OneDrive - Universitatea Vasile Alecsandri Bacau\Proiecte_Cercetare\FurduI\FSM_Achizitie\emi_dataset_analysis_windows\data\20260821_115655\synchronized_measurements.csv,83,2026-08-21 09:37:55+00:00,688.0,107.4,4.17,,unknown,,No metadata entry,True,True,True
20260821_115655,C:\Users\Sorin\OneDrive - Universitatea Vasile Alecsandri Bacau\Proiecte_Cercetare\FurduI\FSM_Achizitie\emi_dataset_analysis_windows\data\20260821_115655\synchronized_measurements.csv,84,2026-08-21 09:38:25+00:00,687.0,107.0,4.179,,unknown,,No metadata entry,True,True,True
20260821_115655,C:\Users\Sorin\OneDrive - Universitatea Vasile Alecsandri Bacau\Proiecte_Cercetare\FurduI\FSM_Achizitie\emi_dataset_analysis_windows\data\20260821_115655\synchronized_measurements.csv,85,2026-08-21 09:39:25+00:00,684.0,106.6,4.2,,unknown,,No metadata entry,True,True,True
20260821_115655,C:\Users\Sorin\OneDrive - Universitatea Vasile Alecsandri Bacau\Proiecte_Cercetare\FurduI\FSM_Achizitie\emi_dataset_analysis_windows\data\20260821_115655\synchronized_measurements.csv,86,2026-08-21 09:39:55+00:00,686.0,107.1,4.219,,unknown,,No metadata entry,True,True,True
20260821_115655,C:\Users\Sorin\OneDrive - Universitatea Vasile Alecsandri Bacau\Proiecte_Cercetare\FurduI\FSM_Achizitie\emi_dataset_analysis_windows\data\20260821_115655\synchronized_measurements.csv,87,2026-08-21 09:40:25+00:00,688.0,107.2,4.217,,unknown,,No metadata entry,True,True,True
20260821_115655,C:\Users\Sorin\OneDrive - Universitatea Vasile Alecsandri Bacau\Proiecte_Cercetare\FurduI\FSM_Achizitie\emi_dataset_analysis_windows\data\20260821_115655\synchronized_measurements.csv,88,2026-08-21 09:40:55+00:00,685.0,106.8,4.23,,unknown,,No metadata entry,True,True,True
20260821_115655,C:\Users\Sorin\OneDrive - Universitatea Vasile Alecsandri Bacau\Proiecte_Cercetare\FurduI\FSM_Achizitie\emi_dataset_analysis_windows\data\20260821_115655\synchronized_measurements.csv,89,2026-08-21 09:41:25+00:00,686.0,106.6,4.242,,unknown,,No metadata entry,True,True,True
20260821_115655,C:\Users\Sorin\OneDrive - Universitatea Vasile Alecsandri Bacau\Proiecte_Cercetare\FurduI\FSM_Achizitie\emi_dataset_analysis_windows\data\20260821_115655\synchronized_measurements.csv,90,2026-08-21 09:41:55+00:00,685.0,106.9,4.418,,unknown,,No metadata entry,True,True,True
20260821_115655,C:\Users\Sorin\OneDrive - Universitatea Vasile Alecsandri Bacau\Proiecte_Cercetare\FurduI\FSM_Achizitie\emi_dataset_analysis_windows\data\20260821_115655\synchronized_measurements.csv,91,2026-08-21 09:42:25+00:00,688.0,107.2,4.262,,unknown,,No metadata entry,True,True,True
20260821_115655,C:\Users\Sorin\OneDrive - Universitatea Vasile Alecsandri Bacau\Proiecte_Cercetare\FurduI\FSM_Achizitie\emi_dataset_analysis_windows\data\20260821_115655\synchronized_measurements.csv,92,2026-08-21 09:42:55+00:00,691.0,108.0,4.267,,unknown,,No metadata entry,True,True,True
20260821_115655,C:\Users\Sorin\OneDrive - Universitatea Vasile Alecsandri Bacau\Proiecte_Cercetare\FurduI\FSM_Achizitie\emi_dataset_analysis_windows\data\20260821_115655\synchronized_measurements.csv,93,2026-08-21 09:43:25+00:00,683.0,106.7,4.275,,unknown,,No metadata entry,True,True,True
20260821_115655,C:\Users\Sorin\OneDrive - Universitatea Vasile Alecsandri Bacau\Proiecte_Cercetare\FurduI\FSM_Achizitie\emi_dataset_analysis_windows\data\20260821_115655\synchronized_measurements.csv,94,2026-08-21 09:43:55+00:00,684.0,106.5,4.285,,unknown,,No metadata entry,True,True,True
20260821_115655,C:\Users\Sorin\OneDrive - Universitatea Vasile Alecsandri Bacau\Proiecte_Cercetare\FurduI\FSM_Achizitie\emi_dataset_analysis_windows\data\20260821_115655\synchronized_measurements.csv,95,2026-08-21 09:44:25+00:00,685.0,106.7,4.298,,unknown,,No metadata entry,True,True,True
20260821_115655,C:\Users\Sorin\OneDrive - Universitatea Vasile Alecsandri Bacau\Proiecte_Cercetare\FurduI\FSM_Achizitie\emi_dataset_analysis_windows\data\20260821_115655\synchronized_measurements.csv,96,2026-08-21 09:44:55+00:00,690.0,107.4,4.309,,unknown,,No metadata entry,True,True,True
20260821_115655,C:\Users\Sorin\OneDrive - Universitatea Vasile Alecsandri Bacau\Proiecte_Cercetare\FurduI\FSM_Achizitie\emi_dataset_analysis_windows\data\20260821_115655\synchronized_measurements.csv,97,2026-08-21 09:45:25+00:00,688.0,107.3,4.321,,unknown,,No metadata entry,True,True,True
20260821_115655,C:\Users\Sorin\OneDrive - Universitatea Vasile Alecsandri Bacau\Proiecte_Cercetare\FurduI\FSM_Achizitie\emi_dataset_analysis_windows\data\20260821_115655\synchronized_measurements.csv,98,2026-08-21 09:45:55+00:00,689.0,107.3,4.332,,unknown,,No metadata entry,True,True,True
20260821_115655,C:\Users\Sorin\OneDrive - Universitatea Vasile Alecsandri Bacau\Proiecte_Cercetare\FurduI\FSM_Achizitie\emi_dataset_analysis_windows\data\20260821_115655\synchronized_measurements.csv,99,2026-08-21 09:46:25+00:00,686.0,107.0,4.345,,unknown,,No metadata entry,True,True,True
20260821_115655,C:\Users\Sorin\OneDrive - Universitatea Vasile Alecsandri Bacau\Proiecte_Cercetare\FurduI\FSM_Achizitie\emi_dataset_analysis_windows\data\20260821_115655\synchronized_measurements.csv,100,2026-08-21 09:46:55+00:00,685.0,106.8,4.354,,unknown,,No metadata entry,True,True,True
20260821_115655,C:\Users\Sorin\OneDrive - Universitatea Vasile Alecsandri Bacau\Proiecte_Cercetare\FurduI\FSM_Achizitie\emi_dataset_analysis_windows\data\20260821_115655\synchronized_measurements.csv,101,2026-08-21 09:47:25+00:00,690.0,107.9,4.366,,unknown,,No metadata entry,True,True,True
20260821_115655,C:\Users\Sorin\OneDrive - Universitatea Vasile Alecsandri Bacau\Proiecte_Cercetare\FurduI\FSM_Achizitie\emi_dataset_analysis_windows\data\20260821_115655\synchronized_measurements.csv,102,2026-08-21 09:47:55+00:00,690.0,107.6,4.376,,unknown,,No metadata entry,True,True,True
20260821_115655,C:\Users\Sorin\OneDrive - Universitatea Vasile Alecsandri Bacau\Proiecte_Cercetare\FurduI\FSM_Achizitie\emi_dataset_analysis_windows\data\20260821_115655\synchronized_measurements.csv,103,2026-08-21 09:48:25+00:00,695.0,108.6,4.389,,unknown,,No metadata entry,True,True,True
20260821_115655,C:\Users\Sorin\OneDrive - Universitatea Vasile Alecsandri Bacau\Proiecte_Cercetare\FurduI\FSM_Achizitie\emi_dataset_analysis_windows\data\20260821_115655\synchronized_measurements.csv,104,2026-08-21 09:48:55+00:00,691.0,107.8,4.399,,unknown,,No metadata entry,True,True,True
20260821_115655,C:\Users\Sorin\OneDrive - Universitatea Vasile Alecsandri Bacau\Proiecte_Cercetare\FurduI\FSM_Achizitie\emi_dataset_analysis_windows\data\20260821_115655\synchronized_measurements.csv,105,2026-08-21 09:49:25+00:00,694.0,108.5,4.411,,unknown,,No metadata entry,True,True,True
20260821_115655,C:\Users\Sorin\OneDrive - Universitatea Vasile Alecsandri Bacau\Proiecte_Cercetare\FurduI\FSM_Achizitie\emi_dataset_analysis_windows\data\20260821_115655\synchronized_measurements.csv,106,2026-08-21 09:49:55+00:00,695.0,108.6,4.423,,unknown,,No metadata entry,True,True,True
20260821_115655,C:\Users\Sorin\OneDrive - Universitatea Vasile Alecsandri Bacau\Proiecte_Cercetare\FurduI\FSM_Achizitie\emi_dataset_analysis_windows\data\20260821_115655\synchronized_measurements.csv,107,2026-08-21 09:50:25+00:00,696.0,108.8,4.434,,unknown,,No metadata entry,True,True,True
20260821_115655,C:\Users\Sorin\OneDrive - Universitatea Vasile Alecsandri Bacau\Proiecte_Cercetare\FurduI\FSM_Achizitie\emi_dataset_analysis_windows\data\20260821_115655\synchronized_measurements.csv,108,2026-08-21 09:50:55+00:00,696.0,108.9,4.446,,unknown,,No metadata entry,True,True,True
20260821_115655,C:\Users\Sorin\OneDrive - Universitatea Vasile Alecsandri Bacau\Proiecte_Cercetare\FurduI\FSM_Achizitie\emi_dataset_analysis_windows\data\20260821_115655\synchronized_measurements.csv,109,2026-08-21 09:51:25+00:00,695.0,108.8,4.454,,unknown,,No metadata entry,True,True,True
20260821_115655,C:\Users\Sorin\OneDrive - Universitatea Vasile Alecsandri Bacau\Proiecte_Cercetare\FurduI\FSM_Achizitie\emi_dataset_analysis_windows\data\20260821_115655\synchronized_measurements.csv,110,2026-08-21 09:51:55+00:00,693.0,108.2,4.467,,unknown,,No metadata entry,True,True,True
20260821_115655,C:\Users\Sorin\OneDrive - Universitatea Vasile Alecsandri Bacau\Proiecte_Cercetare\FurduI\FSM_Achizitie\emi_dataset_analysis_windows\data\20260821_115655\synchronized_measurements.csv,111,2026-08-21 09:52:25+00:00,690.0,107.5,4.478,,unknown,,No metadata entry,True,True,True
20260821_115655,C:\Users\Sorin\OneDrive - Universitatea Vasile Alecsandri Bacau\Proiecte_Cercetare\FurduI\FSM_Achizitie\emi_dataset_analysis_windows\data\20260821_115655\synchronized_measurements.csv,112,2026-08-21 09:52:55+00:00,692.0,108.1,4.489,,unknown,,No metadata entry,True,True,True
20260821_115655,C:\Users\Sorin\OneDrive - Universitatea Vasile Alecsandri Bacau\Proiecte_Cercetare\FurduI\FSM_Achizitie\emi_dataset_analysis_windows\data\20260821_115655\synchronized_measurements.csv,113,2026-08-21 09:53:25+00:00,689.0,107.7,4.499,,unknown,,No metadata entry,True,True,True
20260821_115655,C:\Users\Sorin\OneDrive - Universitatea Vasile Alecsandri Bacau\Proiecte_Cercetare\FurduI\FSM_Achizitie\emi_dataset_analysis_windows\data\20260821_115655\synchronized_measurements.csv,114,2026-08-21 09:53:55+00:00,693.0,108.1,4.511,,unknown,,No metadata entry,True,True,True
20260821_115655,C:\Users\Sorin\OneDrive - Universitatea Vasile Alecsandri Bacau\Proiecte_Cercetare\FurduI\FSM_Achizitie\emi_dataset_analysis_windows\data\20260821_115655\synchronized_measurements.csv,115,2026-08-21 09:54:25+00:00,695.0,108.2,4.519,,unknown,,No metadata entry,True,True,True
20260821_115655,C:\Users\Sorin\OneDrive - Universitatea Vasile Alecsandri Bacau\Proiecte_Cercetare\FurduI\FSM_Achizitie\emi_dataset_analysis_windows\data\20260821_115655\synchronized_measurements.csv,116,2026-08-21 09:54:55+00:00,691.0,107.7,4.68,,unknown,,No metadata entry,True,True,True
20260821_115655,C:\Users\Sorin\OneDrive - Universitatea Vasile Alecsandri Bacau\Proiecte_Cercetare\FurduI\FSM_Achizitie\emi_dataset_analysis_windows\data\20260821_115655\synchronized_measurements.csv,117,2026-08-21 09:55:25+00:00,690.0,107.8,4.542,,unknown,,No metadata entry,True,True,True
20260821_115655,C:\Users\Sorin\OneDrive - Universitatea Vasile Alecsandri Bacau\Proiecte_Cercetare\FurduI\FSM_Achizitie\emi_dataset_analysis_windows\data\20260821_115655\synchronized_measurements.csv,118,2026-08-21 09:55:55+00:00,686.0,106.7,4.554,,unknown,,No metadata entry,True,True,True
20260821_115655,C:\Users\Sorin\OneDrive - Universitatea Vasile Alecsandri Bacau\Proiecte_Cercetare\FurduI\FSM_Achizitie\emi_dataset_analysis_windows\data\20260821_115655\synchronized_measurements.csv,119,2026-08-21 09:56:25+00:00,691.0,107.5,4.563,,unknown,,No metadata entry,True,True,True
20260821_115655,C:\Users\Sorin\OneDrive - Universitatea Vasile Alecsandri Bacau\Proiecte_Cercetare\FurduI\FSM_Achizitie\emi_dataset_analysis_windows\data\20260821_115655\synchronized_measurements.csv,120,2026-08-21 09:56:55+00:00,688.0,107.2,4.574,,unknown,,No metadata entry,True,True,True
20260821_115655,C:\Users\Sorin\OneDrive - Universitatea Vasile Alecsandri Bacau\Proiecte_Cercetare\FurduI\FSM_Achizitie\emi_dataset_analysis_windows\data\20260821_115655\synchronized_measurements.csv,121,2026-08-21 09:57:25+00:00,689.0,107.3,4.581,,unknown,,No metadata entry,True,True,True
20260821_115655,C:\Users\Sorin\OneDrive - Universitatea Vasile Alecsandri Bacau\Proiecte_Cercetare\FurduI\FSM_Achizitie\emi_dataset_analysis_windows\data\20260821_115655\synchronized_measurements.csv,122,2026-08-21 09:57:55+00:00,688.0,107.2,4.591,,unknown,,No metadata entry,True,True,True
20260821_115655,C:\Users\Sorin\OneDrive - Universitatea Vasile Alecsandri Bacau\Proiecte_Cercetare\FurduI\FSM_Achizitie\emi_dataset_analysis_windows\data\20260821_115655\synchronized_measurements.csv,123,2026-08-21 09:58:25+00:00,689.0,107.3,4.602,,unknown,,No metadata entry,True,True,True
20260821_115655,C:\Users\Sorin\OneDrive - Universitatea Vasile Alecsandri Bacau\Proiecte_Cercetare\FurduI\FSM_Achizitie\emi_dataset_analysis_windows\data\20260821_115655\synchronized_measurements.csv,124,2026-08-21 09:58:55+00:00,687.0,106.9,4.615,,unknown,,No metadata entry,True,True,True
20260821_115655,C:\Users\Sorin\OneDrive - Universitatea Vasile Alecsandri Bacau\Proiecte_Cercetare\FurduI\FSM_Achizitie\emi_dataset_analysis_windows\data\20260821_115655\synchronized_measurements.csv,125,2026-08-21 09:59:25+00:00,687.0,107.2,4.626,,unknown,,No metadata entry,True,True,True
20260821_115655,C:\Users\Sorin\OneDrive - Universitatea Vasile Alecsandri Bacau\Proiecte_Cercetare\FurduI\FSM_Achizitie\emi_dataset_analysis_windows\data\20260821_115655\synchronized_measurements.csv,126,2026-08-21 09:59:55+00:00,691.0,107.8,4.639,,unknown,,No metadata entry,True,True,True
20260821_115655,C:\Users\Sorin\OneDrive - Universitatea Vasile Alecsandri Bacau\Proiecte_Cercetare\FurduI\FSM_Achizitie\emi_dataset_analysis_windows\data\20260821_115655\synchronized_measurements.csv,127,2026-08-21 10:00:25+00:00,691.0,107.8,4.652,,unknown,,No metadata entry,True,True,True
20260821_115655,C:\Users\Sorin\OneDrive - Universitatea Vasile Alecsandri Bacau\Proiecte_Cercetare\FurduI\FSM_Achizitie\emi_dataset_analysis_windows\data\20260821_115655\synchronized_measurements.csv,128,2026-08-21 10:00:55+00:00,690.0,107.7,4.664,,unknown,,No metadata entry,True,True,True
20260821_115655,C:\Users\Sorin\OneDrive - Universitatea Vasile Alecsandri Bacau\Proiecte_Cercetare\FurduI\FSM_Achizitie\emi_dataset_analysis_windows\data\20260821_115655\synchronized_measurements.csv,129,2026-08-21 10:01:25+00:00,690.0,107.5,4.674,,unknown,,No metadata entry,True,True,True
20260821_115655,C:\Users\Sorin\OneDrive - Universitatea Vasile Alecsandri Bacau\Proiecte_Cercetare\FurduI\FSM_Achizitie\emi_dataset_analysis_windows\data\20260821_115655\synchronized_measurements.csv,130,2026-08-21 10:01:55+00:00,689.0,107.7,4.688,,unknown,,No metadata entry,True,True,True
20260821_115655,C:\Users\Sorin\OneDrive - Universitatea Vasile Alecsandri Bacau\Proiecte_Cercetare\FurduI\FSM_Achizitie\emi_dataset_analysis_windows\data\20260821_115655\synchronized_measurements.csv,131,2026-08-21 10:02:25+00:00,686.0,107.0,4.702,,unknown,,No metadata entry,True,True,True
20260821_115655,C:\Users\Sorin\OneDrive - Universitatea Vasile Alecsandri Bacau\Proiecte_Cercetare\FurduI\FSM_Achizitie\emi_dataset_analysis_windows\data\20260821_115655\synchronized_measurements.csv,132,2026-08-21 10:02:55+00:00,687.0,107.4,4.712,,unknown,,No metadata entry,True,True,True
20260821_115655,C:\Users\Sorin\OneDrive - Universitatea Vasile Alecsandri Bacau\Proiecte_Cercetare\FurduI\FSM_Achizitie\emi_dataset_analysis_windows\data\20260821_115655\synchronized_measurements.csv,133,2026-08-21 10:03:25+00:00,692.0,108.3,4.722,,unknown,,No metadata entry,True,True,True
20260821_115655,C:\Users\Sorin\OneDrive - Universitatea Vasile Alecsandri Bacau\Proiecte_Cercetare\FurduI\FSM_Achizitie\emi_dataset_analysis_windows\data\20260821_115655\synchronized_measurements.csv,134,2026-08-21 10:03:55+00:00,687.0,107.2,4.731,,unknown,,No metadata entry,True,True,True
20260821_115655,C:\Users\Sorin\OneDrive - Universitatea Vasile Alecsandri Bacau\Proiecte_Cercetare\FurduI\FSM_Achizitie\emi_dataset_analysis_windows\data\20260821_115655\synchronized_measurements.csv,135,2026-08-21 10:04:25+00:00,688.0,107.3,4.743,,unknown,,No metadata entry,True,True,True
20260821_115655,C:\Users\Sorin\OneDrive - Universitatea Vasile Alecsandri Bacau\Proiecte_Cercetare\FurduI\FSM_Achizitie\emi_dataset_analysis_windows\data\20260821_115655\synchronized_measurements.csv,136,2026-08-21 10:04:55+00:00,691.0,107.9,4.754,,unknown,,No metadata entry,True,True,True
20260821_115655,C:\Users\Sorin\OneDrive - Universitatea Vasile Alecsandri Bacau\Proiecte_Cercetare\FurduI\FSM_Achizitie\emi_dataset_analysis_windows\data\20260821_115655\synchronized_measurements.csv,137,2026-08-21 10:05:25+00:00,691.0,107.9,4.763,,unknown,,No metadata entry,True,True,True
20260821_115655,C:\Users\Sorin\OneDrive - Universitatea Vasile Alecsandri Bacau\Proiecte_Cercetare\FurduI\FSM_Achizitie\emi_dataset_analysis_windows\data\20260821_115655\synchronized_measurements.csv,138,2026-08-21 10:05:55+00:00,691.0,108.1,4.776,,unknown,,No metadata entry,True,True,True
20260821_115655,C:\Users\Sorin\OneDrive - Universitatea Vasile Alecsandri Bacau\Proiecte_Cercetare\FurduI\FSM_Achizitie\emi_dataset_analysis_windows\data\20260821_115655\synchronized_measurements.csv,139,2026-08-21 10:06:25+00:00,694.0,108.4,4.789,,unknown,,No metadata entry,True,True,True
20260821_115655,C:\Users\Sorin\OneDrive - Universitatea Vasile Alecsandri Bacau\Proiecte_Cercetare\FurduI\FSM_Achizitie\emi_dataset_analysis_windows\data\20260821_115655\synchronized_measurements.csv,140,2026-08-21 10:06:55+00:00,692.0,108.2,4.795,,unknown,,No metadata entry,True,True,True
20260821_115655,C:\Users\Sorin\OneDrive - Universitatea Vasile Alecsandri Bacau\Proiecte_Cercetare\FurduI\FSM_Achizitie\emi_dataset_analysis_windows\data\20260821_115655\synchronized_measurements.csv,141,2026-08-21 10:07:25+00:00,693.0,108.3,4.807,,unknown,,No metadata entry,True,True,True
20260821_115655,C:\Users\Sorin\OneDrive - Universitatea Vasile Alecsandri Bacau\Proiecte_Cercetare\FurduI\FSM_Achizitie\emi_dataset_analysis_windows\data\20260821_115655\synchronized_measurements.csv,142,2026-08-21 10:07:56+00:00,685.0,106.8,3.958,,unknown,,No metadata entry,True,True,True
20260821_115655,C:\Users\Sorin\OneDrive - Universitatea Vasile Alecsandri Bacau\Proiecte_Cercetare\FurduI\FSM_Achizitie\emi_dataset_analysis_windows\data\20260821_115655\synchronized_measurements.csv,143,2026-08-21 10:08:26+00:00,684.0,106.8,3.829,,unknown,,No metadata entry,True,True,True
20260821_115655,C:\Users\Sorin\OneDrive - Universitatea Vasile Alecsandri Bacau\Proiecte_Cercetare\FurduI\FSM_Achizitie\emi_dataset_analysis_windows\data\20260821_115655\synchronized_measurements.csv,144,2026-08-21 10:08:56+00:00,689.0,107.5,3.842,,unknown,,No metadata entry,True,True,True
20260821_115655,C:\Users\Sorin\OneDrive - Universitatea Vasile Alecsandri Bacau\Proiecte_Cercetare\FurduI\FSM_Achizitie\emi_dataset_analysis_windows\data\20260821_115655\synchronized_measurements.csv,145,2026-08-21 10:09:26+00:00,686.0,107.2,3.854,,unknown,,No metadata entry,True,True,True
20260821_115655,C:\Users\Sorin\OneDrive - Universitatea Vasile Alecsandri Bacau\Proiecte_Cercetare\FurduI\FSM_Achizitie\emi_dataset_analysis_windows\data\20260821_115655\synchronized_measurements.csv,146,2026-08-21 10:09:56+00:00,686.0,107.1,3.868,,unknown,,No metadata entry,True,True,True
20260821_115655,C:\Users\Sorin\OneDrive - Universitatea Vasile Alecsandri Bacau\Proiecte_Cercetare\FurduI\FSM_Achizitie\emi_dataset_analysis_windows\data\20260821_115655\synchronized_measurements.csv,147,2026-08-21 10:10:26+00:00,679.0,105.9,3.882,,unknown,,No metadata entry,True,True,True
20260821_115655,C:\Users\Sorin\OneDrive - Universitatea Vasile Alecsandri Bacau\Proiecte_Cercetare\FurduI\FSM_Achizitie\emi_dataset_analysis_windows\data\20260821_115655\synchronized_measurements.csv,148,2026-08-21 10:10:56+00:00,679.0,105.6,3.894,,unknown,,No metadata entry,True,True,True
20260821_115655,C:\Users\Sorin\OneDrive - Universitatea Vasile Alecsandri Bacau\Proiecte_Cercetare\FurduI\FSM_Achizitie\emi_dataset_analysis_windows\data\20260821_115655\synchronized_measurements.csv,149,2026-08-21 10:11:26+00:00,680.0,106.1,3.895,,unknown,,No metadata entry,True,True,True
20260821_115655,C:\Users\Sorin\OneDrive - Universitatea Vasile Alecsandri Bacau\Proiecte_Cercetare\FurduI\FSM_Achizitie\emi_dataset_analysis_windows\data\20260821_115655\synchronized_measurements.csv,150,2026-08-21 10:11:56+00:00,679.0,106.0,3.909,,unknown,,No metadata entry,True,True,True
20260821_115655,C:\Users\Sorin\OneDrive - Universitatea Vasile Alecsandri Bacau\Proiecte_Cercetare\FurduI\FSM_Achizitie\emi_dataset_analysis_windows\data\20260821_115655\synchronized_measurements.csv,151,2026-08-21 10:12:26+00:00,676.0,105.3,3.919,,unknown,,No metadata entry,True,True,True
20260821_115655,C:\Users\Sorin\OneDrive - Universitatea Vasile Alecsandri Bacau\Proiecte_Cercetare\FurduI\FSM_Achizitie\emi_dataset_analysis_windows\data\20260821_115655\synchronized_measurements.csv,152,2026-08-21 10:12:56+00:00,675.0,105.1,3.932,,unknown,,No metadata entry,True,True,True
20260821_115655,C:\Users\Sorin\OneDrive - Universitatea Vasile Alecsandri Bacau\Proiecte_Cercetare\FurduI\FSM_Achizitie\emi_dataset_analysis_windows\data\20260821_115655\synchronized_measurements.csv,153,2026-08-21 10:13:26+00:00,671.0,104.3,3.945,,unknown,,No metadata entry,True,True,True
20260821_115655,C:\Users\Sorin\OneDrive - Universitatea Vasile Alecsandri Bacau\Proiecte_Cercetare\FurduI\FSM_Achizitie\emi_dataset_analysis_windows\data\20260821_115655\synchronized_measurements.csv,154,2026-08-21 10:13:56+00:00,668.0,103.9,3.954,,unknown,,No metadata entry,True,True,True
20260821_115655,C:\Users\Sorin\OneDrive - Universitatea Vasile Alecsandri Bacau\Proiecte_Cercetare\FurduI\FSM_Achizitie\emi_dataset_analysis_windows\data\20260821_115655\synchronized_measurements.csv,155,2026-08-21 10:14:26+00:00,666.0,103.3,3.963,,unknown,,No metadata entry,True,True,True
20260821_115655,C:\Users\Sorin\OneDrive - Universitatea Vasile Alecsandri Bacau\Proiecte_Cercetare\FurduI\FSM_Achizitie\emi_dataset_analysis_windows\data\20260821_115655\synchronized_measurements.csv,156,2026-08-21 10:14:56+00:00,661.0,102.3,3.974,,unknown,,No metadata entry,True,True,True
20260821_115655,C:\Users\Sorin\OneDrive - Universitatea Vasile Alecsandri Bacau\Proiecte_Cercetare\FurduI\FSM_Achizitie\emi_dataset_analysis_windows\data\20260821_115655\synchronized_measurements.csv,157,2026-08-21 10:15:26+00:00,659.0,102.1,3.988,,unknown,,No metadata entry,True,True,True
20260821_115655,C:\Users\Sorin\OneDrive - Universitatea Vasile Alecsandri Bacau\Proiecte_Cercetare\FurduI\FSM_Achizitie\emi_dataset_analysis_windows\data\20260821_115655\synchronized_measurements.csv,158,2026-08-21 10:15:56+00:00,659.0,102.1,3.991,,unknown,,No metadata entry,True,True,True
20260821_115655,C:\Users\Sorin\OneDrive - Universitatea Vasile Alecsandri Bacau\Proiecte_Cercetare\FurduI\FSM_Achizitie\emi_dataset_analysis_windows\data\20260821_115655\synchronized_measurements.csv,159,2026-08-21 10:16:26+00:00,662.0,102.9,4.003,,unknown,,No metadata entry,True,True,True
20260821_115655,C:\Users\Sorin\OneDrive - Universitatea Vasile Alecsandri Bacau\Proiecte_Cercetare\FurduI\FSM_Achizitie\emi_dataset_analysis_windows\data\20260821_115655\synchronized_measurements.csv,160,2026-08-21 10:16:56+00:00,657.0,102.0,4.015,,unknown,,No metadata entry,True,True,True
20260821_115655,C:\Users\Sorin\OneDrive - Universitatea Vasile Alecsandri Bacau\Proiecte_Cercetare\FurduI\FSM_Achizitie\emi_dataset_analysis_windows\data\20260821_115655\synchronized_measurements.csv,161,2026-08-21 10:17:26+00:00,660.0,102.3,4.028,,unknown,,No metadata entry,True,True,True
20260821_115655,C:\Users\Sorin\OneDrive - Universitatea Vasile Alecsandri Bacau\Proiecte_Cercetare\FurduI\FSM_Achizitie\emi_dataset_analysis_windows\data\20260821_115655\synchronized_measurements.csv,162,2026-08-21 10:17:56+00:00,664.0,103.0,4.042,,unknown,,No metadata entry,True,True,True
20260821_115655,C:\Users\Sorin\OneDrive - Universitatea Vasile Alecsandri Bacau\Proiecte_Cercetare\FurduI\FSM_Achizitie\emi_dataset_analysis_windows\data\20260821_115655\synchronized_measurements.csv,163,2026-08-21 10:18:26+00:00,664.0,103.2,4.047,,unknown,,No metadata entry,True,True,True
20260821_115655,C:\Users\Sorin\OneDrive - Universitatea Vasile Alecsandri Bacau\Proiecte_Cercetare\FurduI\FSM_Achizitie\emi_dataset_analysis_windows\data\20260821_115655\synchronized_measurements.csv,164,2026-08-21 10:18:56+00:00,660.0,102.6,4.058,,unknown,,No metadata entry,True,True,True
20260821_115655,C:\Users\Sorin\OneDrive - Universitatea Vasile Alecsandri Bacau\Proiecte_Cercetare\FurduI\FSM_Achizitie\emi_dataset_analysis_windows\data\20260821_115655\synchronized_measurements.csv,165,2026-08-21 10:19:26+00:00,668.0,103.8,4.07,,unknown,,No metadata entry,True,True,True
20260821_154849,C:\Users\Sorin\OneDrive - Universitatea Vasile Alecsandri Bacau\Proiecte_Cercetare\FurduI\FSM_Achizitie\emi_dataset_analysis_windows\data\20260821_154849\synchronized_measurements.csv,2,2026-08-21 12:48:49+00:00,501.0,83.0,5.622,,unknown,,No metadata entry,True,True,True
20260821_154849,C:\Users\Sorin\OneDrive - Universitatea Vasile Alecsandri Bacau\Proiecte_Cercetare\FurduI\FSM_Achizitie\emi_dataset_analysis_windows\data\20260821_154849\synchronized_measurements.csv,3,2026-08-21 12:49:19+00:00,501.0,83.0,-4.377,,unknown,,No metadata entry,True,True,True
20260821_154849,C:\Users\Sorin\OneDrive - Universitatea Vasile Alecsandri Bacau\Proiecte_Cercetare\FurduI\FSM_Achizitie\emi_dataset_analysis_windows\data\20260821_154849\synchronized_measurements.csv,4,2026-08-21 12:49:49+00:00,498.0,83.0,-4.368,,unknown,,No metadata entry,True,True,True
20260821_154849,C:\Users\Sorin\OneDrive - Universitatea Vasile Alecsandri Bacau\Proiecte_Cercetare\FurduI\FSM_Achizitie\emi_dataset_analysis_windows\data\20260821_154849\synchronized_measurements.csv,5,2026-08-21 12:50:19+00:00,496.0,82.6,-4.354,,unknown,,No metadata entry,True,True,True
20260821_154849,C:\Users\Sorin\OneDrive - Universitatea Vasile Alecsandri Bacau\Proiecte_Cercetare\FurduI\FSM_Achizitie\emi_dataset_analysis_windows\data\20260821_154849\synchronized_measurements.csv,6,2026-08-21 12:50:49+00:00,495.0,82.2,-4.343,,unknown,,No metadata entry,True,True,True
20260821_154849,C:\Users\Sorin\OneDrive - Universitatea Vasile Alecsandri Bacau\Proiecte_Cercetare\FurduI\FSM_Achizitie\emi_dataset_analysis_windows\data\20260821_154849\synchronized_measurements.csv,7,2026-08-21 12:51:19+00:00,495.0,82.1,-4.259,,unknown,,No metadata entry,True,True,True
20260821_154849,C:\Users\Sorin\OneDrive - Universitatea Vasile Alecsandri Bacau\Proiecte_Cercetare\FurduI\FSM_Achizitie\emi_dataset_analysis_windows\data\20260821_154849\synchronized_measurements.csv,8,2026-08-21 12:51:49+00:00,493.0,82.0,-4.059,,unknown,,No metadata entry,True,True,True
20260821_154849,C:\Users\Sorin\OneDrive - Universitatea Vasile Alecsandri Bacau\Proiecte_Cercetare\FurduI\FSM_Achizitie\emi_dataset_analysis_windows\data\20260821_154849\synchronized_measurements.csv,9,2026-08-21 12:52:19+00:00,492.0,81.69,-4.31,,unknown,,No metadata entry,True,True,True
20260821_154849,C:\Users\Sorin\OneDrive - Universitatea Vasile Alecsandri Bacau\Proiecte_Cercetare\FurduI\FSM_Achizitie\emi_dataset_analysis_windows\data\20260821_154849\synchronized_measurements.csv,10,2026-08-21 12:52:49+00:00,489.0,81.3,-4.301,,unknown,,No metadata entry,True,True,True
20260821_154849,C:\Users\Sorin\OneDrive - Universitatea Vasile Alecsandri Bacau\Proiecte_Cercetare\FurduI\FSM_Achizitie\emi_dataset_analysis_windows\data\20260821_154849\synchronized_measurements.csv,11,2026-08-21 12:53:19+00:00,489.0,81.4,-4.291,,unknown,,No metadata entry,True,True,True
20260821_154849,C:\Users\Sorin\OneDrive - Universitatea Vasile Alecsandri Bacau\Proiecte_Cercetare\FurduI\FSM_Achizitie\emi_dataset_analysis_windows\data\20260821_154849\synchronized_measurements.csv,12,2026-08-21 12:53:49+00:00,488.0,81.4,-4.286,,unknown,,No metadata entry,True,True,True
20260821_154849,C:\Users\Sorin\OneDrive - Universitatea Vasile Alecsandri Bacau\Proiecte_Cercetare\FurduI\FSM_Achizitie\emi_dataset_analysis_windows\data\20260821_154849\synchronized_measurements.csv,13,2026-08-21 12:54:19+00:00,487.0,81.3,-4.277,,unknown,,No metadata entry,True,True,True
20260821_154849,C:\Users\Sorin\OneDrive - Universitatea Vasile Alecsandri Bacau\Proiecte_Cercetare\FurduI\FSM_Achizitie\emi_dataset_analysis_windows\data\20260821_154849\synchronized_measurements.csv,14,2026-08-21 12:54:49+00:00,488.0,81.5,-4.265,,unknown,,No metadata entry,True,True,True
20260821_154849,C:\Users\Sorin\OneDrive - Universitatea Vasile Alecsandri Bacau\Proiecte_Cercetare\FurduI\FSM_Achizitie\emi_dataset_analysis_windows\data\20260821_154849\synchronized_measurements.csv,15,2026-08-21 12:55:19+00:00,487.0,81.5,-4.256,,unknown,,No metadata entry,True,True,True
20260821_154849,C:\Users\Sorin\OneDrive - Universitatea Vasile Alecsandri Bacau\Proiecte_Cercetare\FurduI\FSM_Achizitie\emi_dataset_analysis_windows\data\20260821_154849\synchronized_measurements.csv,16,2026-08-21 12:55:49+00:00,486.0,81.3,-4.242,,unknown,,No metadata entry,True,True,True
20260821_154849,C:\Users\Sorin\OneDrive - Universitatea Vasile Alecsandri Bacau\Proiecte_Cercetare\FurduI\FSM_Achizitie\emi_dataset_analysis_windows\data\20260821_154849\synchronized_measurements.csv,17,2026-08-21 12:56:19+00:00,485.0,81.19,-4.234,,unknown,,No metadata entry,True,True,True
20260821_154849,C:\Users\Sorin\OneDrive - Universitatea Vasile Alecsandri Bacau\Proiecte_Cercetare\FurduI\FSM_Achizitie\emi_dataset_analysis_windows\data\20260821_154849\synchronized_measurements.csv,18,2026-08-21 12:56:49+00:00,484.0,81.3,-4.222,,unknown,,No metadata entry,True,True,True
20260821_154849,C:\Users\Sorin\OneDrive - Universitatea Vasile Alecsandri Bacau\Proiecte_Cercetare\FurduI\FSM_Achizitie\emi_dataset_analysis_windows\data\20260821_154849\synchronized_measurements.csv,19,2026-08-21 12:57:19+00:00,485.0,81.6,-4.214,,unknown,,No metadata entry,True,True,True
20260821_154849,C:\Users\Sorin\OneDrive - Universitatea Vasile Alecsandri Bacau\Proiecte_Cercetare\FurduI\FSM_Achizitie\emi_dataset_analysis_windows\data\20260821_154849\synchronized_measurements.csv,20,2026-08-21 12:57:49+00:00,487.0,81.9,-4.199,,unknown,,No metadata entry,True,True,True
20260821_154849,C:\Users\Sorin\OneDrive - Universitatea Vasile Alecsandri Bacau\Proiecte_Cercetare\FurduI\FSM_Achizitie\emi_dataset_analysis_windows\data\20260821_154849\synchronized_measurements.csv,21,2026-08-21 12:58:19+00:00,488.0,82.1,-4.188,,unknown,,No metadata entry,True,True,True
20260821_154849,C:\Users\Sorin\OneDrive - Universitatea Vasile Alecsandri Bacau\Proiecte_Cercetare\FurduI\FSM_Achizitie\emi_dataset_analysis_windows\data\20260821_154849\synchronized_measurements.csv,22,2026-08-21 12:58:49+00:00,488.0,82.0,-4.178,,unknown,,No metadata entry,True,True,True
20260821_154849,C:\Users\Sorin\OneDrive - Universitatea Vasile Alecsandri Bacau\Proiecte_Cercetare\FurduI\FSM_Achizitie\emi_dataset_analysis_windows\data\20260821_154849\synchronized_measurements.csv,23,2026-08-21 12:59:19+00:00,489.0,82.4,-4.167,,unknown,,No metadata entry,True,True,True
20260821_154849,C:\Users\Sorin\OneDrive - Universitatea Vasile Alecsandri Bacau\Proiecte_Cercetare\FurduI\FSM_Achizitie\emi_dataset_analysis_windows\data\20260821_154849\synchronized_measurements.csv,24,2026-08-21 12:59:49+00:00,489.0,82.6,-4.153,,unknown,,No metadata entry,True,True,True
20260821_154849,C:\Users\Sorin\OneDrive - Universitatea Vasile Alecsandri Bacau\Proiecte_Cercetare\FurduI\FSM_Achizitie\emi_dataset_analysis_windows\data\20260821_154849\synchronized_measurements.csv,25,2026-08-21 13:00:19+00:00,489.0,82.7,-4.146,,unknown,,No metadata entry,True,True,True
20260821_154849,C:\Users\Sorin\OneDrive - Universitatea Vasile Alecsandri Bacau\Proiecte_Cercetare\FurduI\FSM_Achizitie\emi_dataset_analysis_windows\data\20260821_154849\synchronized_measurements.csv,26,2026-08-21 13:00:49+00:00,488.0,82.6,-4.131,,unknown,,No metadata entry,True,True,True
20260821_154849,C:\Users\Sorin\OneDrive - Universitatea Vasile Alecsandri Bacau\Proiecte_Cercetare\FurduI\FSM_Achizitie\emi_dataset_analysis_windows\data\20260821_154849\synchronized_measurements.csv,27,2026-08-21 13:01:19+00:00,487.0,82.3,-4.115,,unknown,,No metadata entry,True,True,True
20260821_154849,C:\Users\Sorin\OneDrive - Universitatea Vasile Alecsandri Bacau\Proiecte_Cercetare\FurduI\FSM_Achizitie\emi_dataset_analysis_windows\data\20260821_154849\synchronized_measurements.csv,28,2026-08-21 13:01:49+00:00,485.0,82.0,-4.103,,unknown,,No metadata entry,True,True,True
20260821_154849,C:\Users\Sorin\OneDrive - Universitatea Vasile Alecsandri Bacau\Proiecte_Cercetare\FurduI\FSM_Achizitie\emi_dataset_analysis_windows\data\20260821_154849\synchronized_measurements.csv,29,2026-08-21 13:02:19+00:00,484.0,81.9,-4.09,,unknown,,No metadata entry,True,True,True
20260821_154849,C:\Users\Sorin\OneDrive - Universitatea Vasile Alecsandri Bacau\Proiecte_Cercetare\FurduI\FSM_Achizitie\emi_dataset_analysis_windows\data\20260821_154849\synchronized_measurements.csv,30,2026-08-21 13:02:49+00:00,482.0,81.6,-4.075,,unknown,,No metadata entry,True,True,True
20260821_154849,C:\Users\Sorin\OneDrive - Universitatea Vasile Alecsandri Bacau\Proiecte_Cercetare\FurduI\FSM_Achizitie\emi_dataset_analysis_windows\data\20260821_154849\synchronized_measurements.csv,31,2026-08-21 13:03:19+00:00,481.0,81.6,-4.062,,unknown,,No metadata entry,True,True,True
20260821_154849,C:\Users\Sorin\OneDrive - Universitatea Vasile Alecsandri Bacau\Proiecte_Cercetare\FurduI\FSM_Achizitie\emi_dataset_analysis_windows\data\20260821_154849\synchronized_measurements.csv,32,2026-08-21 13:03:49+00:00,478.0,81.19,-4.053,,unknown,,No metadata entry,True,True,True
20260821_154849,C:\Users\Sorin\OneDrive - Universitatea Vasile Alecsandri Bacau\Proiecte_Cercetare\FurduI\FSM_Achizitie\emi_dataset_analysis_windows\data\20260821_154849\synchronized_measurements.csv,33,2026-08-21 13:04:19+00:00,476.0,80.9,-4.001,,unknown,,No metadata entry,True,True,True
20260821_154849,C:\Users\Sorin\OneDrive - Universitatea Vasile Alecsandri Bacau\Proiecte_Cercetare\FurduI\FSM_Achizitie\emi_dataset_analysis_windows\data\20260821_154849\synchronized_measurements.csv,34,2026-08-21 13:04:49+00:00,477.0,80.3,-3.796,,unknown,,No metadata entry,True,True,True
20260821_154849,C:\Users\Sorin\OneDrive - Universitatea Vasile Alecsandri Bacau\Proiecte_Cercetare\FurduI\FSM_Achizitie\emi_dataset_analysis_windows\data\20260821_154849\synchronized_measurements.csv,35,2026-08-21 13:05:19+00:00,474.0,80.3,-4.022,,unknown,,No metadata entry,True,True,True
20260821_154849,C:\Users\Sorin\OneDrive - Universitatea Vasile Alecsandri Bacau\Proiecte_Cercetare\FurduI\FSM_Achizitie\emi_dataset_analysis_windows\data\20260821_154849\synchronized_measurements.csv,36,2026-08-21 13:05:49+00:00,474.0,80.6,-4.006,,unknown,,No metadata entry,True,True,True
20260821_154849,C:\Users\Sorin\OneDrive - Universitatea Vasile Alecsandri Bacau\Proiecte_Cercetare\FurduI\FSM_Achizitie\emi_dataset_analysis_windows\data\20260821_154849\synchronized_measurements.csv,37,2026-08-21 13:06:19+00:00,473.0,80.4,-3.999,,unknown,,No metadata entry,True,True,True
20260821_154849,C:\Users\Sorin\OneDrive - Universitatea Vasile Alecsandri Bacau\Proiecte_Cercetare\FurduI\FSM_Achizitie\emi_dataset_analysis_windows\data\20260821_154849\synchronized_measurements.csv,38,2026-08-21 13:06:49+00:00,473.0,80.3,-3.985,,unknown,,No metadata entry,True,True,True
20260821_154849,C:\Users\Sorin\OneDrive - Universitatea Vasile Alecsandri Bacau\Proiecte_Cercetare\FurduI\FSM_Achizitie\emi_dataset_analysis_windows\data\20260821_154849\synchronized_measurements.csv,39,2026-08-21 13:07:19+00:00,472.0,80.4,-3.975,,unknown,,No metadata entry,True,True,True
20260821_154849,C:\Users\Sorin\OneDrive - Universitatea Vasile Alecsandri Bacau\Proiecte_Cercetare\FurduI\FSM_Achizitie\emi_dataset_analysis_windows\data\20260821_154849\synchronized_measurements.csv,40,2026-08-21 13:07:49+00:00,470.0,80.1,-3.966,,unknown,,No metadata entry,True,True,True
20260821_154849,C:\Users\Sorin\OneDrive - Universitatea Vasile Alecsandri Bacau\Proiecte_Cercetare\FurduI\FSM_Achizitie\emi_dataset_analysis_windows\data\20260821_154849\synchronized_measurements.csv,41,2026-08-21 13:08:19+00:00,470.0,80.1,-3.958,,unknown,,No metadata entry,True,True,True
20260821_154849,C:\Users\Sorin\OneDrive - Universitatea Vasile Alecsandri Bacau\Proiecte_Cercetare\FurduI\FSM_Achizitie\emi_dataset_analysis_windows\data\20260821_154849\synchronized_measurements.csv,42,2026-08-21 13:08:49+00:00,470.0,80.1,-3.943,,unknown,,No metadata entry,True,True,True
20260821_154849,C:\Users\Sorin\OneDrive - Universitatea Vasile Alecsandri Bacau\Proiecte_Cercetare\FurduI\FSM_Achizitie\emi_dataset_analysis_windows\data\20260821_154849\synchronized_measurements.csv,43,2026-08-21 13:09:19+00:00,468.0,79.69,-3.933,,unknown,,No metadata entry,True,True,True
20260821_154849,C:\Users\Sorin\OneDrive - Universitatea Vasile Alecsandri Bacau\Proiecte_Cercetare\FurduI\FSM_Achizitie\emi_dataset_analysis_windows\data\20260821_154849\synchronized_measurements.csv,44,2026-08-21 13:09:49+00:00,469.0,79.69,-3.925,,unknown,,No metadata entry,True,True,True
20260821_154849,C:\Users\Sorin\OneDrive - Universitatea Vasile Alecsandri Bacau\Proiecte_Cercetare\FurduI\FSM_Achizitie\emi_dataset_analysis_windows\data\20260821_154849\synchronized_measurements.csv,45,2026-08-21 13:10:19+00:00,468.0,79.6,-3.916,,unknown,,No metadata entry,True,True,True
20260821_154849,C:\Users\Sorin\OneDrive - Universitatea Vasile Alecsandri Bacau\Proiecte_Cercetare\FurduI\FSM_Achizitie\emi_dataset_analysis_windows\data\20260821_154849\synchronized_measurements.csv,46,2026-08-21 13:10:49+00:00,467.0,79.9,-3.906,,unknown,,No metadata entry,True,True,True
20260821_154849,C:\Users\Sorin\OneDrive - Universitatea Vasile Alecsandri Bacau\Proiecte_Cercetare\FurduI\FSM_Achizitie\emi_dataset_analysis_windows\data\20260821_154849\synchronized_measurements.csv,47,2026-08-21 13:11:19+00:00,462.0,79.3,-3.893,,unknown,,No metadata entry,True,True,True
20260821_154849,C:\Users\Sorin\OneDrive - Universitatea Vasile Alecsandri Bacau\Proiecte_Cercetare\FurduI\FSM_Achizitie\emi_dataset_analysis_windows\data\20260821_154849\synchronized_measurements.csv,48,2026-08-21 13:11:49+00:00,461.0,79.1,-3.881,,unknown,,No metadata entry,True,True,True
20260821_154849,C:\Users\Sorin\OneDrive - Universitatea Vasile Alecsandri Bacau\Proiecte_Cercetare\FurduI\FSM_Achizitie\emi_dataset_analysis_windows\data\20260821_154849\synchronized_measurements.csv,49,2026-08-21 13:12:19+00:00,460.0,78.69,-3.873,,unknown,,No metadata entry,True,True,True
20260821_154849,C:\Users\Sorin\OneDrive - Universitatea Vasile Alecsandri Bacau\Proiecte_Cercetare\FurduI\FSM_Achizitie\emi_dataset_analysis_windows\data\20260821_154849\synchronized_measurements.csv,50,2026-08-21 13:12:49+00:00,459.0,78.5,-3.86,,unknown,,No metadata entry,True,True,True
20260821_154849,C:\Users\Sorin\OneDrive - Universitatea Vasile Alecsandri Bacau\Proiecte_Cercetare\FurduI\FSM_Achizitie\emi_dataset_analysis_windows\data\20260821_154849\synchronized_measurements.csv,51,2026-08-21 13:13:19+00:00,458.0,78.5,-3.852,,unknown,,No metadata entry,True,True,True
20260821_154849,C:\Users\Sorin\OneDrive - Universitatea Vasile Alecsandri Bacau\Proiecte_Cercetare\FurduI\FSM_Achizitie\emi_dataset_analysis_windows\data\20260821_154849\synchronized_measurements.csv,52,2026-08-21 13:13:49+00:00,457.0,78.19,-3.841,,unknown,,No metadata entry,True,True,True
20260821_154849,C:\Users\Sorin\OneDrive - Universitatea Vasile Alecsandri Bacau\Proiecte_Cercetare\FurduI\FSM_Achizitie\emi_dataset_analysis_windows\data\20260821_154849\synchronized_measurements.csv,53,2026-08-21 13:14:19+00:00,455.0,78.1,-3.829,,unknown,,No metadata entry,True,True,True
20260821_154849,C:\Users\Sorin\OneDrive - Universitatea Vasile Alecsandri Bacau\Proiecte_Cercetare\FurduI\FSM_Achizitie\emi_dataset_analysis_windows\data\20260821_154849\synchronized_measurements.csv,54,2026-08-21 13:14:49+00:00,453.0,77.69,-3.817,,unknown,,No metadata entry,True,True,True
20260821_154849,C:\Users\Sorin\OneDrive - Universitatea Vasile Alecsandri Bacau\Proiecte_Cercetare\FurduI\FSM_Achizitie\emi_dataset_analysis_windows\data\20260821_154849\synchronized_measurements.csv,55,2026-08-21 13:15:19+00:00,452.0,77.4,-3.807,,unknown,,No metadata entry,True,True,True
20260821_154849,C:\Users\Sorin\OneDrive - Universitatea Vasile Alecsandri Bacau\Proiecte_Cercetare\FurduI\FSM_Achizitie\emi_dataset_analysis_windows\data\20260821_154849\synchronized_measurements.csv,56,2026-08-21 13:15:49+00:00,451.0,77.4,-3.797,,unknown,,No metadata entry,True,True,True
20260821_154849,C:\Users\Sorin\OneDrive - Universitatea Vasile Alecsandri Bacau\Proiecte_Cercetare\FurduI\FSM_Achizitie\emi_dataset_analysis_windows\data\20260821_154849\synchronized_measurements.csv,57,2026-08-21 13:16:19+00:00,450.0,77.1,-3.786,,unknown,,No metadata entry,True,True,True
20260821_154849,C:\Users\Sorin\OneDrive - Universitatea Vasile Alecsandri Bacau\Proiecte_Cercetare\FurduI\FSM_Achizitie\emi_dataset_analysis_windows\data\20260821_154849\synchronized_measurements.csv,58,2026-08-21 13:16:49+00:00,448.0,76.8,-3.777,,unknown,,No metadata entry,True,True,True
20260821_154849,C:\Users\Sorin\OneDrive - Universitatea Vasile Alecsandri Bacau\Proiecte_Cercetare\FurduI\FSM_Achizitie\emi_dataset_analysis_windows\data\20260821_154849\synchronized_measurements.csv,59,2026-08-21 13:17:19+00:00,446.0,76.5,-3.703,,unknown,,No metadata entry,True,True,True
20260821_154849,C:\Users\Sorin\OneDrive - Universitatea Vasile Alecsandri Bacau\Proiecte_Cercetare\FurduI\FSM_Achizitie\emi_dataset_analysis_windows\data\20260821_154849\synchronized_measurements.csv,60,2026-08-21 13:17:49+00:00,444.0,76.3,-3.498,,unknown,,No metadata entry,True,True,True
20260821_154849,C:\Users\Sorin\OneDrive - Universitatea Vasile Alecsandri Bacau\Proiecte_Cercetare\FurduI\FSM_Achizitie\emi_dataset_analysis_windows\data\20260821_154849\synchronized_measurements.csv,61,2026-08-21 13:18:19+00:00,441.0,76.1,-3.754,,unknown,,No metadata entry,True,True,True
20260821_154849,C:\Users\Sorin\OneDrive - Universitatea Vasile Alecsandri Bacau\Proiecte_Cercetare\FurduI\FSM_Achizitie\emi_dataset_analysis_windows\data\20260821_154849\synchronized_measurements.csv,62,2026-08-21 13:18:49+00:00,438.0,75.3,-3.746,,unknown,,No metadata entry,True,True,True
20260821_154849,C:\Users\Sorin\OneDrive - Universitatea Vasile Alecsandri Bacau\Proiecte_Cercetare\FurduI\FSM_Achizitie\emi_dataset_analysis_windows\data\20260821_154849\synchronized_measurements.csv,63,2026-08-21 13:19:19+00:00,437.0,75.1,-3.737,,unknown,,No metadata entry,True,True,True
20260821_154849,C:\Users\Sorin\OneDrive - Universitatea Vasile Alecsandri Bacau\Proiecte_Cercetare\FurduI\FSM_Achizitie\emi_dataset_analysis_windows\data\20260821_154849\synchronized_measurements.csv,64,2026-08-21 13:19:49+00:00,436.0,74.69,-3.73,,unknown,,No metadata entry,True,True,True
20260821_154849,C:\Users\Sorin\OneDrive - Universitatea Vasile Alecsandri Bacau\Proiecte_Cercetare\FurduI\FSM_Achizitie\emi_dataset_analysis_windows\data\20260821_154849\synchronized_measurements.csv,65,2026-08-21 13:20:19+00:00,434.0,74.4,-3.724,,unknown,,No metadata entry,True,True,True
20260821_154849,C:\Users\Sorin\OneDrive - Universitatea Vasile Alecsandri Bacau\Proiecte_Cercetare\FurduI\FSM_Achizitie\emi_dataset_analysis_windows\data\20260821_154849\synchronized_measurements.csv,66,2026-08-21 13:20:49+00:00,432.0,74.3,-3.717,,unknown,,No metadata entry,True,True,True
20260821_154849,C:\Users\Sorin\OneDrive - Universitatea Vasile Alecsandri Bacau\Proiecte_Cercetare\FurduI\FSM_Achizitie\emi_dataset_analysis_windows\data\20260821_154849\synchronized_measurements.csv,67,2026-08-21 13:21:19+00:00,431.0,74.0,-3.702,,unknown,,No metadata entry,True,True,True
20260821_154849,C:\Users\Sorin\OneDrive - Universitatea Vasile Alecsandri Bacau\Proiecte_Cercetare\FurduI\FSM_Achizitie\emi_dataset_analysis_windows\data\20260821_154849\synchronized_measurements.csv,68,2026-08-21 13:21:49+00:00,428.0,73.6,-3.694,,unknown,,No metadata entry,True,True,True
20260821_154849,C:\Users\Sorin\OneDrive - Universitatea Vasile Alecsandri Bacau\Proiecte_Cercetare\FurduI\FSM_Achizitie\emi_dataset_analysis_windows\data\20260821_154849\synchronized_measurements.csv,69,2026-08-21 13:22:19+00:00,428.0,73.5,-3.679,,unknown,,No metadata entry,True,True,True
20260821_154849,C:\Users\Sorin\OneDrive - Universitatea Vasile Alecsandri Bacau\Proiecte_Cercetare\FurduI\FSM_Achizitie\emi_dataset_analysis_windows\data\20260821_154849\synchronized_measurements.csv,70,2026-08-21 13:22:49+00:00,427.0,73.4,-3.667,,unknown,,No metadata entry,True,True,True
20260821_154849,C:\Users\Sorin\OneDrive - Universitatea Vasile Alecsandri Bacau\Proiecte_Cercetare\FurduI\FSM_Achizitie\emi_dataset_analysis_windows\data\20260821_154849\synchronized_measurements.csv,71,2026-08-21 13:23:19+00:00,425.0,73.1,-3.658,,unknown,,No metadata entry,True,True,True
20260821_154849,C:\Users\Sorin\OneDrive - Universitatea Vasile Alecsandri Bacau\Proiecte_Cercetare\FurduI\FSM_Achizitie\emi_dataset_analysis_windows\data\20260821_154849\synchronized_measurements.csv,72,2026-08-21 13:24:19+00:00,422.0,72.4,-3.634,,unknown,,No metadata entry,True,True,True
20260821_154849,C:\Users\Sorin\OneDrive - Universitatea Vasile Alecsandri Bacau\Proiecte_Cercetare\FurduI\FSM_Achizitie\emi_dataset_analysis_windows\data\20260821_154849\synchronized_measurements.csv,73,2026-08-21 13:24:49+00:00,420.0,72.1,-3.619,,unknown,,No metadata entry,True,True,True
20260821_154849,C:\Users\Sorin\OneDrive - Universitatea Vasile Alecsandri Bacau\Proiecte_Cercetare\FurduI\FSM_Achizitie\emi_dataset_analysis_windows\data\20260821_154849\synchronized_measurements.csv,74,2026-08-21 13:25:19+00:00,418.0,71.9,-3.607,,unknown,,No metadata entry,True,True,True
20260821_154849,C:\Users\Sorin\OneDrive - Universitatea Vasile Alecsandri Bacau\Proiecte_Cercetare\FurduI\FSM_Achizitie\emi_dataset_analysis_windows\data\20260821_154849\synchronized_measurements.csv,75,2026-08-21 13:25:49+00:00,417.0,71.8,-3.595,,unknown,,No metadata entry,True,True,True
20260821_154849,C:\Users\Sorin\OneDrive - Universitatea Vasile Alecsandri Bacau\Proiecte_Cercetare\FurduI\FSM_Achizitie\emi_dataset_analysis_windows\data\20260821_154849\synchronized_measurements.csv,76,2026-08-21 13:26:19+00:00,416.0,71.6,-3.58,,unknown,,No metadata entry,True,True,True
20260821_154849,C:\Users\Sorin\OneDrive - Universitatea Vasile Alecsandri Bacau\Proiecte_Cercetare\FurduI\FSM_Achizitie\emi_dataset_analysis_windows\data\20260821_154849\synchronized_measurements.csv,77,2026-08-21 13:26:49+00:00,415.0,71.5,-3.57,,unknown,,No metadata entry,True,True,True
20260821_154849,C:\Users\Sorin\OneDrive - Universitatea Vasile Alecsandri Bacau\Proiecte_Cercetare\FurduI\FSM_Achizitie\emi_dataset_analysis_windows\data\20260821_154849\synchronized_measurements.csv,78,2026-08-21 13:27:19+00:00,415.0,71.3,-3.549,,unknown,,No metadata entry,True,True,True
20260821_154849,C:\Users\Sorin\OneDrive - Universitatea Vasile Alecsandri Bacau\Proiecte_Cercetare\FurduI\FSM_Achizitie\emi_dataset_analysis_windows\data\20260821_154849\synchronized_measurements.csv,79,2026-08-21 13:27:49+00:00,413.0,71.19,-3.538,,unknown,,No metadata entry,True,True,True
20260821_154849,C:\Users\Sorin\OneDrive - Universitatea Vasile Alecsandri Bacau\Proiecte_Cercetare\FurduI\FSM_Achizitie\emi_dataset_analysis_windows\data\20260821_154849\synchronized_measurements.csv,80,2026-08-21 13:28:19+00:00,412.0,70.9,-3.518,,unknown,,No metadata entry,True,True,True
20260821_154849,C:\Users\Sorin\OneDrive - Universitatea Vasile Alecsandri Bacau\Proiecte_Cercetare\FurduI\FSM_Achizitie\emi_dataset_analysis_windows\data\20260821_154849\synchronized_measurements.csv,81,2026-08-21 13:28:49+00:00,410.0,70.69,-3.522,,unknown,,No metadata entry,True,True,True
20260821_154849,C:\Users\Sorin\OneDrive - Universitatea Vasile Alecsandri Bacau\Proiecte_Cercetare\FurduI\FSM_Achizitie\emi_dataset_analysis_windows\data\20260821_154849\synchronized_measurements.csv,82,2026-08-21 13:29:19+00:00,408.0,70.5,-3.515,,unknown,,No metadata entry,True,True,True
20260821_154849,C:\Users\Sorin\OneDrive - Universitatea Vasile Alecsandri Bacau\Proiecte_Cercetare\FurduI\FSM_Achizitie\emi_dataset_analysis_windows\data\20260821_154849\synchronized_measurements.csv,83,2026-08-21 13:29:49+00:00,407.0,70.3,-3.504,,unknown,,No metadata entry,True,True,True
20260821_154849,C:\Users\Sorin\OneDrive - Universitatea Vasile Alecsandri Bacau\Proiecte_Cercetare\FurduI\FSM_Achizitie\emi_dataset_analysis_windows\data\20260821_154849\synchronized_measurements.csv,84,2026-08-21 13:30:19+00:00,407.0,70.3,-3.367,,unknown,,No metadata entry,True,True,True
20260821_154849,C:\Users\Sorin\OneDrive - Universitatea Vasile Alecsandri Bacau\Proiecte_Cercetare\FurduI\FSM_Achizitie\emi_dataset_analysis_windows\data\20260821_154849\synchronized_measurements.csv,85,2026-08-21 13:30:49+00:00,406.0,70.1,-3.481,,unknown,,No metadata entry,True,True,True
20260821_154849,C:\Users\Sorin\OneDrive - Universitatea Vasile Alecsandri Bacau\Proiecte_Cercetare\FurduI\FSM_Achizitie\emi_dataset_analysis_windows\data\20260821_154849\synchronized_measurements.csv,86,2026-08-21 13:31:19+00:00,405.0,70.0,-3.472,,unknown,,No metadata entry,True,True,True
20260821_154849,C:\Users\Sorin\OneDrive - Universitatea Vasile Alecsandri Bacau\Proiecte_Cercetare\FurduI\FSM_Achizitie\emi_dataset_analysis_windows\data\20260821_154849\synchronized_measurements.csv,87,2026-08-21 13:31:49+00:00,404.0,70.1,-3.458,,unknown,,No metadata entry,True,True,True
20260821_154849,C:\Users\Sorin\OneDrive - Universitatea Vasile Alecsandri Bacau\Proiecte_Cercetare\FurduI\FSM_Achizitie\emi_dataset_analysis_windows\data\20260821_154849\synchronized_measurements.csv,88,2026-08-21 13:32:19+00:00,404.0,69.8,-3.449,,unknown,,No metadata entry,True,True,True
20260821_154849,C:\Users\Sorin\OneDrive - Universitatea Vasile Alecsandri Bacau\Proiecte_Cercetare\FurduI\FSM_Achizitie\emi_dataset_analysis_windows\data\20260821_154849\synchronized_measurements.csv,89,2026-08-21 13:32:49+00:00,403.0,69.8,-3.437,,unknown,,No metadata entry,True,True,True
20260821_154849,C:\Users\Sorin\OneDrive - Universitatea Vasile Alecsandri Bacau\Proiecte_Cercetare\FurduI\FSM_Achizitie\emi_dataset_analysis_windows\data\20260821_154849\synchronized_measurements.csv,90,2026-08-21 13:33:19+00:00,402.0,69.69,-3.429,,unknown,,No metadata entry,True,True,True
20260821_154849,C:\Users\Sorin\OneDrive - Universitatea Vasile Alecsandri Bacau\Proiecte_Cercetare\FurduI\FSM_Achizitie\emi_dataset_analysis_windows\data\20260821_154849\synchronized_measurements.csv,91,2026-08-21 13:33:49+00:00,401.0,69.6,-3.417,,unknown,,No metadata entry,True,True,True
20260821_154849,C:\Users\Sorin\OneDrive - Universitatea Vasile Alecsandri Bacau\Proiecte_Cercetare\FurduI\FSM_Achizitie\emi_dataset_analysis_windows\data\20260821_154849\synchronized_measurements.csv,92,2026-08-21 13:34:19+00:00,400.0,69.4,-3.406,,unknown,,No metadata entry,True,True,True
20260821_154849,C:\Users\Sorin\OneDrive - Universitatea Vasile Alecsandri Bacau\Proiecte_Cercetare\FurduI\FSM_Achizitie\emi_dataset_analysis_windows\data\20260821_154849\synchronized_measurements.csv,93,2026-08-21 13:34:49+00:00,398.0,69.0,-3.398,,unknown,,No metadata entry,True,True,True
20260821_154849,C:\Users\Sorin\OneDrive - Universitatea Vasile Alecsandri Bacau\Proiecte_Cercetare\FurduI\FSM_Achizitie\emi_dataset_analysis_windows\data\20260821_154849\synchronized_measurements.csv,94,2026-08-21 13:35:19+00:00,396.0,68.8,-3.383,,unknown,,No metadata entry,True,True,True
20260821_154849,C:\Users\Sorin\OneDrive - Universitatea Vasile Alecsandri Bacau\Proiecte_Cercetare\FurduI\FSM_Achizitie\emi_dataset_analysis_windows\data\20260821_154849\synchronized_measurements.csv,95,2026-08-21 13:35:49+00:00,394.0,68.5,-3.373,,unknown,,No metadata entry,True,True,True
20260821_154849,C:\Users\Sorin\OneDrive - Universitatea Vasile Alecsandri Bacau\Proiecte_Cercetare\FurduI\FSM_Achizitie\emi_dataset_analysis_windows\data\20260821_154849\synchronized_measurements.csv,96,2026-08-21 13:36:19+00:00,392.0,68.19,-3.364,,unknown,,No metadata entry,True,True,True
20260821_154849,C:\Users\Sorin\OneDrive - Universitatea Vasile Alecsandri Bacau\Proiecte_Cercetare\FurduI\FSM_Achizitie\emi_dataset_analysis_windows\data\20260821_154849\synchronized_measurements.csv,97,2026-08-21 13:36:49+00:00,391.0,67.8,-3.347,,unknown,,No metadata entry,True,True,True
20260821_154849,C:\Users\Sorin\OneDrive - Universitatea Vasile Alecsandri Bacau\Proiecte_Cercetare\FurduI\FSM_Achizitie\emi_dataset_analysis_windows\data\20260821_154849\synchronized_measurements.csv,98,2026-08-21 13:37:19+00:00,389.0,67.69,-3.337,,unknown,,No metadata entry,True,True,True
20260821_154849,C:\Users\Sorin\OneDrive - Universitatea Vasile Alecsandri Bacau\Proiecte_Cercetare\FurduI\FSM_Achizitie\emi_dataset_analysis_windows\data\20260821_154849\synchronized_measurements.csv,99,2026-08-21 13:37:49+00:00,388.0,67.5,-3.333,,unknown,,No metadata entry,True,True,True
20260821_154849,C:\Users\Sorin\OneDrive - Universitatea Vasile Alecsandri Bacau\Proiecte_Cercetare\FurduI\FSM_Achizitie\emi_dataset_analysis_windows\data\20260821_154849\synchronized_measurements.csv,100,2026-08-21 13:38:19+00:00,387.0,67.19,-3.315,,unknown,,No metadata entry,True,True,True
20260821_154849,C:\Users\Sorin\OneDrive - Universitatea Vasile Alecsandri Bacau\Proiecte_Cercetare\FurduI\FSM_Achizitie\emi_dataset_analysis_windows\data\20260821_154849\synchronized_measurements.csv,101,2026-08-21 13:38:49+00:00,385.0,67.1,-3.307,,unknown,,No metadata entry,True,True,True
20260821_154849,C:\Users\Sorin\OneDrive - Universitatea Vasile Alecsandri Bacau\Proiecte_Cercetare\FurduI\FSM_Achizitie\emi_dataset_analysis_windows\data\20260821_154849\synchronized_measurements.csv,102,2026-08-21 13:39:19+00:00,383.0,66.8,-3.291,,unknown,,No metadata entry,True,True,True
20260821_154849,C:\Users\Sorin\OneDrive - Universitatea Vasile Alecsandri Bacau\Proiecte_Cercetare\FurduI\FSM_Achizitie\emi_dataset_analysis_windows\data\20260821_154849\synchronized_measurements.csv,103,2026-08-21 13:39:49+00:00,381.0,66.3,-3.282,,unknown,,No metadata entry,True,True,True
20260821_154849,C:\Users\Sorin\OneDrive - Universitatea Vasile Alecsandri Bacau\Proiecte_Cercetare\FurduI\FSM_Achizitie\emi_dataset_analysis_windows\data\20260821_154849\synchronized_measurements.csv,104,2026-08-21 13:40:19+00:00,379.0,65.9,-3.268,,unknown,,No metadata entry,True,True,True
20260821_154849,C:\Users\Sorin\OneDrive - Universitatea Vasile Alecsandri Bacau\Proiecte_Cercetare\FurduI\FSM_Achizitie\emi_dataset_analysis_windows\data\20260821_154849\synchronized_measurements.csv,105,2026-08-21 13:40:49+00:00,378.0,65.6,-3.262,,unknown,,No metadata entry,True,True,True
20260821_154849,C:\Users\Sorin\OneDrive - Universitatea Vasile Alecsandri Bacau\Proiecte_Cercetare\FurduI\FSM_Achizitie\emi_dataset_analysis_windows\data\20260821_154849\synchronized_measurements.csv,106,2026-08-21 13:41:20+00:00,376.0,65.5,-4.251,,unknown,,No metadata entry,True,True,True
20260821_154849,C:\Users\Sorin\OneDrive - Universitatea Vasile Alecsandri Bacau\Proiecte_Cercetare\FurduI\FSM_Achizitie\emi_dataset_analysis_windows\data\20260821_154849\synchronized_measurements.csv,107,2026-08-21 13:41:50+00:00,375.0,65.3,-4.24,,unknown,,No metadata entry,True,True,True
20260821_154849,C:\Users\Sorin\OneDrive - Universitatea Vasile Alecsandri Bacau\Proiecte_Cercetare\FurduI\FSM_Achizitie\emi_dataset_analysis_windows\data\20260821_154849\synchronized_measurements.csv,108,2026-08-21 13:42:20+00:00,373.0,65.0,-4.227,,unknown,,No metadata entry,True,True,True
20260821_154849,C:\Users\Sorin\OneDrive - Universitatea Vasile Alecsandri Bacau\Proiecte_Cercetare\FurduI\FSM_Achizitie\emi_dataset_analysis_windows\data\20260821_154849\synchronized_measurements.csv,109,2026-08-21 13:42:50+00:00,372.0,64.8,-4.217,,unknown,,No metadata entry,True,True,True
20260821_154849,C:\Users\Sorin\OneDrive - Universitatea Vasile Alecsandri Bacau\Proiecte_Cercetare\FurduI\FSM_Achizitie\emi_dataset_analysis_windows\data\20260821_154849\synchronized_measurements.csv,110,2026-08-21 13:43:50+00:00,368.0,64.1,-4.191,,unknown,,No metadata entry,True,True,True
20260821_154849,C:\Users\Sorin\OneDrive - Universitatea Vasile Alecsandri Bacau\Proiecte_Cercetare\FurduI\FSM_Achizitie\emi_dataset_analysis_windows\data\20260821_154849\synchronized_measurements.csv,111,2026-08-21 13:44:20+00:00,366.0,63.8,-4.177,,unknown,,No metadata entry,True,True,True
20260821_154849,C:\Users\Sorin\OneDrive - Universitatea Vasile Alecsandri Bacau\Proiecte_Cercetare\FurduI\FSM_Achizitie\emi_dataset_analysis_windows\data\20260821_154849\synchronized_measurements.csv,112,2026-08-21 13:44:50+00:00,364.0,63.5,-4.166,,unknown,,No metadata entry,True,True,True
20260821_154849,C:\Users\Sorin\OneDrive - Universitatea Vasile Alecsandri Bacau\Proiecte_Cercetare\FurduI\FSM_Achizitie\emi_dataset_analysis_windows\data\20260821_154849\synchronized_measurements.csv,113,2026-08-21 13:45:20+00:00,363.0,63.3,-4.15,,unknown,,No metadata entry,True,True,True
20260821_154849,C:\Users\Sorin\OneDrive - Universitatea Vasile Alecsandri Bacau\Proiecte_Cercetare\FurduI\FSM_Achizitie\emi_dataset_analysis_windows\data\20260821_154849\synchronized_measurements.csv,114,2026-08-21 13:45:50+00:00,362.0,63.0,-4.136,,unknown,,No metadata entry,True,True,True
20260821_154849,C:\Users\Sorin\OneDrive - Universitatea Vasile Alecsandri Bacau\Proiecte_Cercetare\FurduI\FSM_Achizitie\emi_dataset_analysis_windows\data\20260821_154849\synchronized_measurements.csv,115,2026-08-21 13:46:20+00:00,360.0,62.8,-4.125,,unknown,,No metadata entry,True,True,True
20260821_154849,C:\Users\Sorin\OneDrive - Universitatea Vasile Alecsandri Bacau\Proiecte_Cercetare\FurduI\FSM_Achizitie\emi_dataset_analysis_windows\data\20260821_154849\synchronized_measurements.csv,116,2026-08-21 13:46:50+00:00,358.0,62.5,-4.116,,unknown,,No metadata entry,True,True,True
20260821_154849,C:\Users\Sorin\OneDrive - Universitatea Vasile Alecsandri Bacau\Proiecte_Cercetare\FurduI\FSM_Achizitie\emi_dataset_analysis_windows\data\20260821_154849\synchronized_measurements.csv,117,2026-08-21 13:47:20+00:00,357.0,62.3,-4.105,,unknown,,No metadata entry,True,True,True
20260821_154849,C:\Users\Sorin\OneDrive - Universitatea Vasile Alecsandri Bacau\Proiecte_Cercetare\FurduI\FSM_Achizitie\emi_dataset_analysis_windows\data\20260821_154849\synchronized_measurements.csv,118,2026-08-21 13:47:50+00:00,356.0,62.2,-4.094,,unknown,,No metadata entry,True,True,True
20260821_154849,C:\Users\Sorin\OneDrive - Universitatea Vasile Alecsandri Bacau\Proiecte_Cercetare\FurduI\FSM_Achizitie\emi_dataset_analysis_windows\data\20260821_154849\synchronized_measurements.csv,119,2026-08-21 13:48:20+00:00,354.0,61.9,-4.078,,unknown,,No metadata entry,True,True,True
20260821_154849,C:\Users\Sorin\OneDrive - Universitatea Vasile Alecsandri Bacau\Proiecte_Cercetare\FurduI\FSM_Achizitie\emi_dataset_analysis_windows\data\20260821_154849\synchronized_measurements.csv,120,2026-08-21 13:48:50+00:00,354.0,61.7,-4.066,,unknown,,No metadata entry,True,True,True
20260821_154849,C:\Users\Sorin\OneDrive - Universitatea Vasile Alecsandri Bacau\Proiecte_Cercetare\FurduI\FSM_Achizitie\emi_dataset_analysis_windows\data\20260821_154849\synchronized_measurements.csv,121,2026-08-21 13:49:20+00:00,353.0,61.6,-4.054,,unknown,,No metadata entry,True,True,True
20260821_154849,C:\Users\Sorin\OneDrive - Universitatea Vasile Alecsandri Bacau\Proiecte_Cercetare\FurduI\FSM_Achizitie\emi_dataset_analysis_windows\data\20260821_154849\synchronized_measurements.csv,122,2026-08-21 13:49:50+00:00,351.0,61.3,-4.042,,unknown,,No metadata entry,True,True,True
20260821_154849,C:\Users\Sorin\OneDrive - Universitatea Vasile Alecsandri Bacau\Proiecte_Cercetare\FurduI\FSM_Achizitie\emi_dataset_analysis_windows\data\20260821_154849\synchronized_measurements.csv,123,2026-08-21 13:50:20+00:00,349.0,61.0,-4.03,,unknown,,No metadata entry,True,True,True
20260821_154849,C:\Users\Sorin\OneDrive - Universitatea Vasile Alecsandri Bacau\Proiecte_Cercetare\FurduI\FSM_Achizitie\emi_dataset_analysis_windows\data\20260821_154849\synchronized_measurements.csv,124,2026-08-21 13:50:50+00:00,348.0,60.9,-4.025,,unknown,,No metadata entry,True,True,True
20260821_154849,C:\Users\Sorin\OneDrive - Universitatea Vasile Alecsandri Bacau\Proiecte_Cercetare\FurduI\FSM_Achizitie\emi_dataset_analysis_windows\data\20260821_154849\synchronized_measurements.csv,125,2026-08-21 13:51:20+00:00,346.0,60.5,-4.011,,unknown,,No metadata entry,True,True,True
20260821_154849,C:\Users\Sorin\OneDrive - Universitatea Vasile Alecsandri Bacau\Proiecte_Cercetare\FurduI\FSM_Achizitie\emi_dataset_analysis_windows\data\20260821_154849\synchronized_measurements.csv,126,2026-08-21 13:51:50+00:00,345.0,60.2,-3.997,,unknown,,No metadata entry,True,True,True
20260821_154849,C:\Users\Sorin\OneDrive - Universitatea Vasile Alecsandri Bacau\Proiecte_Cercetare\FurduI\FSM_Achizitie\emi_dataset_analysis_windows\data\20260821_154849\synchronized_measurements.csv,127,2026-08-21 13:52:20+00:00,343.0,59.8,-3.986,,unknown,,No metadata entry,True,True,True
20260821_154849,C:\Users\Sorin\OneDrive - Universitatea Vasile Alecsandri Bacau\Proiecte_Cercetare\FurduI\FSM_Achizitie\emi_dataset_analysis_windows\data\20260821_154849\synchronized_measurements.csv,128,2026-08-21 13:52:50+00:00,343.0,59.5,-3.978,,unknown,,No metadata entry,True,True,True
20260821_154849,C:\Users\Sorin\OneDrive - Universitatea Vasile Alecsandri Bacau\Proiecte_Cercetare\FurduI\FSM_Achizitie\emi_dataset_analysis_windows\data\20260821_154849\synchronized_measurements.csv,129,2026-08-21 13:53:20+00:00,341.0,59.4,-3.967,,unknown,,No metadata entry,True,True,True
20260821_154849,C:\Users\Sorin\OneDrive - Universitatea Vasile Alecsandri Bacau\Proiecte_Cercetare\FurduI\FSM_Achizitie\emi_dataset_analysis_windows\data\20260821_154849\synchronized_measurements.csv,130,2026-08-21 13:53:50+00:00,340.0,59.2,-3.957,,unknown,,No metadata entry,True,True,True
20260821_154849,C:\Users\Sorin\OneDrive - Universitatea Vasile Alecsandri Bacau\Proiecte_Cercetare\FurduI\FSM_Achizitie\emi_dataset_analysis_windows\data\20260821_154849\synchronized_measurements.csv,131,2026-08-21 13:54:20+00:00,339.0,59.2,-3.943,,unknown,,No metadata entry,True,True,True
20260821_154849,C:\Users\Sorin\OneDrive - Universitatea Vasile Alecsandri Bacau\Proiecte_Cercetare\FurduI\FSM_Achizitie\emi_dataset_analysis_windows\data\20260821_154849\synchronized_measurements.csv,132,2026-08-21 13:54:50+00:00,338.0,59.0,-3.933,,unknown,,No metadata entry,True,True,True
20260821_154849,C:\Users\Sorin\OneDrive - Universitatea Vasile Alecsandri Bacau\Proiecte_Cercetare\FurduI\FSM_Achizitie\emi_dataset_analysis_windows\data\20260821_154849\synchronized_measurements.csv,133,2026-08-21 13:55:20+00:00,336.0,58.7,-3.929,,unknown,,No metadata entry,True,True,True
20260821_154849,C:\Users\Sorin\OneDrive - Universitatea Vasile Alecsandri Bacau\Proiecte_Cercetare\FurduI\FSM_Achizitie\emi_dataset_analysis_windows\data\20260821_154849\synchronized_measurements.csv,134,2026-08-21 13:55:50+00:00,334.0,58.5,-3.915,,unknown,,No metadata entry,True,True,True
20260821_154849,C:\Users\Sorin\OneDrive - Universitatea Vasile Alecsandri Bacau\Proiecte_Cercetare\FurduI\FSM_Achizitie\emi_dataset_analysis_windows\data\20260821_154849\synchronized_measurements.csv,135,2026-08-21 13:56:20+00:00,333.0,58.3,-3.712,,unknown,,No metadata entry,True,True,True
20260821_154849,C:\Users\Sorin\OneDrive - Universitatea Vasile Alecsandri Bacau\Proiecte_Cercetare\FurduI\FSM_Achizitie\emi_dataset_analysis_windows\data\20260821_154849\synchronized_measurements.csv,136,2026-08-21 13:56:50+00:00,332.0,58.2,-3.894,,unknown,,No metadata entry,True,True,True
20260821_154849,C:\Users\Sorin\OneDrive - Universitatea Vasile Alecsandri Bacau\Proiecte_Cercetare\FurduI\FSM_Achizitie\emi_dataset_analysis_windows\data\20260821_154849\synchronized_measurements.csv,137,2026-08-21 13:57:20+00:00,330.0,57.6,-3.886,,unknown,,No metadata entry,True,True,True
20260821_154849,C:\Users\Sorin\OneDrive - Universitatea Vasile Alecsandri Bacau\Proiecte_Cercetare\FurduI\FSM_Achizitie\emi_dataset_analysis_windows\data\20260821_154849\synchronized_measurements.csv,138,2026-08-21 13:57:50+00:00,328.0,57.5,-3.874,,unknown,,No metadata entry,True,True,True
20260821_154849,C:\Users\Sorin\OneDrive - Universitatea Vasile Alecsandri Bacau\Proiecte_Cercetare\FurduI\FSM_Achizitie\emi_dataset_analysis_windows\data\20260821_154849\synchronized_measurements.csv,139,2026-08-21 13:58:20+00:00,327.0,57.1,-3.864,,unknown,,No metadata entry,True,True,True
20260821_154849,C:\Users\Sorin\OneDrive - Universitatea Vasile Alecsandri Bacau\Proiecte_Cercetare\FurduI\FSM_Achizitie\emi_dataset_analysis_windows\data\20260821_154849\synchronized_measurements.csv,140,2026-08-21 13:58:50+00:00,327.0,57.1,-3.849,,unknown,,No metadata entry,True,True,True
20260821_154849,C:\Users\Sorin\OneDrive - Universitatea Vasile Alecsandri Bacau\Proiecte_Cercetare\FurduI\FSM_Achizitie\emi_dataset_analysis_windows\data\20260821_154849\synchronized_measurements.csv,141,2026-08-21 13:59:20+00:00,324.0,56.7,-3.839,,unknown,,No metadata entry,True,True,True
20260821_154849,C:\Users\Sorin\OneDrive - Universitatea Vasile Alecsandri Bacau\Proiecte_Cercetare\FurduI\FSM_Achizitie\emi_dataset_analysis_windows\data\20260821_154849\synchronized_measurements.csv,142,2026-08-21 13:59:50+00:00,323.0,56.5,-3.823,,unknown,,No metadata entry,True,True,True
20260821_154849,C:\Users\Sorin\OneDrive - Universitatea Vasile Alecsandri Bacau\Proiecte_Cercetare\FurduI\FSM_Achizitie\emi_dataset_analysis_windows\data\20260821_154849\synchronized_measurements.csv,143,2026-08-21 14:00:20+00:00,321.0,56.2,-3.809,,unknown,,No metadata entry,True,True,True
20260821_154849,C:\Users\Sorin\OneDrive - Universitatea Vasile Alecsandri Bacau\Proiecte_Cercetare\FurduI\FSM_Achizitie\emi_dataset_analysis_windows\data\20260821_154849\synchronized_measurements.csv,144,2026-08-21 14:00:50+00:00,318.0,55.8,-3.796,,unknown,,No metadata entry,True,True,True
20260821_154849,C:\Users\Sorin\OneDrive - Universitatea Vasile Alecsandri Bacau\Proiecte_Cercetare\FurduI\FSM_Achizitie\emi_dataset_analysis_windows\data\20260821_154849\synchronized_measurements.csv,145,2026-08-21 14:01:20+00:00,316.0,55.4,-3.786,,unknown,,No metadata entry,True,True,True
20260821_154849,C:\Users\Sorin\OneDrive - Universitatea Vasile Alecsandri Bacau\Proiecte_Cercetare\FurduI\FSM_Achizitie\emi_dataset_analysis_windows\data\20260821_154849\synchronized_measurements.csv,146,2026-08-21 14:01:50+00:00,317.0,55.5,-3.771,,unknown,,No metadata entry,True,True,True
20260821_154849,C:\Users\Sorin\OneDrive - Universitatea Vasile Alecsandri Bacau\Proiecte_Cercetare\FurduI\FSM_Achizitie\emi_dataset_analysis_windows\data\20260821_154849\synchronized_measurements.csv,147,2026-08-21 14:02:20+00:00,315.0,55.4,-3.757,,unknown,,No metadata entry,True,True,True
20260821_154849,C:\Users\Sorin\OneDrive - Universitatea Vasile Alecsandri Bacau\Proiecte_Cercetare\FurduI\FSM_Achizitie\emi_dataset_analysis_windows\data\20260821_154849\synchronized_measurements.csv,148,2026-08-21 14:02:50+00:00,313.0,54.8,-3.747,,unknown,,No metadata entry,True,True,True
20260821_154849,C:\Users\Sorin\OneDrive - Universitatea Vasile Alecsandri Bacau\Proiecte_Cercetare\FurduI\FSM_Achizitie\emi_dataset_analysis_windows\data\20260821_154849\synchronized_measurements.csv,149,2026-08-21 14:03:20+00:00,312.0,54.6,-3.732,,unknown,,No metadata entry,True,True,True
20260821_154849,C:\Users\Sorin\OneDrive - Universitatea Vasile Alecsandri Bacau\Proiecte_Cercetare\FurduI\FSM_Achizitie\emi_dataset_analysis_windows\data\20260821_154849\synchronized_measurements.csv,150,2026-08-21 14:03:50+00:00,311.0,54.5,-3.725,,unknown,,No metadata entry,True,True,True
20260821_154849,C:\Users\Sorin\OneDrive - Universitatea Vasile Alecsandri Bacau\Proiecte_Cercetare\FurduI\FSM_Achizitie\emi_dataset_analysis_windows\data\20260821_154849\synchronized_measurements.csv,151,2026-08-21 14:04:20+00:00,310.0,54.4,-3.719,,unknown,,No metadata entry,True,True,True
20260821_154849,C:\Users\Sorin\OneDrive - Universitatea Vasile Alecsandri Bacau\Proiecte_Cercetare\FurduI\FSM_Achizitie\emi_dataset_analysis_windows\data\20260821_154849\synchronized_measurements.csv,152,2026-08-21 14:04:50+00:00,309.0,54.5,-3.707,,unknown,,No metadata entry,True,True,True
20260821_154849,C:\Users\Sorin\OneDrive - Universitatea Vasile Alecsandri Bacau\Proiecte_Cercetare\FurduI\FSM_Achizitie\emi_dataset_analysis_windows\data\20260821_154849\synchronized_measurements.csv,153,2026-08-21 14:05:20+00:00,307.0,54.1,-3.697,,unknown,,No metadata entry,True,True,True
20260821_154849,C:\Users\Sorin\OneDrive - Universitatea Vasile Alecsandri Bacau\Proiecte_Cercetare\FurduI\FSM_Achizitie\emi_dataset_analysis_windows\data\20260821_154849\synchronized_measurements.csv,154,2026-08-21 14:05:50+00:00,306.0,53.8,-3.688,,unknown,,No metadata entry,True,True,True
20260821_154849,C:\Users\Sorin\OneDrive - Universitatea Vasile Alecsandri Bacau\Proiecte_Cercetare\FurduI\FSM_Achizitie\emi_dataset_analysis_windows\data\20260821_154849\synchronized_measurements.csv,155,2026-08-21 14:06:20+00:00,304.0,53.5,-3.674,,unknown,,No metadata entry,True,True,True
20260821_154849,C:\Users\Sorin\OneDrive - Universitatea Vasile Alecsandri Bacau\Proiecte_Cercetare\FurduI\FSM_Achizitie\emi_dataset_analysis_windows\data\20260821_154849\synchronized_measurements.csv,156,2026-08-21 14:06:50+00:00,303.0,53.1,-3.662,,unknown,,No metadata entry,True,True,True
20260821_154849,C:\Users\Sorin\OneDrive - Universitatea Vasile Alecsandri Bacau\Proiecte_Cercetare\FurduI\FSM_Achizitie\emi_dataset_analysis_windows\data\20260821_154849\synchronized_measurements.csv,157,2026-08-21 14:07:20+00:00,301.0,53.0,-3.65,,unknown,,No metadata entry,True,True,True
20260821_154849,C:\Users\Sorin\OneDrive - Universitatea Vasile Alecsandri Bacau\Proiecte_Cercetare\FurduI\FSM_Achizitie\emi_dataset_analysis_windows\data\20260821_154849\synchronized_measurements.csv,158,2026-08-21 14:07:50+00:00,302.0,52.9,-3.638,,unknown,,No metadata entry,True,True,True
20260821_154849,C:\Users\Sorin\OneDrive - Universitatea Vasile Alecsandri Bacau\Proiecte_Cercetare\FurduI\FSM_Achizitie\emi_dataset_analysis_windows\data\20260821_154849\synchronized_measurements.csv,159,2026-08-21 14:08:20+00:00,299.0,52.5,-3.627,,unknown,,No metadata entry,True,True,True
20260821_154849,C:\Users\Sorin\OneDrive - Universitatea Vasile Alecsandri Bacau\Proiecte_Cercetare\FurduI\FSM_Achizitie\emi_dataset_analysis_windows\data\20260821_154849\synchronized_measurements.csv,160,2026-08-21 14:08:50+00:00,299.0,52.5,-3.597,,unknown,,No metadata entry,True,True,True
20260821_154849,C:\Users\Sorin\OneDrive - Universitatea Vasile Alecsandri Bacau\Proiecte_Cercetare\FurduI\FSM_Achizitie\emi_dataset_analysis_windows\data\20260821_154849\synchronized_measurements.csv,161,2026-08-21 14:09:20+00:00,298.0,52.3,-3.392,,unknown,,No metadata entry,True,True,True
20260821_154849,C:\Users\Sorin\OneDrive - Universitatea Vasile Alecsandri Bacau\Proiecte_Cercetare\FurduI\FSM_Achizitie\emi_dataset_analysis_windows\data\20260821_154849\synchronized_measurements.csv,162,2026-08-21 14:09:50+00:00,296.0,52.3,-3.594,,unknown,,No metadata entry,True,True,True
20260821_154849,C:\Users\Sorin\OneDrive - Universitatea Vasile Alecsandri Bacau\Proiecte_Cercetare\FurduI\FSM_Achizitie\emi_dataset_analysis_windows\data\20260821_154849\synchronized_measurements.csv,163,2026-08-21 14:10:20+00:00,296.0,52.3,-3.585,,unknown,,No metadata entry,True,True,True
20260821_154849,C:\Users\Sorin\OneDrive - Universitatea Vasile Alecsandri Bacau\Proiecte_Cercetare\FurduI\FSM_Achizitie\emi_dataset_analysis_windows\data\20260821_154849\synchronized_measurements.csv,164,2026-08-21 14:10:50+00:00,296.0,52.2,-3.573,,unknown,,No metadata entry,True,True,True
20260821_154849,C:\Users\Sorin\OneDrive - Universitatea Vasile Alecsandri Bacau\Proiecte_Cercetare\FurduI\FSM_Achizitie\emi_dataset_analysis_windows\data\20260821_154849\synchronized_measurements.csv,165,2026-08-21 14:11:20+00:00,295.0,52.0,-3.561,,unknown,,No metadata entry,True,True,True
20260822_163702,C:\Users\Sorin\OneDrive - Universitatea Vasile Alecsandri Bacau\Proiecte_Cercetare\FurduI\FSM_Achizitie\emi_dataset_analysis_windows\data\20260822_163702\synchronized_measurements.csv,2,2026-08-22 13:37:02+00:00,369.0,63.7,1.247,,unknown,,No metadata entry,True,True,True
20260822_163702,C:\Users\Sorin\OneDrive - Universitatea Vasile Alecsandri Bacau\Proiecte_Cercetare\FurduI\FSM_Achizitie\emi_dataset_analysis_windows\data\20260822_163702\synchronized_measurements.csv,3,2026-08-22 13:37:32+00:00,368.0,63.5,1.251,,unknown,,No metadata entry,True,True,True
20260822_163702,C:\Users\Sorin\OneDrive - Universitatea Vasile Alecsandri Bacau\Proiecte_Cercetare\FurduI\FSM_Achizitie\emi_dataset_analysis_windows\data\20260822_163702\synchronized_measurements.csv,4,2026-08-22 13:38:02+00:00,367.0,63.4,1.259,,unknown,,No metadata entry,True,True,True
20260822_163702,C:\Users\Sorin\OneDrive - Universitatea Vasile Alecsandri Bacau\Proiecte_Cercetare\FurduI\FSM_Achizitie\emi_dataset_analysis_windows\data\20260822_163702\synchronized_measurements.csv,5,2026-08-22 13:38:32+00:00,366.0,63.3,1.271,,unknown,,No metadata entry,True,True,True
20260822_163702,C:\Users\Sorin\OneDrive - Universitatea Vasile Alecsandri Bacau\Proiecte_Cercetare\FurduI\FSM_Achizitie\emi_dataset_analysis_windows\data\20260822_163702\synchronized_measurements.csv,6,2026-08-22 13:39:02+00:00,365.0,63.0,1.279,,unknown,,No metadata entry,True,True,True
20260822_163702,C:\Users\Sorin\OneDrive - Universitatea Vasile Alecsandri Bacau\Proiecte_Cercetare\FurduI\FSM_Achizitie\emi_dataset_analysis_windows\data\20260822_163702\synchronized_measurements.csv,7,2026-08-22 13:39:32+00:00,363.0,62.7,1.287,,unknown,,No metadata entry,True,True,True
20260822_163702,C:\Users\Sorin\OneDrive - Universitatea Vasile Alecsandri Bacau\Proiecte_Cercetare\FurduI\FSM_Achizitie\emi_dataset_analysis_windows\data\20260822_163702\synchronized_measurements.csv,8,2026-08-22 13:40:02+00:00,362.0,62.5,1.296,,unknown,,No metadata entry,True,True,True
20260822_163702,C:\Users\Sorin\OneDrive - Universitatea Vasile Alecsandri Bacau\Proiecte_Cercetare\FurduI\FSM_Achizitie\emi_dataset_analysis_windows\data\20260822_163702\synchronized_measurements.csv,9,2026-08-22 13:40:32+00:00,359.0,62.0,1.303,,unknown,,No metadata entry,True,True,True
20260822_163702,C:\Users\Sorin\OneDrive - Universitatea Vasile Alecsandri Bacau\Proiecte_Cercetare\FurduI\FSM_Achizitie\emi_dataset_analysis_windows\data\20260822_163702\synchronized_measurements.csv,10,2026-08-22 13:41:02+00:00,355.0,61.5,1.306,,unknown,,No metadata entry,True,True,True
20260822_163702,C:\Users\Sorin\OneDrive - Universitatea Vasile Alecsandri Bacau\Proiecte_Cercetare\FurduI\FSM_Achizitie\emi_dataset_analysis_windows\data\20260822_163702\synchronized_measurements.csv,11,2026-08-22 13:41:32+00:00,352.0,60.8,1.314,,unknown,,No metadata entry,True,True,True
20260822_163702,C:\Users\Sorin\OneDrive - Universitatea Vasile Alecsandri Bacau\Proiecte_Cercetare\FurduI\FSM_Achizitie\emi_dataset_analysis_windows\data\20260822_163702\synchronized_measurements.csv,12,2026-08-22 13:42:02+00:00,349.0,60.3,1.319,,unknown,,No metadata entry,True,True,True
20260822_163702,C:\Users\Sorin\OneDrive - Universitatea Vasile Alecsandri Bacau\Proiecte_Cercetare\FurduI\FSM_Achizitie\emi_dataset_analysis_windows\data\20260822_163702\synchronized_measurements.csv,13,2026-08-22 13:42:32+00:00,346.0,59.7,1.33,,unknown,,No metadata entry,True,True,True
20260822_163702,C:\Users\Sorin\OneDrive - Universitatea Vasile Alecsandri Bacau\Proiecte_Cercetare\FurduI\FSM_Achizitie\emi_dataset_analysis_windows\data\20260822_163702\synchronized_measurements.csv,14,2026-08-22 13:43:02+00:00,346.0,59.8,1.519,,unknown,,No metadata entry,True,True,True
20260822_163702,C:\Users\Sorin\OneDrive - Universitatea Vasile Alecsandri Bacau\Proiecte_Cercetare\FurduI\FSM_Achizitie\emi_dataset_analysis_windows\data\20260822_163702\synchronized_measurements.csv,15,2026-08-22 13:43:32+00:00,345.0,59.6,1.348,,unknown,,No metadata entry,True,True,True
20260822_163702,C:\Users\Sorin\OneDrive - Universitatea Vasile Alecsandri Bacau\Proiecte_Cercetare\FurduI\FSM_Achizitie\emi_dataset_analysis_windows\data\20260822_163702\synchronized_measurements.csv,16,2026-08-22 13:44:02+00:00,344.0,59.5,1.355,,unknown,,No metadata entry,True,True,True
20260822_163702,C:\Users\Sorin\OneDrive - Universitatea Vasile Alecsandri Bacau\Proiecte_Cercetare\FurduI\FSM_Achizitie\emi_dataset_analysis_windows\data\20260822_163702\synchronized_measurements.csv,17,2026-08-22 13:44:32+00:00,345.0,59.7,1.364,,unknown,,No metadata entry,True,True,True
20260822_163702,C:\Users\Sorin\OneDrive - Universitatea Vasile Alecsandri Bacau\Proiecte_Cercetare\FurduI\FSM_Achizitie\emi_dataset_analysis_windows\data\20260822_163702\synchronized_measurements.csv,18,2026-08-22 13:45:02+00:00,342.0,59.3,1.371,,unknown,,No metadata entry,True,True,True
20260822_163702,C:\Users\Sorin\OneDrive - Universitatea Vasile Alecsandri Bacau\Proiecte_Cercetare\FurduI\FSM_Achizitie\emi_dataset_analysis_windows\data\20260822_163702\synchronized_measurements.csv,19,2026-08-22 13:45:32+00:00,341.0,59.1,1.384,,unknown,,No metadata entry,True,True,True
20260822_163702,C:\Users\Sorin\OneDrive - Universitatea Vasile Alecsandri Bacau\Proiecte_Cercetare\FurduI\FSM_Achizitie\emi_dataset_analysis_windows\data\20260822_163702\synchronized_measurements.csv,20,2026-08-22 13:46:02+00:00,339.0,58.6,1.392,,unknown,,No metadata entry,True,True,True
20260822_163702,C:\Users\Sorin\OneDrive - Universitatea Vasile Alecsandri Bacau\Proiecte_Cercetare\FurduI\FSM_Achizitie\emi_dataset_analysis_windows\data\20260822_163702\synchronized_measurements.csv,21,2026-08-22 13:46:32+00:00,338.0,58.6,1.399,,unknown,,No metadata entry,True,True,True
20260822_163702,C:\Users\Sorin\OneDrive - Universitatea Vasile Alecsandri Bacau\Proiecte_Cercetare\FurduI\FSM_Achizitie\emi_dataset_analysis_windows\data\20260822_163702\synchronized_measurements.csv,22,2026-08-22 13:47:02+00:00,333.0,57.6,1.41,,unknown,,No metadata entry,True,True,True
20260822_163702,C:\Users\Sorin\OneDrive - Universitatea Vasile Alecsandri Bacau\Proiecte_Cercetare\FurduI\FSM_Achizitie\emi_dataset_analysis_windows\data\20260822_163702\synchronized_measurements.csv,23,2026-08-22 13:47:32+00:00,328.0,57.0,1.419,,unknown,,No metadata entry,True,True,True
20260822_163702,C:\Users\Sorin\OneDrive - Universitatea Vasile Alecsandri Bacau\Proiecte_Cercetare\FurduI\FSM_Achizitie\emi_dataset_analysis_windows\data\20260822_163702\synchronized_measurements.csv,24,2026-08-22 13:48:02+00:00,327.0,56.4,1.43,,unknown,,No metadata entry,True,True,True
20260822_163702,C:\Users\Sorin\OneDrive - Universitatea Vasile Alecsandri Bacau\Proiecte_Cercetare\FurduI\FSM_Achizitie\emi_dataset_analysis_windows\data\20260822_163702\synchronized_measurements.csv,25,2026-08-22 13:48:32+00:00,331.0,57.3,1.435,,unknown,,No metadata entry,True,True,True
20260822_163702,C:\Users\Sorin\OneDrive - Universitatea Vasile Alecsandri Bacau\Proiecte_Cercetare\FurduI\FSM_Achizitie\emi_dataset_analysis_windows\data\20260822_163702\synchronized_measurements.csv,26,2026-08-22 13:49:02+00:00,331.0,57.5,1.446,,unknown,,No metadata entry,True,True,True
20260822_163702,C:\Users\Sorin\OneDrive - Universitatea Vasile Alecsandri Bacau\Proiecte_Cercetare\FurduI\FSM_Achizitie\emi_dataset_analysis_windows\data\20260822_163702\synchronized_measurements.csv,27,2026-08-22 13:49:32+00:00,327.0,56.7,1.453,,unknown,,No metadata entry,True,True,True
20260822_163702,C:\Users\Sorin\OneDrive - Universitatea Vasile Alecsandri Bacau\Proiecte_Cercetare\FurduI\FSM_Achizitie\emi_dataset_analysis_windows\data\20260822_163702\synchronized_measurements.csv,28,2026-08-22 13:50:02+00:00,327.0,56.8,1.454,,unknown,,No metadata entry,True,True,True
20260822_163702,C:\Users\Sorin\OneDrive - Universitatea Vasile Alecsandri Bacau\Proiecte_Cercetare\FurduI\FSM_Achizitie\emi_dataset_analysis_windows\data\20260822_163702\synchronized_measurements.csv,29,2026-08-22 13:50:32+00:00,326.0,56.6,1.467,,unknown,,No metadata entry,True,True,True
20260822_163702,C:\Users\Sorin\OneDrive - Universitatea Vasile Alecsandri Bacau\Proiecte_Cercetare\FurduI\FSM_Achizitie\emi_dataset_analysis_windows\data\20260822_163702\synchronized_measurements.csv,30,2026-08-22 13:51:02+00:00,327.0,56.8,1.472,,unknown,,No metadata entry,True,True,True
20260822_163702,C:\Users\Sorin\OneDrive - Universitatea Vasile Alecsandri Bacau\Proiecte_Cercetare\FurduI\FSM_Achizitie\emi_dataset_analysis_windows\data\20260822_163702\synchronized_measurements.csv,31,2026-08-22 13:51:32+00:00,327.0,56.9,1.475,,unknown,,No metadata entry,True,True,True
20260822_163702,C:\Users\Sorin\OneDrive - Universitatea Vasile Alecsandri Bacau\Proiecte_Cercetare\FurduI\FSM_Achizitie\emi_dataset_analysis_windows\data\20260822_163702\synchronized_measurements.csv,32,2026-08-22 13:52:02+00:00,327.0,57.0,1.487,,unknown,,No metadata entry,True,True,True
20260822_163702,C:\Users\Sorin\OneDrive - Universitatea Vasile Alecsandri Bacau\Proiecte_Cercetare\FurduI\FSM_Achizitie\emi_dataset_analysis_windows\data\20260822_163702\synchronized_measurements.csv,33,2026-08-22 13:52:32+00:00,326.0,57.0,1.502,,unknown,,No metadata entry,True,True,True
20260822_163702,C:\Users\Sorin\OneDrive - Universitatea Vasile Alecsandri Bacau\Proiecte_Cercetare\FurduI\FSM_Achizitie\emi_dataset_analysis_windows\data\20260822_163702\synchronized_measurements.csv,34,2026-08-22 13:53:02+00:00,327.0,57.2,1.514,,unknown,,No metadata entry,True,True,True
20260822_163702,C:\Users\Sorin\OneDrive - Universitatea Vasile Alecsandri Bacau\Proiecte_Cercetare\FurduI\FSM_Achizitie\emi_dataset_analysis_windows\data\20260822_163702\synchronized_measurements.csv,35,2026-08-22 13:53:32+00:00,325.0,56.7,1.526,,unknown,,No metadata entry,True,True,True
20260822_163702,C:\Users\Sorin\OneDrive - Universitatea Vasile Alecsandri Bacau\Proiecte_Cercetare\FurduI\FSM_Achizitie\emi_dataset_analysis_windows\data\20260822_163702\synchronized_measurements.csv,36,2026-08-22 13:54:02+00:00,322.0,56.3,1.536,,unknown,,No metadata entry,True,True,True
20260822_163702,C:\Users\Sorin\OneDrive - Universitatea Vasile Alecsandri Bacau\Proiecte_Cercetare\FurduI\FSM_Achizitie\emi_dataset_analysis_windows\data\20260822_163702\synchronized_measurements.csv,37,2026-08-22 13:54:32+00:00,321.0,56.0,1.539,,unknown,,No metadata entry,True,True,True
20260822_163702,C:\Users\Sorin\OneDrive - Universitatea Vasile Alecsandri Bacau\Proiecte_Cercetare\FurduI\FSM_Achizitie\emi_dataset_analysis_windows\data\20260822_163702\synchronized_measurements.csv,38,2026-08-22 13:55:02+00:00,319.0,55.5,1.551,,unknown,,No metadata entry,True,True,True
20260822_163702,C:\Users\Sorin\OneDrive - Universitatea Vasile Alecsandri Bacau\Proiecte_Cercetare\FurduI\FSM_Achizitie\emi_dataset_analysis_windows\data\20260822_163702\synchronized_measurements.csv,39,2026-08-22 13:55:32+00:00,319.0,55.6,1.558,,unknown,,No metadata entry,True,True,True
20260822_163702,C:\Users\Sorin\OneDrive - Universitatea Vasile Alecsandri Bacau\Proiecte_Cercetare\FurduI\FSM_Achizitie\emi_dataset_analysis_windows\data\20260822_163702\synchronized_measurements.csv,40,2026-08-22 13:56:02+00:00,317.0,55.3,1.764,,unknown,,No metadata entry,True,True,True
20260822_163702,C:\Users\Sorin\OneDrive - Universitatea Vasile Alecsandri Bacau\Proiecte_Cercetare\FurduI\FSM_Achizitie\emi_dataset_analysis_windows\data\20260822_163702\synchronized_measurements.csv,41,2026-08-22 13:56:32+00:00,317.0,55.2,1.581,,unknown,,No metadata entry,True,True,True
20260822_163702,C:\Users\Sorin\OneDrive - Universitatea Vasile Alecsandri Bacau\Proiecte_Cercetare\FurduI\FSM_Achizitie\emi_dataset_analysis_windows\data\20260822_163702\synchronized_measurements.csv,42,2026-08-22 13:57:02+00:00,314.0,54.8,1.595,,unknown,,No metadata entry,True,True,True
20260822_163702,C:\Users\Sorin\OneDrive - Universitatea Vasile Alecsandri Bacau\Proiecte_Cercetare\FurduI\FSM_Achizitie\emi_dataset_analysis_windows\data\20260822_163702\synchronized_measurements.csv,43,2026-08-22 13:57:32+00:00,311.0,54.3,1.608,,unknown,,No metadata entry,True,True,True
20260822_163702,C:\Users\Sorin\OneDrive - Universitatea Vasile Alecsandri Bacau\Proiecte_Cercetare\FurduI\FSM_Achizitie\emi_dataset_analysis_windows\data\20260822_163702\synchronized_measurements.csv,44,2026-08-22 13:58:02+00:00,311.0,54.2,1.618,,unknown,,No metadata entry,True,True,True
20260822_163702,C:\Users\Sorin\OneDrive - Universitatea Vasile Alecsandri Bacau\Proiecte_Cercetare\FurduI\FSM_Achizitie\emi_dataset_analysis_windows\data\20260822_163702\synchronized_measurements.csv,45,2026-08-22 13:58:32+00:00,310.0,54.1,1.631,,unknown,,No metadata entry,True,True,True
20260822_163702,C:\Users\Sorin\OneDrive - Universitatea Vasile Alecsandri Bacau\Proiecte_Cercetare\FurduI\FSM_Achizitie\emi_dataset_analysis_windows\data\20260822_163702\synchronized_measurements.csv,46,2026-08-22 13:59:02+00:00,309.0,54.0,1.642,,unknown,,No metadata entry,True,True,True
20260822_163702,C:\Users\Sorin\OneDrive - Universitatea Vasile Alecsandri Bacau\Proiecte_Cercetare\FurduI\FSM_Achizitie\emi_dataset_analysis_windows\data\20260822_163702\synchronized_measurements.csv,47,2026-08-22 13:59:32+00:00,308.0,53.7,1.655,,unknown,,No metadata entry,True,True,True
20260822_163702,C:\Users\Sorin\OneDrive - Universitatea Vasile Alecsandri Bacau\Proiecte_Cercetare\FurduI\FSM_Achizitie\emi_dataset_analysis_windows\data\20260822_163702\synchronized_measurements.csv,48,2026-08-22 14:00:02+00:00,306.0,53.3,1.67,,unknown,,No metadata entry,True,True,True
20260822_163702,C:\Users\Sorin\OneDrive - Universitatea Vasile Alecsandri Bacau\Proiecte_Cercetare\FurduI\FSM_Achizitie\emi_dataset_analysis_windows\data\20260822_163702\synchronized_measurements.csv,49,2026-08-22 14:00:32+00:00,304.0,53.0,1.679,,unknown,,No metadata entry,True,True,True
20260822_163702,C:\Users\Sorin\OneDrive - Universitatea Vasile Alecsandri Bacau\Proiecte_Cercetare\FurduI\FSM_Achizitie\emi_dataset_analysis_windows\data\20260822_163702\synchronized_measurements.csv,50,2026-08-22 14:01:02+00:00,299.0,52.2,1.691,,unknown,,No metadata entry,True,True,True
20260822_163702,C:\Users\Sorin\OneDrive - Universitatea Vasile Alecsandri Bacau\Proiecte_Cercetare\FurduI\FSM_Achizitie\emi_dataset_analysis_windows\data\20260822_163702\synchronized_measurements.csv,51,2026-08-22 14:01:32+00:00,299.0,51.9,1.707,,unknown,,No metadata entry,True,True,True
20260822_163702,C:\Users\Sorin\OneDrive - Universitatea Vasile Alecsandri Bacau\Proiecte_Cercetare\FurduI\FSM_Achizitie\emi_dataset_analysis_windows\data\20260822_163702\synchronized_measurements.csv,52,2026-08-22 14:02:02+00:00,297.0,51.8,1.718,,unknown,,No metadata entry,True,True,True
20260822_163702,C:\Users\Sorin\OneDrive - Universitatea Vasile Alecsandri Bacau\Proiecte_Cercetare\FurduI\FSM_Achizitie\emi_dataset_analysis_windows\data\20260822_163702\synchronized_measurements.csv,53,2026-08-22 14:02:32+00:00,297.0,51.6,1.73,,unknown,,No metadata entry,True,True,True
20260822_163702,C:\Users\Sorin\OneDrive - Universitatea Vasile Alecsandri Bacau\Proiecte_Cercetare\FurduI\FSM_Achizitie\emi_dataset_analysis_windows\data\20260822_163702\synchronized_measurements.csv,54,2026-08-22 14:03:02+00:00,293.0,50.9,1.732,,unknown,,No metadata entry,True,True,True
20260822_163702,C:\Users\Sorin\OneDrive - Universitatea Vasile Alecsandri Bacau\Proiecte_Cercetare\FurduI\FSM_Achizitie\emi_dataset_analysis_windows\data\20260822_163702\synchronized_measurements.csv,55,2026-08-22 14:03:32+00:00,289.0,50.0,1.743,,unknown,,No metadata entry,True,True,True
20260822_163702,C:\Users\Sorin\OneDrive - Universitatea Vasile Alecsandri Bacau\Proiecte_Cercetare\FurduI\FSM_Achizitie\emi_dataset_analysis_windows\data\20260822_163702\synchronized_measurements.csv,56,2026-08-22 14:04:02+00:00,287.0,49.7,1.747,,unknown,,No metadata entry,True,True,True
20260822_163702,C:\Users\Sorin\OneDrive - Universitatea Vasile Alecsandri Bacau\Proiecte_Cercetare\FurduI\FSM_Achizitie\emi_dataset_analysis_windows\data\20260822_163702\synchronized_measurements.csv,57,2026-08-22 14:04:32+00:00,288.0,49.8,1.761,,unknown,,No metadata entry,True,True,True
20260822_163702,C:\Users\Sorin\OneDrive - Universitatea Vasile Alecsandri Bacau\Proiecte_Cercetare\FurduI\FSM_Achizitie\emi_dataset_analysis_windows\data\20260822_163702\synchronized_measurements.csv,58,2026-08-22 14:05:02+00:00,176.0,32.59,1.775,,unknown,,No metadata entry,True,True,True
20260822_163702,C:\Users\Sorin\OneDrive - Universitatea Vasile Alecsandri Bacau\Proiecte_Cercetare\FurduI\FSM_Achizitie\emi_dataset_analysis_windows\data\20260822_163702\synchronized_measurements.csv,59,2026-08-22 14:05:32+00:00,72.0,15.4,1.783,,unknown,,No metadata entry,True,True,True
20260822_163702,C:\Users\Sorin\OneDrive - Universitatea Vasile Alecsandri Bacau\Proiecte_Cercetare\FurduI\FSM_Achizitie\emi_dataset_analysis_windows\data\20260822_163702\synchronized_measurements.csv,60,2026-08-22 14:06:02+00:00,64.0,13.3,1.793,,unknown,,No metadata entry,True,True,True
20260822_163702,C:\Users\Sorin\OneDrive - Universitatea Vasile Alecsandri Bacau\Proiecte_Cercetare\FurduI\FSM_Achizitie\emi_dataset_analysis_windows\data\20260822_163702\synchronized_measurements.csv,61,2026-08-22 14:06:32+00:00,65.0,13.5,1.807,,unknown,,No metadata entry,True,True,True
20260822_163702,C:\Users\Sorin\OneDrive - Universitatea Vasile Alecsandri Bacau\Proiecte_Cercetare\FurduI\FSM_Achizitie\emi_dataset_analysis_windows\data\20260822_163702\synchronized_measurements.csv,62,2026-08-22 14:07:02+00:00,67.0,13.9,1.821,,unknown,,No metadata entry,True,True,True
20260822_163702,C:\Users\Sorin\OneDrive - Universitatea Vasile Alecsandri Bacau\Proiecte_Cercetare\FurduI\FSM_Achizitie\emi_dataset_analysis_windows\data\20260822_163702\synchronized_measurements.csv,63,2026-08-22 14:07:32+00:00,171.0,29.5,1.834,,unknown,,No metadata entry,True,True,True
20260822_163702,C:\Users\Sorin\OneDrive - Universitatea Vasile Alecsandri Bacau\Proiecte_Cercetare\FurduI\FSM_Achizitie\emi_dataset_analysis_windows\data\20260822_163702\synchronized_measurements.csv,64,2026-08-22 14:08:02+00:00,298.0,51.2,1.845,,unknown,,No metadata entry,True,True,True
20260822_163702,C:\Users\Sorin\OneDrive - Universitatea Vasile Alecsandri Bacau\Proiecte_Cercetare\FurduI\FSM_Achizitie\emi_dataset_analysis_windows\data\20260822_163702\synchronized_measurements.csv,65,2026-08-22 14:08:32+00:00,124.0,22.9,1.867,,unknown,,No metadata entry,True,True,True
20260822_163702,C:\Users\Sorin\OneDrive - Universitatea Vasile Alecsandri Bacau\Proiecte_Cercetare\FurduI\FSM_Achizitie\emi_dataset_analysis_windows\data\20260822_163702\synchronized_measurements.csv,66,2026-08-22 14:09:02+00:00,294.0,50.4,2.069,,unknown,,No metadata entry,True,True,True
20260822_163702,C:\Users\Sorin\OneDrive - Universitatea Vasile Alecsandri Bacau\Proiecte_Cercetare\FurduI\FSM_Achizitie\emi_dataset_analysis_windows\data\20260822_163702\synchronized_measurements.csv,67,2026-08-22 14:09:32+00:00,287.0,47.9,1.882,,unknown,,No metadata entry,True,True,True
20260822_163702,C:\Users\Sorin\OneDrive - Universitatea Vasile Alecsandri Bacau\Proiecte_Cercetare\FurduI\FSM_Achizitie\emi_dataset_analysis_windows\data\20260822_163702\synchronized_measurements.csv,68,2026-08-22 14:10:02+00:00,287.0,49.4,1.894,,unknown,,No metadata entry,True,True,True
20260822_163702,C:\Users\Sorin\OneDrive - Universitatea Vasile Alecsandri Bacau\Proiecte_Cercetare\FurduI\FSM_Achizitie\emi_dataset_analysis_windows\data\20260822_163702\synchronized_measurements.csv,69,2026-08-22 14:10:32+00:00,286.0,48.9,1.908,,unknown,,No metadata entry,True,True,True
20260822_163702,C:\Users\Sorin\OneDrive - Universitatea Vasile Alecsandri Bacau\Proiecte_Cercetare\FurduI\FSM_Achizitie\emi_dataset_analysis_windows\data\20260822_163702\synchronized_measurements.csv,70,2026-08-22 14:11:02+00:00,244.0,44.3,1.92,,unknown,,No metadata entry,True,True,True
20260822_163702,C:\Users\Sorin\OneDrive - Universitatea Vasile Alecsandri Bacau\Proiecte_Cercetare\FurduI\FSM_Achizitie\emi_dataset_analysis_windows\data\20260822_163702\synchronized_measurements.csv,71,2026-08-22 14:12:02+00:00,221.0,38.0,1.943,,unknown,,No metadata entry,True,True,True
20260822_163702,C:\Users\Sorin\OneDrive - Universitatea Vasile Alecsandri Bacau\Proiecte_Cercetare\FurduI\FSM_Achizitie\emi_dataset_analysis_windows\data\20260822_163702\synchronized_measurements.csv,72,2026-08-22 14:12:32+00:00,249.0,44.9,1.955,,unknown,,No metadata entry,True,True,True
20260822_163702,C:\Users\Sorin\OneDrive - Universitatea Vasile Alecsandri Bacau\Proiecte_Cercetare\FurduI\FSM_Achizitie\emi_dataset_analysis_windows\data\20260822_163702\synchronized_measurements.csv,73,2026-08-22 14:13:02+00:00,190.0,28.4,1.97,,unknown,,No metadata entry,True,True,True
20260822_163702,C:\Users\Sorin\OneDrive - Universitatea Vasile Alecsandri Bacau\Proiecte_Cercetare\FurduI\FSM_Achizitie\emi_dataset_analysis_windows\data\20260822_163702\synchronized_measurements.csv,74,2026-08-22 14:13:32+00:00,83.0,16.2,1.979,,unknown,,No metadata entry,True,True,True
20260822_163702,C:\Users\Sorin\OneDrive - Universitatea Vasile Alecsandri Bacau\Proiecte_Cercetare\FurduI\FSM_Achizitie\emi_dataset_analysis_windows\data\20260822_163702\synchronized_measurements.csv,75,2026-08-22 14:14:02+00:00,231.0,39.59,1.988,,unknown,,No metadata entry,True,True,True
20260822_163702,C:\Users\Sorin\OneDrive - Universitatea Vasile Alecsandri Bacau\Proiecte_Cercetare\FurduI\FSM_Achizitie\emi_dataset_analysis_windows\data\20260822_163702\synchronized_measurements.csv,76,2026-08-22 14:14:32+00:00,97.0,17.29,1.999,,unknown,,No metadata entry,True,True,True
20260822_163702,C:\Users\Sorin\OneDrive - Universitatea Vasile Alecsandri Bacau\Proiecte_Cercetare\FurduI\FSM_Achizitie\emi_dataset_analysis_windows\data\20260822_163702\synchronized_measurements.csv,77,2026-08-22 14:15:02+00:00,240.0,40.5,2.012,,unknown,,No metadata entry,True,True,True
20260822_163702,C:\Users\Sorin\OneDrive - Universitatea Vasile Alecsandri Bacau\Proiecte_Cercetare\FurduI\FSM_Achizitie\emi_dataset_analysis_windows\data\20260822_163702\synchronized_measurements.csv,78,2026-08-22 14:15:32+00:00,271.0,46.0,2.022,,unknown,,No metadata entry,True,True,True
20260822_163702,C:\Users\Sorin\OneDrive - Universitatea Vasile Alecsandri Bacau\Proiecte_Cercetare\FurduI\FSM_Achizitie\emi_dataset_analysis_windows\data\20260822_163702\synchronized_measurements.csv,79,2026-08-22 14:16:02+00:00,272.0,46.4,2.037,,unknown,,No metadata entry,True,True,True
20260822_163702,C:\Users\Sorin\OneDrive - Universitatea Vasile Alecsandri Bacau\Proiecte_Cercetare\FurduI\FSM_Achizitie\emi_dataset_analysis_windows\data\20260822_163702\synchronized_measurements.csv,80,2026-08-22 14:16:32+00:00,272.0,46.4,2.051,,unknown,,No metadata entry,True,True,True
20260822_163702,C:\Users\Sorin\OneDrive - Universitatea Vasile Alecsandri Bacau\Proiecte_Cercetare\FurduI\FSM_Achizitie\emi_dataset_analysis_windows\data\20260822_163702\synchronized_measurements.csv,81,2026-08-22 14:17:02+00:00,270.0,46.0,2.061,,unknown,,No metadata entry,True,True,True
20260822_163702,C:\Users\Sorin\OneDrive - Universitatea Vasile Alecsandri Bacau\Proiecte_Cercetare\FurduI\FSM_Achizitie\emi_dataset_analysis_windows\data\20260822_163702\synchronized_measurements.csv,82,2026-08-22 14:17:32+00:00,268.0,45.8,2.067,,unknown,,No metadata entry,True,True,True
20260822_163702,C:\Users\Sorin\OneDrive - Universitatea Vasile Alecsandri Bacau\Proiecte_Cercetare\FurduI\FSM_Achizitie\emi_dataset_analysis_windows\data\20260822_163702\synchronized_measurements.csv,83,2026-08-22 14:18:02+00:00,266.0,45.4,2.08,,unknown,,No metadata entry,True,True,True
20260822_163702,C:\Users\Sorin\OneDrive - Universitatea Vasile Alecsandri Bacau\Proiecte_Cercetare\FurduI\FSM_Achizitie\emi_dataset_analysis_windows\data\20260822_163702\synchronized_measurements.csv,84,2026-08-22 14:18:32+00:00,265.0,45.3,2.091,,unknown,,No metadata entry,True,True,True
20260822_163702,C:\Users\Sorin\OneDrive - Universitatea Vasile Alecsandri Bacau\Proiecte_Cercetare\FurduI\FSM_Achizitie\emi_dataset_analysis_windows\data\20260822_163702\synchronized_measurements.csv,85,2026-08-22 14:19:02+00:00,252.0,42.9,2.105,,unknown,,No metadata entry,True,True,True
20260822_163702,C:\Users\Sorin\OneDrive - Universitatea Vasile Alecsandri Bacau\Proiecte_Cercetare\FurduI\FSM_Achizitie\emi_dataset_analysis_windows\data\20260822_163702\synchronized_measurements.csv,86,2026-08-22 14:19:32+00:00,255.0,43.3,2.118,,unknown,,No metadata entry,True,True,True
20260822_163702,C:\Users\Sorin\OneDrive - Universitatea Vasile Alecsandri Bacau\Proiecte_Cercetare\FurduI\FSM_Achizitie\emi_dataset_analysis_windows\data\20260822_163702\synchronized_measurements.csv,87,2026-08-22 14:20:02+00:00,259.0,44.3,2.131,,unknown,,No metadata entry,True,True,True
20260822_163702,C:\Users\Sorin\OneDrive - Universitatea Vasile Alecsandri Bacau\Proiecte_Cercetare\FurduI\FSM_Achizitie\emi_dataset_analysis_windows\data\20260822_163702\synchronized_measurements.csv,88,2026-08-22 14:20:32+00:00,261.0,44.5,2.143,,unknown,,No metadata entry,True,True,True
20260822_163702,C:\Users\Sorin\OneDrive - Universitatea Vasile Alecsandri Bacau\Proiecte_Cercetare\FurduI\FSM_Achizitie\emi_dataset_analysis_windows\data\20260822_163702\synchronized_measurements.csv,89,2026-08-22 14:21:02+00:00,261.0,44.4,2.155,,unknown,,No metadata entry,True,True,True
20260822_163702,C:\Users\Sorin\OneDrive - Universitatea Vasile Alecsandri Bacau\Proiecte_Cercetare\FurduI\FSM_Achizitie\emi_dataset_analysis_windows\data\20260822_163702\synchronized_measurements.csv,90,2026-08-22 14:21:32+00:00,262.0,44.6,2.169,,unknown,,No metadata entry,True,True,True
20260822_163702,C:\Users\Sorin\OneDrive - Universitatea Vasile Alecsandri Bacau\Proiecte_Cercetare\FurduI\FSM_Achizitie\emi_dataset_analysis_windows\data\20260822_163702\synchronized_measurements.csv,91,2026-08-22 14:22:02+00:00,264.0,45.1,2.357,,unknown,,No metadata entry,True,True,True
20260822_163702,C:\Users\Sorin\OneDrive - Universitatea Vasile Alecsandri Bacau\Proiecte_Cercetare\FurduI\FSM_Achizitie\emi_dataset_analysis_windows\data\20260822_163702\synchronized_measurements.csv,92,2026-08-22 14:22:32+00:00,266.0,45.3,-7.506,,unknown,,No metadata entry,True,True,True
20260822_163702,C:\Users\Sorin\OneDrive - Universitatea Vasile Alecsandri Bacau\Proiecte_Cercetare\FurduI\FSM_Achizitie\emi_dataset_analysis_windows\data\20260822_163702\synchronized_measurements.csv,93,2026-08-22 14:23:02+00:00,269.0,45.7,2.203,,unknown,,No metadata entry,True,True,True
20260822_163702,C:\Users\Sorin\OneDrive - Universitatea Vasile Alecsandri Bacau\Proiecte_Cercetare\FurduI\FSM_Achizitie\emi_dataset_analysis_windows\data\20260822_163702\synchronized_measurements.csv,94,2026-08-22 14:23:32+00:00,269.0,45.7,2.214,,unknown,,No metadata entry,True,True,True
20260822_163702,C:\Users\Sorin\OneDrive - Universitatea Vasile Alecsandri Bacau\Proiecte_Cercetare\FurduI\FSM_Achizitie\emi_dataset_analysis_windows\data\20260822_163702\synchronized_measurements.csv,95,2026-08-22 14:24:02+00:00,271.0,45.8,2.229,,unknown,,No metadata entry,True,True,True
20260822_163702,C:\Users\Sorin\OneDrive - Universitatea Vasile Alecsandri Bacau\Proiecte_Cercetare\FurduI\FSM_Achizitie\emi_dataset_analysis_windows\data\20260822_163702\synchronized_measurements.csv,96,2026-08-22 14:25:02+00:00,212.0,38.5,2.252,,unknown,,No metadata entry,True,True,True
20260822_163702,C:\Users\Sorin\OneDrive - Universitatea Vasile Alecsandri Bacau\Proiecte_Cercetare\FurduI\FSM_Achizitie\emi_dataset_analysis_windows\data\20260822_163702\synchronized_measurements.csv,97,2026-08-22 14:25:32+00:00,278.0,46.9,2.263,,unknown,,No metadata entry,True,True,True
20260822_163702,C:\Users\Sorin\OneDrive - Universitatea Vasile Alecsandri Bacau\Proiecte_Cercetare\FurduI\FSM_Achizitie\emi_dataset_analysis_windows\data\20260822_163702\synchronized_measurements.csv,98,2026-08-22 14:26:02+00:00,281.0,47.3,2.277,,unknown,,No metadata entry,True,True,True
20260822_163702,C:\Users\Sorin\OneDrive - Universitatea Vasile Alecsandri Bacau\Proiecte_Cercetare\FurduI\FSM_Achizitie\emi_dataset_analysis_windows\data\20260822_163702\synchronized_measurements.csv,99,2026-08-22 14:26:32+00:00,280.0,47.3,2.291,,unknown,,No metadata entry,True,True,True
20260822_163702,C:\Users\Sorin\OneDrive - Universitatea Vasile Alecsandri Bacau\Proiecte_Cercetare\FurduI\FSM_Achizitie\emi_dataset_analysis_windows\data\20260822_163702\synchronized_measurements.csv,100,2026-08-22 14:27:02+00:00,280.0,47.2,2.303,,unknown,,No metadata entry,True,True,True
20260822_163702,C:\Users\Sorin\OneDrive - Universitatea Vasile Alecsandri Bacau\Proiecte_Cercetare\FurduI\FSM_Achizitie\emi_dataset_analysis_windows\data\20260822_163702\synchronized_measurements.csv,101,2026-08-22 14:27:32+00:00,278.0,47.0,2.311,,unknown,,No metadata entry,True,True,True
20260822_163702,C:\Users\Sorin\OneDrive - Universitatea Vasile Alecsandri Bacau\Proiecte_Cercetare\FurduI\FSM_Achizitie\emi_dataset_analysis_windows\data\20260822_163702\synchronized_measurements.csv,102,2026-08-22 14:28:02+00:00,277.0,46.9,2.323,,unknown,,No metadata entry,True,True,True
20260822_163702,C:\Users\Sorin\OneDrive - Universitatea Vasile Alecsandri Bacau\Proiecte_Cercetare\FurduI\FSM_Achizitie\emi_dataset_analysis_windows\data\20260822_163702\synchronized_measurements.csv,103,2026-08-22 14:28:32+00:00,275.0,46.4,2.331,,unknown,,No metadata entry,True,True,True
20260822_163702,C:\Users\Sorin\OneDrive - Universitatea Vasile Alecsandri Bacau\Proiecte_Cercetare\FurduI\FSM_Achizitie\emi_dataset_analysis_windows\data\20260822_163702\synchronized_measurements.csv,104,2026-08-22 14:29:02+00:00,275.0,46.5,2.338,,unknown,,No metadata entry,True,True,True
20260822_163702,C:\Users\Sorin\OneDrive - Universitatea Vasile Alecsandri Bacau\Proiecte_Cercetare\FurduI\FSM_Achizitie\emi_dataset_analysis_windows\data\20260822_163702\synchronized_measurements.csv,105,2026-08-22 14:29:32+00:00,224.0,41.6,2.352,,unknown,,No metadata entry,True,True,True
20260822_163702,C:\Users\Sorin\OneDrive - Universitatea Vasile Alecsandri Bacau\Proiecte_Cercetare\FurduI\FSM_Achizitie\emi_dataset_analysis_windows\data\20260822_163702\synchronized_measurements.csv,106,2026-08-22 14:30:02+00:00,269.0,45.5,2.359,,unknown,,No metadata entry,True,True,True
20260822_163702,C:\Users\Sorin\OneDrive - Universitatea Vasile Alecsandri Bacau\Proiecte_Cercetare\FurduI\FSM_Achizitie\emi_dataset_analysis_windows\data\20260822_163702\synchronized_measurements.csv,107,2026-08-22 14:30:32+00:00,259.0,43.8,2.366,,unknown,,No metadata entry,True,True,True
20260822_163702,C:\Users\Sorin\OneDrive - Universitatea Vasile Alecsandri Bacau\Proiecte_Cercetare\FurduI\FSM_Achizitie\emi_dataset_analysis_windows\data\20260822_163702\synchronized_measurements.csv,108,2026-08-22 14:31:02+00:00,212.0,37.2,2.379,,unknown,,No metadata entry,True,True,True
20260822_163702,C:\Users\Sorin\OneDrive - Universitatea Vasile Alecsandri Bacau\Proiecte_Cercetare\FurduI\FSM_Achizitie\emi_dataset_analysis_windows\data\20260822_163702\synchronized_measurements.csv,109,2026-08-22 14:31:32+00:00,203.0,33.59,2.391,,unknown,,No metadata entry,True,True,True
20260822_163702,C:\Users\Sorin\OneDrive - Universitatea Vasile Alecsandri Bacau\Proiecte_Cercetare\FurduI\FSM_Achizitie\emi_dataset_analysis_windows\data\20260822_163702\synchronized_measurements.csv,110,2026-08-22 14:32:02+00:00,102.0,19.1,2.406,,unknown,,No metadata entry,True,True,True
20260822_163702,C:\Users\Sorin\OneDrive - Universitatea Vasile Alecsandri Bacau\Proiecte_Cercetare\FurduI\FSM_Achizitie\emi_dataset_analysis_windows\data\20260822_163702\synchronized_measurements.csv,111,2026-08-22 14:32:32+00:00,104.0,19.0,2.419,,unknown,,No metadata entry,True,True,True
20260822_163702,C:\Users\Sorin\OneDrive - Universitatea Vasile Alecsandri Bacau\Proiecte_Cercetare\FurduI\FSM_Achizitie\emi_dataset_analysis_windows\data\20260822_163702\synchronized_measurements.csv,112,2026-08-22 14:33:02+00:00,207.0,35.2,2.432,,unknown,,No metadata entry,True,True,True
20260822_163702,C:\Users\Sorin\OneDrive - Universitatea Vasile Alecsandri Bacau\Proiecte_Cercetare\FurduI\FSM_Achizitie\emi_dataset_analysis_windows\data\20260822_163702\synchronized_measurements.csv,113,2026-08-22 14:33:32+00:00,202.0,34.8,2.446,,unknown,,No metadata entry,True,True,True
20260822_163702,C:\Users\Sorin\OneDrive - Universitatea Vasile Alecsandri Bacau\Proiecte_Cercetare\FurduI\FSM_Achizitie\emi_dataset_analysis_windows\data\20260822_163702\synchronized_measurements.csv,114,2026-08-22 14:34:02+00:00,231.0,39.5,2.454,,unknown,,No metadata entry,True,True,True
20260822_163702,C:\Users\Sorin\OneDrive - Universitatea Vasile Alecsandri Bacau\Proiecte_Cercetare\FurduI\FSM_Achizitie\emi_dataset_analysis_windows\data\20260822_163702\synchronized_measurements.csv,115,2026-08-22 14:34:32+00:00,242.0,41.4,2.463,,unknown,,No metadata entry,True,True,True
20260822_163702,C:\Users\Sorin\OneDrive - Universitatea Vasile Alecsandri Bacau\Proiecte_Cercetare\FurduI\FSM_Achizitie\emi_dataset_analysis_windows\data\20260822_163702\synchronized_measurements.csv,116,2026-08-22 14:35:02+00:00,101.0,18.1,2.619,,unknown,,No metadata entry,True,True,True
20260822_163702,C:\Users\Sorin\OneDrive - Universitatea Vasile Alecsandri Bacau\Proiecte_Cercetare\FurduI\FSM_Achizitie\emi_dataset_analysis_windows\data\20260822_163702\synchronized_measurements.csv,117,2026-08-22 14:35:32+00:00,80.0,15.0,2.487,,unknown,,No metadata entry,True,True,True
20260822_163702,C:\Users\Sorin\OneDrive - Universitatea Vasile Alecsandri Bacau\Proiecte_Cercetare\FurduI\FSM_Achizitie\emi_dataset_analysis_windows\data\20260822_163702\synchronized_measurements.csv,118,2026-08-22 14:36:02+00:00,78.0,14.5,2.498,,unknown,,No metadata entry,True,True,True
20260822_163702,C:\Users\Sorin\OneDrive - Universitatea Vasile Alecsandri Bacau\Proiecte_Cercetare\FurduI\FSM_Achizitie\emi_dataset_analysis_windows\data\20260822_163702\synchronized_measurements.csv,119,2026-08-22 14:36:32+00:00,76.0,14.3,2.514,,unknown,,No metadata entry,True,True,True
20260822_163702,C:\Users\Sorin\OneDrive - Universitatea Vasile Alecsandri Bacau\Proiecte_Cercetare\FurduI\FSM_Achizitie\emi_dataset_analysis_windows\data\20260822_163702\synchronized_measurements.csv,120,2026-08-22 14:37:02+00:00,74.0,13.8,2.522,,unknown,,No metadata entry,True,True,True
20260822_163702,C:\Users\Sorin\OneDrive - Universitatea Vasile Alecsandri Bacau\Proiecte_Cercetare\FurduI\FSM_Achizitie\emi_dataset_analysis_windows\data\20260822_163702\synchronized_measurements.csv,121,2026-08-22 14:37:32+00:00,71.0,13.4,2.538,,unknown,,No metadata entry,True,True,True
20260822_163702,C:\Users\Sorin\OneDrive - Universitatea Vasile Alecsandri Bacau\Proiecte_Cercetare\FurduI\FSM_Achizitie\emi_dataset_analysis_windows\data\20260822_163702\synchronized_measurements.csv,122,2026-08-22 14:38:03+00:00,70.0,13.1,1.543,,unknown,,No metadata entry,True,True,True
20260822_163702,C:\Users\Sorin\OneDrive - Universitatea Vasile Alecsandri Bacau\Proiecte_Cercetare\FurduI\FSM_Achizitie\emi_dataset_analysis_windows\data\20260822_163702\synchronized_measurements.csv,123,2026-08-22 14:38:33+00:00,69.0,12.9,1.554,,unknown,,No metadata entry,True,True,True
20260822_163702,C:\Users\Sorin\OneDrive - Universitatea Vasile Alecsandri Bacau\Proiecte_Cercetare\FurduI\FSM_Achizitie\emi_dataset_analysis_windows\data\20260822_163702\synchronized_measurements.csv,124,2026-08-22 14:39:03+00:00,68.0,12.7,1.559,,unknown,,No metadata entry,True,True,True
20260822_163702,C:\Users\Sorin\OneDrive - Universitatea Vasile Alecsandri Bacau\Proiecte_Cercetare\FurduI\FSM_Achizitie\emi_dataset_analysis_windows\data\20260822_163702\synchronized_measurements.csv,125,2026-08-22 14:39:33+00:00,68.0,12.4,1.571,,unknown,,No metadata entry,True,True,True
20260822_163702,C:\Users\Sorin\OneDrive - Universitatea Vasile Alecsandri Bacau\Proiecte_Cercetare\FurduI\FSM_Achizitie\emi_dataset_analysis_windows\data\20260822_163702\synchronized_measurements.csv,126,2026-08-22 14:40:03+00:00,68.0,12.4,1.583,,unknown,,No metadata entry,True,True,True
20260822_163702,C:\Users\Sorin\OneDrive - Universitatea Vasile Alecsandri Bacau\Proiecte_Cercetare\FurduI\FSM_Achizitie\emi_dataset_analysis_windows\data\20260822_163702\synchronized_measurements.csv,127,2026-08-22 14:40:33+00:00,68.0,12.4,1.591,,unknown,,No metadata entry,True,True,True
20260822_163702,C:\Users\Sorin\OneDrive - Universitatea Vasile Alecsandri Bacau\Proiecte_Cercetare\FurduI\FSM_Achizitie\emi_dataset_analysis_windows\data\20260822_163702\synchronized_measurements.csv,128,2026-08-22 14:41:03+00:00,67.0,12.3,1.604,,unknown,,No metadata entry,True,True,True
20260822_163702,C:\Users\Sorin\OneDrive - Universitatea Vasile Alecsandri Bacau\Proiecte_Cercetare\FurduI\FSM_Achizitie\emi_dataset_analysis_windows\data\20260822_163702\synchronized_measurements.csv,129,2026-08-22 14:41:33+00:00,66.0,12.1,1.615,,unknown,,No metadata entry,True,True,True
20260822_163702,C:\Users\Sorin\OneDrive - Universitatea Vasile Alecsandri Bacau\Proiecte_Cercetare\FurduI\FSM_Achizitie\emi_dataset_analysis_windows\data\20260822_163702\synchronized_measurements.csv,130,2026-08-22 14:42:03+00:00,66.0,12.0,1.628,,unknown,,No metadata entry,True,True,True
20260822_163702,C:\Users\Sorin\OneDrive - Universitatea Vasile Alecsandri Bacau\Proiecte_Cercetare\FurduI\FSM_Achizitie\emi_dataset_analysis_windows\data\20260822_163702\synchronized_measurements.csv,131,2026-08-22 14:42:33+00:00,66.0,11.9,1.638,,unknown,,No metadata entry,True,True,True
20260822_163702,C:\Users\Sorin\OneDrive - Universitatea Vasile Alecsandri Bacau\Proiecte_Cercetare\FurduI\FSM_Achizitie\emi_dataset_analysis_windows\data\20260822_163702\synchronized_measurements.csv,132,2026-08-22 14:43:03+00:00,65.0,11.7,1.654,,unknown,,No metadata entry,True,True,True
20260822_163702,C:\Users\Sorin\OneDrive - Universitatea Vasile Alecsandri Bacau\Proiecte_Cercetare\FurduI\FSM_Achizitie\emi_dataset_analysis_windows\data\20260822_163702\synchronized_measurements.csv,133,2026-08-22 14:43:33+00:00,64.0,11.5,1.666,,unknown,,No metadata entry,True,True,True
20260822_163702,C:\Users\Sorin\OneDrive - Universitatea Vasile Alecsandri Bacau\Proiecte_Cercetare\FurduI\FSM_Achizitie\emi_dataset_analysis_windows\data\20260822_163702\synchronized_measurements.csv,134,2026-08-22 14:44:03+00:00,63.0,11.4,1.679,,unknown,,No metadata entry,True,True,True
20260822_163702,C:\Users\Sorin\OneDrive - Universitatea Vasile Alecsandri Bacau\Proiecte_Cercetare\FurduI\FSM_Achizitie\emi_dataset_analysis_windows\data\20260822_163702\synchronized_measurements.csv,135,2026-08-22 14:44:33+00:00,63.0,11.3,1.692,,unknown,,No metadata entry,True,True,True
20260822_163702,C:\Users\Sorin\OneDrive - Universitatea Vasile Alecsandri Bacau\Proiecte_Cercetare\FurduI\FSM_Achizitie\emi_dataset_analysis_windows\data\20260822_163702\synchronized_measurements.csv,136,2026-08-22 14:45:03+00:00,62.0,11.2,1.706,,unknown,,No metadata entry,True,True,True
20260824_093823,C:\Users\Sorin\OneDrive - Universitatea Vasile Alecsandri Bacau\Proiecte_Cercetare\FurduI\FSM_Achizitie\emi_dataset_analysis_windows\data\20260824_093823\synchronized_measurements.csv,2,2026-08-24 06:38:23+00:00,163.0,26.9,2.363,,unknown,,No metadata entry,True,True,True
20260824_093823,C:\Users\Sorin\OneDrive - Universitatea Vasile Alecsandri Bacau\Proiecte_Cercetare\FurduI\FSM_Achizitie\emi_dataset_analysis_windows\data\20260824_093823\synchronized_measurements.csv,3,2026-08-24 06:38:53+00:00,160.0,26.2,2.371,,unknown,,No metadata entry,True,True,True
20260824_093823,C:\Users\Sorin\OneDrive - Universitatea Vasile Alecsandri Bacau\Proiecte_Cercetare\FurduI\FSM_Achizitie\emi_dataset_analysis_windows\data\20260824_093823\synchronized_measurements.csv,4,2026-08-24 06:39:23+00:00,159.0,26.1,2.377,,unknown,,No metadata entry,True,True,True
20260824_093823,C:\Users\Sorin\OneDrive - Universitatea Vasile Alecsandri Bacau\Proiecte_Cercetare\FurduI\FSM_Achizitie\emi_dataset_analysis_windows\data\20260824_093823\synchronized_measurements.csv,5,2026-08-24 06:39:53+00:00,160.0,25.9,2.388,,unknown,,No metadata entry,True,True,True
20260824_093823,C:\Users\Sorin\OneDrive - Universitatea Vasile Alecsandri Bacau\Proiecte_Cercetare\FurduI\FSM_Achizitie\emi_dataset_analysis_windows\data\20260824_093823\synchronized_measurements.csv,6,2026-08-24 06:40:23+00:00,155.0,25.3,2.397,,unknown,,No metadata entry,True,True,True
20260824_093823,C:\Users\Sorin\OneDrive - Universitatea Vasile Alecsandri Bacau\Proiecte_Cercetare\FurduI\FSM_Achizitie\emi_dataset_analysis_windows\data\20260824_093823\synchronized_measurements.csv,7,2026-08-24 06:40:53+00:00,149.0,24.4,2.407,,unknown,,No metadata entry,True,True,True
20260824_093823,C:\Users\Sorin\OneDrive - Universitatea Vasile Alecsandri Bacau\Proiecte_Cercetare\FurduI\FSM_Achizitie\emi_dataset_analysis_windows\data\20260824_093823\synchronized_measurements.csv,8,2026-08-24 06:41:23+00:00,145.0,23.6,2.424,,unknown,,No metadata entry,True,True,True
20260824_093823,C:\Users\Sorin\OneDrive - Universitatea Vasile Alecsandri Bacau\Proiecte_Cercetare\FurduI\FSM_Achizitie\emi_dataset_analysis_windows\data\20260824_093823\synchronized_measurements.csv,9,2026-08-24 06:41:53+00:00,142.0,23.2,2.433,,unknown,,No metadata entry,True,True,True
20260824_093823,C:\Users\Sorin\OneDrive - Universitatea Vasile Alecsandri Bacau\Proiecte_Cercetare\FurduI\FSM_Achizitie\emi_dataset_analysis_windows\data\20260824_093823\synchronized_measurements.csv,10,2026-08-24 06:42:23+00:00,143.0,23.2,2.443,,unknown,,No metadata entry,True,True,True
20260824_093823,C:\Users\Sorin\OneDrive - Universitatea Vasile Alecsandri Bacau\Proiecte_Cercetare\FurduI\FSM_Achizitie\emi_dataset_analysis_windows\data\20260824_093823\synchronized_measurements.csv,11,2026-08-24 06:42:53+00:00,148.0,24.1,2.455,,unknown,,No metadata entry,True,True,True
20260824_093823,C:\Users\Sorin\OneDrive - Universitatea Vasile Alecsandri Bacau\Proiecte_Cercetare\FurduI\FSM_Achizitie\emi_dataset_analysis_windows\data\20260824_093823\synchronized_measurements.csv,12,2026-08-24 06:43:23+00:00,160.0,26.1,2.467,,unknown,,No metadata entry,True,True,True
20260824_093823,C:\Users\Sorin\OneDrive - Universitatea Vasile Alecsandri Bacau\Proiecte_Cercetare\FurduI\FSM_Achizitie\emi_dataset_analysis_windows\data\20260824_093823\synchronized_measurements.csv,13,2026-08-24 06:43:53+00:00,145.0,23.9,2.482,,unknown,,No metadata entry,True,True,True
20260824_093823,C:\Users\Sorin\OneDrive - Universitatea Vasile Alecsandri Bacau\Proiecte_Cercetare\FurduI\FSM_Achizitie\emi_dataset_analysis_windows\data\20260824_093823\synchronized_measurements.csv,14,2026-08-24 06:44:23+00:00,143.0,23.5,2.491,,unknown,,No metadata entry,True,True,True
20260824_093823,C:\Users\Sorin\OneDrive - Universitatea Vasile Alecsandri Bacau\Proiecte_Cercetare\FurduI\FSM_Achizitie\emi_dataset_analysis_windows\data\20260824_093823\synchronized_measurements.csv,15,2026-08-24 06:44:53+00:00,139.0,22.9,2.503,,unknown,,No metadata entry,True,True,True
20260824_093823,C:\Users\Sorin\OneDrive - Universitatea Vasile Alecsandri Bacau\Proiecte_Cercetare\FurduI\FSM_Achizitie\emi_dataset_analysis_windows\data\20260824_093823\synchronized_measurements.csv,16,2026-08-24 06:45:23+00:00,130.0,21.6,2.516,,unknown,,No metadata entry,True,True,True
20260824_093823,C:\Users\Sorin\OneDrive - Universitatea Vasile Alecsandri Bacau\Proiecte_Cercetare\FurduI\FSM_Achizitie\emi_dataset_analysis_windows\data\20260824_093823\synchronized_measurements.csv,17,2026-08-24 06:45:53+00:00,124.0,20.7,2.666,,unknown,,No metadata entry,True,True,True
20260824_093823,C:\Users\Sorin\OneDrive - Universitatea Vasile Alecsandri Bacau\Proiecte_Cercetare\FurduI\FSM_Achizitie\emi_dataset_analysis_windows\data\20260824_093823\synchronized_measurements.csv,18,2026-08-24 06:46:23+00:00,122.0,20.29,2.543,,unknown,,No metadata entry,True,True,True
20260824_093823,C:\Users\Sorin\OneDrive - Universitatea Vasile Alecsandri Bacau\Proiecte_Cercetare\FurduI\FSM_Achizitie\emi_dataset_analysis_windows\data\20260824_093823\synchronized_measurements.csv,19,2026-08-24 06:46:53+00:00,120.0,20.1,2.555,,unknown,,No metadata entry,True,True,True
20260824_093823,C:\Users\Sorin\OneDrive - Universitatea Vasile Alecsandri Bacau\Proiecte_Cercetare\FurduI\FSM_Achizitie\emi_dataset_analysis_windows\data\20260824_093823\synchronized_measurements.csv,20,2026-08-24 06:47:23+00:00,122.0,20.5,2.567,,unknown,,No metadata entry,True,True,True
20260824_093823,C:\Users\Sorin\OneDrive - Universitatea Vasile Alecsandri Bacau\Proiecte_Cercetare\FurduI\FSM_Achizitie\emi_dataset_analysis_windows\data\20260824_093823\synchronized_measurements.csv,21,2026-08-24 06:47:53+00:00,127.0,21.3,2.578,,unknown,,No metadata entry,True,True,True
20260824_093823,C:\Users\Sorin\OneDrive - Universitatea Vasile Alecsandri Bacau\Proiecte_Cercetare\FurduI\FSM_Achizitie\emi_dataset_analysis_windows\data\20260824_093823\synchronized_measurements.csv,22,2026-08-24 06:48:23+00:00,138.0,22.8,2.591,,unknown,,No metadata entry,True,True,True
20260824_093823,C:\Users\Sorin\OneDrive - Universitatea Vasile Alecsandri Bacau\Proiecte_Cercetare\FurduI\FSM_Achizitie\emi_dataset_analysis_windows\data\20260824_093823\synchronized_measurements.csv,23,2026-08-24 06:48:53+00:00,146.0,24.3,2.599,,unknown,,No metadata entry,True,True,True
20260824_093823,C:\Users\Sorin\OneDrive - Universitatea Vasile Alecsandri Bacau\Proiecte_Cercetare\FurduI\FSM_Achizitie\emi_dataset_analysis_windows\data\20260824_093823\synchronized_measurements.csv,24,2026-08-24 06:49:23+00:00,156.0,25.6,2.609,,unknown,,No metadata entry,True,True,True
20260824_093823,C:\Users\Sorin\OneDrive - Universitatea Vasile Alecsandri Bacau\Proiecte_Cercetare\FurduI\FSM_Achizitie\emi_dataset_analysis_windows\data\20260824_093823\synchronized_measurements.csv,25,2026-08-24 06:49:53+00:00,168.0,27.6,2.626,,unknown,,No metadata entry,True,True,True
20260824_093823,C:\Users\Sorin\OneDrive - Universitatea Vasile Alecsandri Bacau\Proiecte_Cercetare\FurduI\FSM_Achizitie\emi_dataset_analysis_windows\data\20260824_093823\synchronized_measurements.csv,26,2026-08-24 06:50:23+00:00,181.0,29.4,2.635,,unknown,,No metadata entry,True,True,True
20260824_093823,C:\Users\Sorin\OneDrive - Universitatea Vasile Alecsandri Bacau\Proiecte_Cercetare\FurduI\FSM_Achizitie\emi_dataset_analysis_windows\data\20260824_093823\synchronized_measurements.csv,27,2026-08-24 06:50:53+00:00,186.0,30.3,2.65,,unknown,,No metadata entry,True,True,True
20260824_093823,C:\Users\Sorin\OneDrive - Universitatea Vasile Alecsandri Bacau\Proiecte_Cercetare\FurduI\FSM_Achizitie\emi_dataset_analysis_windows\data\20260824_093823\synchronized_measurements.csv,28,2026-08-24 06:51:23+00:00,189.0,30.6,2.661,,unknown,,No metadata entry,True,True,True
20260824_093823,C:\Users\Sorin\OneDrive - Universitatea Vasile Alecsandri Bacau\Proiecte_Cercetare\FurduI\FSM_Achizitie\emi_dataset_analysis_windows\data\20260824_093823\synchronized_measurements.csv,29,2026-08-24 06:51:53+00:00,186.0,30.3,2.667,,unknown,,No metadata entry,True,True,True
20260824_093823,C:\Users\Sorin\OneDrive - Universitatea Vasile Alecsandri Bacau\Proiecte_Cercetare\FurduI\FSM_Achizitie\emi_dataset_analysis_windows\data\20260824_093823\synchronized_measurements.csv,30,2026-08-24 06:52:23+00:00,184.0,29.8,2.678,,unknown,,No metadata entry,True,True,True
20260824_093823,C:\Users\Sorin\OneDrive - Universitatea Vasile Alecsandri Bacau\Proiecte_Cercetare\FurduI\FSM_Achizitie\emi_dataset_analysis_windows\data\20260824_093823\synchronized_measurements.csv,31,2026-08-24 06:52:53+00:00,179.0,29.2,2.692,,unknown,,No metadata entry,True,True,True
20260824_093823,C:\Users\Sorin\OneDrive - Universitatea Vasile Alecsandri Bacau\Proiecte_Cercetare\FurduI\FSM_Achizitie\emi_dataset_analysis_windows\data\20260824_093823\synchronized_measurements.csv,32,2026-08-24 06:53:23+00:00,174.0,28.3,2.706,,unknown,,No metadata entry,True,True,True
20260824_093823,C:\Users\Sorin\OneDrive - Universitatea Vasile Alecsandri Bacau\Proiecte_Cercetare\FurduI\FSM_Achizitie\emi_dataset_analysis_windows\data\20260824_093823\synchronized_measurements.csv,33,2026-08-24 06:53:53+00:00,171.0,27.9,2.718,,unknown,,No metadata entry,True,True,True
20260824_093823,C:\Users\Sorin\OneDrive - Universitatea Vasile Alecsandri Bacau\Proiecte_Cercetare\FurduI\FSM_Achizitie\emi_dataset_analysis_windows\data\20260824_093823\synchronized_measurements.csv,34,2026-08-24 06:54:23+00:00,166.0,27.1,2.726,,unknown,,No metadata entry,True,True,True
20260824_093823,C:\Users\Sorin\OneDrive - Universitatea Vasile Alecsandri Bacau\Proiecte_Cercetare\FurduI\FSM_Achizitie\emi_dataset_analysis_windows\data\20260824_093823\synchronized_measurements.csv,35,2026-08-24 06:54:53+00:00,162.0,26.6,2.733,,unknown,,No metadata entry,True,True,True
20260824_093823,C:\Users\Sorin\OneDrive - Universitatea Vasile Alecsandri Bacau\Proiecte_Cercetare\FurduI\FSM_Achizitie\emi_dataset_analysis_windows\data\20260824_093823\synchronized_measurements.csv,36,2026-08-24 06:55:23+00:00,159.0,26.1,2.747,,unknown,,No metadata entry,True,True,True
20260824_093823,C:\Users\Sorin\OneDrive - Universitatea Vasile Alecsandri Bacau\Proiecte_Cercetare\FurduI\FSM_Achizitie\emi_dataset_analysis_windows\data\20260824_093823\synchronized_measurements.csv,37,2026-08-24 06:55:53+00:00,158.0,25.8,2.759,,unknown,,No metadata entry,True,True,True
20260824_093823,C:\Users\Sorin\OneDrive - Universitatea Vasile Alecsandri Bacau\Proiecte_Cercetare\FurduI\FSM_Achizitie\emi_dataset_analysis_windows\data\20260824_093823\synchronized_measurements.csv,38,2026-08-24 06:56:23+00:00,155.0,25.3,2.766,,unknown,,No metadata entry,True,True,True
20260824_093823,C:\Users\Sorin\OneDrive - Universitatea Vasile Alecsandri Bacau\Proiecte_Cercetare\FurduI\FSM_Achizitie\emi_dataset_analysis_windows\data\20260824_093823\synchronized_measurements.csv,39,2026-08-24 06:56:53+00:00,154.0,25.2,2.778,,unknown,,No metadata entry,True,True,True
20260824_093823,C:\Users\Sorin\OneDrive - Universitatea Vasile Alecsandri Bacau\Proiecte_Cercetare\FurduI\FSM_Achizitie\emi_dataset_analysis_windows\data\20260824_093823\synchronized_measurements.csv,40,2026-08-24 06:57:23+00:00,152.0,24.7,2.791,,unknown,,No metadata entry,True,True,True
20260824_093823,C:\Users\Sorin\OneDrive - Universitatea Vasile Alecsandri Bacau\Proiecte_Cercetare\FurduI\FSM_Achizitie\emi_dataset_analysis_windows\data\20260824_093823\synchronized_measurements.csv,41,2026-08-24 06:57:53+00:00,147.0,24.2,2.797,,unknown,,No metadata entry,True,True,True
20260824_093823,C:\Users\Sorin\OneDrive - Universitatea Vasile Alecsandri Bacau\Proiecte_Cercetare\FurduI\FSM_Achizitie\emi_dataset_analysis_windows\data\20260824_093823\synchronized_measurements.csv,42,2026-08-24 06:58:23+00:00,143.0,23.7,2.804,,unknown,,No metadata entry,True,True,True
20260824_093823,C:\Users\Sorin\OneDrive - Universitatea Vasile Alecsandri Bacau\Proiecte_Cercetare\FurduI\FSM_Achizitie\emi_dataset_analysis_windows\data\20260824_093823\synchronized_measurements.csv,43,2026-08-24 06:58:53+00:00,139.0,22.9,2.815,,unknown,,No metadata entry,True,True,True
20260824_093823,C:\Users\Sorin\OneDrive - Universitatea Vasile Alecsandri Bacau\Proiecte_Cercetare\FurduI\FSM_Achizitie\emi_dataset_analysis_windows\data\20260824_093823\synchronized_measurements.csv,44,2026-08-24 06:59:23+00:00,137.0,22.7,2.944,,unknown,,No metadata entry,True,True,True
20260824_093823,C:\Users\Sorin\OneDrive - Universitatea Vasile Alecsandri Bacau\Proiecte_Cercetare\FurduI\FSM_Achizitie\emi_dataset_analysis_windows\data\20260824_093823\synchronized_measurements.csv,45,2026-08-24 06:59:53+00:00,135.0,22.4,3.139,,unknown,,No metadata entry,True,True,True
20260824_093823,C:\Users\Sorin\OneDrive - Universitatea Vasile Alecsandri Bacau\Proiecte_Cercetare\FurduI\FSM_Achizitie\emi_dataset_analysis_windows\data\20260824_093823\synchronized_measurements.csv,46,2026-08-24 07:00:23+00:00,134.0,22.2,2.855,,unknown,,No metadata entry,True,True,True
20260824_093823,C:\Users\Sorin\OneDrive - Universitatea Vasile Alecsandri Bacau\Proiecte_Cercetare\FurduI\FSM_Achizitie\emi_dataset_analysis_windows\data\20260824_093823\synchronized_measurements.csv,47,2026-08-24 07:00:53+00:00,134.0,22.1,2.867,,unknown,,No metadata entry,True,True,True
20260824_093823,C:\Users\Sorin\OneDrive - Universitatea Vasile Alecsandri Bacau\Proiecte_Cercetare\FurduI\FSM_Achizitie\emi_dataset_analysis_windows\data\20260824_093823\synchronized_measurements.csv,48,2026-08-24 07:01:23+00:00,135.0,22.1,2.878,,unknown,,No metadata entry,True,True,True
20260824_093823,C:\Users\Sorin\OneDrive - Universitatea Vasile Alecsandri Bacau\Proiecte_Cercetare\FurduI\FSM_Achizitie\emi_dataset_analysis_windows\data\20260824_093823\synchronized_measurements.csv,49,2026-08-24 07:01:53+00:00,139.0,22.6,2.891,,unknown,,No metadata entry,True,True,True
20260824_093823,C:\Users\Sorin\OneDrive - Universitatea Vasile Alecsandri Bacau\Proiecte_Cercetare\FurduI\FSM_Achizitie\emi_dataset_analysis_windows\data\20260824_093823\synchronized_measurements.csv,50,2026-08-24 07:02:23+00:00,147.0,23.7,2.903,,unknown,,No metadata entry,True,True,True
20260824_093823,C:\Users\Sorin\OneDrive - Universitatea Vasile Alecsandri Bacau\Proiecte_Cercetare\FurduI\FSM_Achizitie\emi_dataset_analysis_windows\data\20260824_093823\synchronized_measurements.csv,51,2026-08-24 07:02:53+00:00,152.0,24.4,2.915,,unknown,,No metadata entry,True,True,True
20260824_093823,C:\Users\Sorin\OneDrive - Universitatea Vasile Alecsandri Bacau\Proiecte_Cercetare\FurduI\FSM_Achizitie\emi_dataset_analysis_windows\data\20260824_093823\synchronized_measurements.csv,52,2026-08-24 07:03:23+00:00,154.0,24.8,2.923,,unknown,,No metadata entry,True,True,True
20260824_093823,C:\Users\Sorin\OneDrive - Universitatea Vasile Alecsandri Bacau\Proiecte_Cercetare\FurduI\FSM_Achizitie\emi_dataset_analysis_windows\data\20260824_093823\synchronized_measurements.csv,53,2026-08-24 07:03:53+00:00,153.0,24.7,2.937,,unknown,,No metadata entry,True,True,True
20260824_093823,C:\Users\Sorin\OneDrive - Universitatea Vasile Alecsandri Bacau\Proiecte_Cercetare\FurduI\FSM_Achizitie\emi_dataset_analysis_windows\data\20260824_093823\synchronized_measurements.csv,54,2026-08-24 07:04:23+00:00,151.0,24.4,2.951,,unknown,,No metadata entry,True,True,True
20260824_093823,C:\Users\Sorin\OneDrive - Universitatea Vasile Alecsandri Bacau\Proiecte_Cercetare\FurduI\FSM_Achizitie\emi_dataset_analysis_windows\data\20260824_093823\synchronized_measurements.csv,55,2026-08-24 07:04:53+00:00,148.0,24.1,2.964,,unknown,,No metadata entry,True,True,True
20260824_093823,C:\Users\Sorin\OneDrive - Universitatea Vasile Alecsandri Bacau\Proiecte_Cercetare\FurduI\FSM_Achizitie\emi_dataset_analysis_windows\data\20260824_093823\synchronized_measurements.csv,56,2026-08-24 07:05:23+00:00,145.0,23.6,2.972,,unknown,,No metadata entry,True,True,True
20260824_093823,C:\Users\Sorin\OneDrive - Universitatea Vasile Alecsandri Bacau\Proiecte_Cercetare\FurduI\FSM_Achizitie\emi_dataset_analysis_windows\data\20260824_093823\synchronized_measurements.csv,57,2026-08-24 07:05:53+00:00,142.0,23.3,2.982,,unknown,,No metadata entry,True,True,True
20260824_093823,C:\Users\Sorin\OneDrive - Universitatea Vasile Alecsandri Bacau\Proiecte_Cercetare\FurduI\FSM_Achizitie\emi_dataset_analysis_windows\data\20260824_093823\synchronized_measurements.csv,58,2026-08-24 07:06:23+00:00,141.0,23.1,2.988,,unknown,,No metadata entry,True,True,True
20260824_093823,C:\Users\Sorin\OneDrive - Universitatea Vasile Alecsandri Bacau\Proiecte_Cercetare\FurduI\FSM_Achizitie\emi_dataset_analysis_windows\data\20260824_093823\synchronized_measurements.csv,59,2026-08-24 07:06:53+00:00,144.0,23.5,2.999,,unknown,,No metadata entry,True,True,True
20260824_093823,C:\Users\Sorin\OneDrive - Universitatea Vasile Alecsandri Bacau\Proiecte_Cercetare\FurduI\FSM_Achizitie\emi_dataset_analysis_windows\data\20260824_093823\synchronized_measurements.csv,60,2026-08-24 07:07:23+00:00,149.0,24.4,3.011,,unknown,,No metadata entry,True,True,True
20260824_093823,C:\Users\Sorin\OneDrive - Universitatea Vasile Alecsandri Bacau\Proiecte_Cercetare\FurduI\FSM_Achizitie\emi_dataset_analysis_windows\data\20260824_093823\synchronized_measurements.csv,61,2026-08-24 07:07:53+00:00,155.0,25.4,3.024,,unknown,,No metadata entry,True,True,True
20260824_093823,C:\Users\Sorin\OneDrive - Universitatea Vasile Alecsandri Bacau\Proiecte_Cercetare\FurduI\FSM_Achizitie\emi_dataset_analysis_windows\data\20260824_093823\synchronized_measurements.csv,62,2026-08-24 07:08:53+00:00,170.0,27.7,3.052,,unknown,,No metadata entry,True,True,True
20260824_093823,C:\Users\Sorin\OneDrive - Universitatea Vasile Alecsandri Bacau\Proiecte_Cercetare\FurduI\FSM_Achizitie\emi_dataset_analysis_windows\data\20260824_093823\synchronized_measurements.csv,63,2026-08-24 07:09:23+00:00,177.0,28.9,3.059,,unknown,,No metadata entry,True,True,True
20260824_093823,C:\Users\Sorin\OneDrive - Universitatea Vasile Alecsandri Bacau\Proiecte_Cercetare\FurduI\FSM_Achizitie\emi_dataset_analysis_windows\data\20260824_093823\synchronized_measurements.csv,64,2026-08-24 07:09:53+00:00,184.0,30.1,3.075,,unknown,,No metadata entry,True,True,True
20260824_093823,C:\Users\Sorin\OneDrive - Universitatea Vasile Alecsandri Bacau\Proiecte_Cercetare\FurduI\FSM_Achizitie\emi_dataset_analysis_windows\data\20260824_093823\synchronized_measurements.csv,65,2026-08-24 07:10:23+00:00,187.0,30.6,3.082,,unknown,,No metadata entry,True,True,True
20260824_093823,C:\Users\Sorin\OneDrive - Universitatea Vasile Alecsandri Bacau\Proiecte_Cercetare\FurduI\FSM_Achizitie\emi_dataset_analysis_windows\data\20260824_093823\synchronized_measurements.csv,66,2026-08-24 07:10:53+00:00,184.0,30.1,3.091,,unknown,,No metadata entry,True,True,True
20260824_093823,C:\Users\Sorin\OneDrive - Universitatea Vasile Alecsandri Bacau\Proiecte_Cercetare\FurduI\FSM_Achizitie\emi_dataset_analysis_windows\data\20260824_093823\synchronized_measurements.csv,67,2026-08-24 07:11:23+00:00,182.0,29.8,3.103,,unknown,,No metadata entry,True,True,True
20260824_093823,C:\Users\Sorin\OneDrive - Universitatea Vasile Alecsandri Bacau\Proiecte_Cercetare\FurduI\FSM_Achizitie\emi_dataset_analysis_windows\data\20260824_093823\synchronized_measurements.csv,68,2026-08-24 07:11:53+00:00,177.0,29.1,3.118,,unknown,,No metadata entry,True,True,True
20260824_093823,C:\Users\Sorin\OneDrive - Universitatea Vasile Alecsandri Bacau\Proiecte_Cercetare\FurduI\FSM_Achizitie\emi_dataset_analysis_windows\data\20260824_093823\synchronized_measurements.csv,69,2026-08-24 07:12:23+00:00,168.0,27.7,3.124,,unknown,,No metadata entry,True,True,True
20260824_093823,C:\Users\Sorin\OneDrive - Universitatea Vasile Alecsandri Bacau\Proiecte_Cercetare\FurduI\FSM_Achizitie\emi_dataset_analysis_windows\data\20260824_093823\synchronized_measurements.csv,70,2026-08-24 07:12:53+00:00,159.0,26.3,3.182,,unknown,,No metadata entry,True,True,True
20260824_093823,C:\Users\Sorin\OneDrive - Universitatea Vasile Alecsandri Bacau\Proiecte_Cercetare\FurduI\FSM_Achizitie\emi_dataset_analysis_windows\data\20260824_093823\synchronized_measurements.csv,71,2026-08-24 07:13:23+00:00,150.0,24.8,3.378,,unknown,,No metadata entry,True,True,True
20260824_093823,C:\Users\Sorin\OneDrive - Universitatea Vasile Alecsandri Bacau\Proiecte_Cercetare\FurduI\FSM_Achizitie\emi_dataset_analysis_windows\data\20260824_093823\synchronized_measurements.csv,72,2026-08-24 07:13:53+00:00,143.0,23.8,3.155,,unknown,,No metadata entry,True,True,True
20260824_093823,C:\Users\Sorin\OneDrive - Universitatea Vasile Alecsandri Bacau\Proiecte_Cercetare\FurduI\FSM_Achizitie\emi_dataset_analysis_windows\data\20260824_093823\synchronized_measurements.csv,73,2026-08-24 07:14:23+00:00,139.0,23.1,3.172,,unknown,,No metadata entry,True,True,True
20260824_093823,C:\Users\Sorin\OneDrive - Universitatea Vasile Alecsandri Bacau\Proiecte_Cercetare\FurduI\FSM_Achizitie\emi_dataset_analysis_windows\data\20260824_093823\synchronized_measurements.csv,74,2026-08-24 07:14:53+00:00,137.0,22.6,3.186,,unknown,,No metadata entry,True,True,True
20260824_093823,C:\Users\Sorin\OneDrive - Universitatea Vasile Alecsandri Bacau\Proiecte_Cercetare\FurduI\FSM_Achizitie\emi_dataset_analysis_windows\data\20260824_093823\synchronized_measurements.csv,75,2026-08-24 07:15:23+00:00,137.0,22.5,3.193,,unknown,,No metadata entry,True,True,True
20260824_093823,C:\Users\Sorin\OneDrive - Universitatea Vasile Alecsandri Bacau\Proiecte_Cercetare\FurduI\FSM_Achizitie\emi_dataset_analysis_windows\data\20260824_093823\synchronized_measurements.csv,76,2026-08-24 07:15:53+00:00,136.0,22.4,3.203,,unknown,,No metadata entry,True,True,True
20260824_093823,C:\Users\Sorin\OneDrive - Universitatea Vasile Alecsandri Bacau\Proiecte_Cercetare\FurduI\FSM_Achizitie\emi_dataset_analysis_windows\data\20260824_093823\synchronized_measurements.csv,77,2026-08-24 07:16:23+00:00,136.0,22.4,3.218,,unknown,,No metadata entry,True,True,True
20260824_093823,C:\Users\Sorin\OneDrive - Universitatea Vasile Alecsandri Bacau\Proiecte_Cercetare\FurduI\FSM_Achizitie\emi_dataset_analysis_windows\data\20260824_093823\synchronized_measurements.csv,78,2026-08-24 07:16:53+00:00,138.0,22.7,3.231,,unknown,,No metadata entry,True,True,True
20260824_093823,C:\Users\Sorin\OneDrive - Universitatea Vasile Alecsandri Bacau\Proiecte_Cercetare\FurduI\FSM_Achizitie\emi_dataset_analysis_windows\data\20260824_093823\synchronized_measurements.csv,79,2026-08-24 07:17:23+00:00,140.0,23.0,3.249,,unknown,,No metadata entry,True,True,True
20260824_093823,C:\Users\Sorin\OneDrive - Universitatea Vasile Alecsandri Bacau\Proiecte_Cercetare\FurduI\FSM_Achizitie\emi_dataset_analysis_windows\data\20260824_093823\synchronized_measurements.csv,80,2026-08-24 07:17:53+00:00,142.0,23.4,3.259,,unknown,,No metadata entry,True,True,True
20260824_093823,C:\Users\Sorin\OneDrive - Universitatea Vasile Alecsandri Bacau\Proiecte_Cercetare\FurduI\FSM_Achizitie\emi_dataset_analysis_windows\data\20260824_093823\synchronized_measurements.csv,81,2026-08-24 07:18:23+00:00,145.0,23.9,3.272,,unknown,,No metadata entry,True,True,True
20260824_093823,C:\Users\Sorin\OneDrive - Universitatea Vasile Alecsandri Bacau\Proiecte_Cercetare\FurduI\FSM_Achizitie\emi_dataset_analysis_windows\data\20260824_093823\synchronized_measurements.csv,82,2026-08-24 07:18:53+00:00,148.0,24.4,3.283,,unknown,,No metadata entry,True,True,True
20260824_093823,C:\Users\Sorin\OneDrive - Universitatea Vasile Alecsandri Bacau\Proiecte_Cercetare\FurduI\FSM_Achizitie\emi_dataset_analysis_windows\data\20260824_093823\synchronized_measurements.csv,83,2026-08-24 07:19:23+00:00,152.0,25.0,3.297,,unknown,,No metadata entry,True,True,True
20260824_093823,C:\Users\Sorin\OneDrive - Universitatea Vasile Alecsandri Bacau\Proiecte_Cercetare\FurduI\FSM_Achizitie\emi_dataset_analysis_windows\data\20260824_093823\synchronized_measurements.csv,84,2026-08-24 07:19:53+00:00,155.0,25.5,3.306,,unknown,,No metadata entry,True,True,True
20260824_093823,C:\Users\Sorin\OneDrive - Universitatea Vasile Alecsandri Bacau\Proiecte_Cercetare\FurduI\FSM_Achizitie\emi_dataset_analysis_windows\data\20260824_093823\synchronized_measurements.csv,85,2026-08-24 07:20:23+00:00,157.0,25.9,3.315,,unknown,,No metadata entry,True,True,True
20260824_093823,C:\Users\Sorin\OneDrive - Universitatea Vasile Alecsandri Bacau\Proiecte_Cercetare\FurduI\FSM_Achizitie\emi_dataset_analysis_windows\data\20260824_093823\synchronized_measurements.csv,86,2026-08-24 07:20:53+00:00,159.0,26.1,3.327,,unknown,,No metadata entry,True,True,True
20260824_093823,C:\Users\Sorin\OneDrive - Universitatea Vasile Alecsandri Bacau\Proiecte_Cercetare\FurduI\FSM_Achizitie\emi_dataset_analysis_windows\data\20260824_093823\synchronized_measurements.csv,87,2026-08-24 07:21:23+00:00,160.0,26.2,3.339,,unknown,,No metadata entry,True,True,True
20260824_093823,C:\Users\Sorin\OneDrive - Universitatea Vasile Alecsandri Bacau\Proiecte_Cercetare\FurduI\FSM_Achizitie\emi_dataset_analysis_windows\data\20260824_093823\synchronized_measurements.csv,88,2026-08-24 07:21:53+00:00,160.0,26.3,3.35,,unknown,,No metadata entry,True,True,True
20260824_093823,C:\Users\Sorin\OneDrive - Universitatea Vasile Alecsandri Bacau\Proiecte_Cercetare\FurduI\FSM_Achizitie\emi_dataset_analysis_windows\data\20260824_093823\synchronized_measurements.csv,89,2026-08-24 07:22:23+00:00,161.0,26.5,3.362,,unknown,,No metadata entry,True,True,True
20260824_093823,C:\Users\Sorin\OneDrive - Universitatea Vasile Alecsandri Bacau\Proiecte_Cercetare\FurduI\FSM_Achizitie\emi_dataset_analysis_windows\data\20260824_093823\synchronized_measurements.csv,90,2026-08-24 07:22:53+00:00,162.0,26.7,3.369,,unknown,,No metadata entry,True,True,True
20260824_093823,C:\Users\Sorin\OneDrive - Universitatea Vasile Alecsandri Bacau\Proiecte_Cercetare\FurduI\FSM_Achizitie\emi_dataset_analysis_windows\data\20260824_093823\synchronized_measurements.csv,91,2026-08-24 07:23:23+00:00,162.0,26.7,3.374,,unknown,,No metadata entry,True,True,True
20260824_093823,C:\Users\Sorin\OneDrive - Universitatea Vasile Alecsandri Bacau\Proiecte_Cercetare\FurduI\FSM_Achizitie\emi_dataset_analysis_windows\data\20260824_093823\synchronized_measurements.csv,92,2026-08-24 07:23:53+00:00,162.0,26.7,3.382,,unknown,,No metadata entry,True,True,True
20260824_093823,C:\Users\Sorin\OneDrive - Universitatea Vasile Alecsandri Bacau\Proiecte_Cercetare\FurduI\FSM_Achizitie\emi_dataset_analysis_windows\data\20260824_093823\synchronized_measurements.csv,93,2026-08-24 07:24:23+00:00,162.0,26.7,3.389,,unknown,,No metadata entry,True,True,True
20260824_093823,C:\Users\Sorin\OneDrive - Universitatea Vasile Alecsandri Bacau\Proiecte_Cercetare\FurduI\FSM_Achizitie\emi_dataset_analysis_windows\data\20260824_093823\synchronized_measurements.csv,94,2026-08-24 07:24:53+00:00,162.0,26.7,3.398,,unknown,,No metadata entry,True,True,True
20260824_093823,C:\Users\Sorin\OneDrive - Universitatea Vasile Alecsandri Bacau\Proiecte_Cercetare\FurduI\FSM_Achizitie\emi_dataset_analysis_windows\data\20260824_093823\synchronized_measurements.csv,95,2026-08-24 07:25:23+00:00,162.0,26.8,3.407,,unknown,,No metadata entry,True,True,True
20260824_093823,C:\Users\Sorin\OneDrive - Universitatea Vasile Alecsandri Bacau\Proiecte_Cercetare\FurduI\FSM_Achizitie\emi_dataset_analysis_windows\data\20260824_093823\synchronized_measurements.csv,96,2026-08-24 07:25:53+00:00,159.0,26.3,3.415,,unknown,,No metadata entry,True,True,True
20260824_093823,C:\Users\Sorin\OneDrive - Universitatea Vasile Alecsandri Bacau\Proiecte_Cercetare\FurduI\FSM_Achizitie\emi_dataset_analysis_windows\data\20260824_093823\synchronized_measurements.csv,97,2026-08-24 07:26:23+00:00,159.0,26.3,3.428,,unknown,,No metadata entry,True,True,True
20260824_093823,C:\Users\Sorin\OneDrive - Universitatea Vasile Alecsandri Bacau\Proiecte_Cercetare\FurduI\FSM_Achizitie\emi_dataset_analysis_windows\data\20260824_093823\synchronized_measurements.csv,98,2026-08-24 07:26:53+00:00,161.0,26.5,3.62,,unknown,,No metadata entry,True,True,True
20260824_093823,C:\Users\Sorin\OneDrive - Universitatea Vasile Alecsandri Bacau\Proiecte_Cercetare\FurduI\FSM_Achizitie\emi_dataset_analysis_windows\data\20260824_093823\synchronized_measurements.csv,99,2026-08-24 07:27:23+00:00,165.0,27.2,3.451,,unknown,,No metadata entry,True,True,True
20260824_093823,C:\Users\Sorin\OneDrive - Universitatea Vasile Alecsandri Bacau\Proiecte_Cercetare\FurduI\FSM_Achizitie\emi_dataset_analysis_windows\data\20260824_093823\synchronized_measurements.csv,100,2026-08-24 07:27:53+00:00,165.0,27.0,3.453,,unknown,,No metadata entry,True,True,True
20260824_093823,C:\Users\Sorin\OneDrive - Universitatea Vasile Alecsandri Bacau\Proiecte_Cercetare\FurduI\FSM_Achizitie\emi_dataset_analysis_windows\data\20260824_093823\synchronized_measurements.csv,101,2026-08-24 07:28:23+00:00,167.0,27.3,3.467,,unknown,,No metadata entry,True,True,True
20260824_093823,C:\Users\Sorin\OneDrive - Universitatea Vasile Alecsandri Bacau\Proiecte_Cercetare\FurduI\FSM_Achizitie\emi_dataset_analysis_windows\data\20260824_093823\synchronized_measurements.csv,102,2026-08-24 07:28:53+00:00,169.0,27.6,3.482,,unknown,,No metadata entry,True,True,True
20260824_093823,C:\Users\Sorin\OneDrive - Universitatea Vasile Alecsandri Bacau\Proiecte_Cercetare\FurduI\FSM_Achizitie\emi_dataset_analysis_windows\data\20260824_093823\synchronized_measurements.csv,103,2026-08-24 07:29:23+00:00,172.0,28.0,3.493,,unknown,,No metadata entry,True,True,True
20260824_093823,C:\Users\Sorin\OneDrive - Universitatea Vasile Alecsandri Bacau\Proiecte_Cercetare\FurduI\FSM_Achizitie\emi_dataset_analysis_windows\data\20260824_093823\synchronized_measurements.csv,104,2026-08-24 07:29:53+00:00,173.0,28.1,3.505,,unknown,,No metadata entry,True,True,True
20260824_093823,C:\Users\Sorin\OneDrive - Universitatea Vasile Alecsandri Bacau\Proiecte_Cercetare\FurduI\FSM_Achizitie\emi_dataset_analysis_windows\data\20260824_093823\synchronized_measurements.csv,105,2026-08-24 07:30:23+00:00,173.0,28.2,3.515,,unknown,,No metadata entry,True,True,True
20260824_093823,C:\Users\Sorin\OneDrive - Universitatea Vasile Alecsandri Bacau\Proiecte_Cercetare\FurduI\FSM_Achizitie\emi_dataset_analysis_windows\data\20260824_093823\synchronized_measurements.csv,106,2026-08-24 07:30:54+00:00,172.0,28.2,2.531,,unknown,,No metadata entry,True,True,True
20260824_093823,C:\Users\Sorin\OneDrive - Universitatea Vasile Alecsandri Bacau\Proiecte_Cercetare\FurduI\FSM_Achizitie\emi_dataset_analysis_windows\data\20260824_093823\synchronized_measurements.csv,107,2026-08-24 07:31:24+00:00,168.0,27.7,2.543,,unknown,,No metadata entry,True,True,True
20260824_093823,C:\Users\Sorin\OneDrive - Universitatea Vasile Alecsandri Bacau\Proiecte_Cercetare\FurduI\FSM_Achizitie\emi_dataset_analysis_windows\data\20260824_093823\synchronized_measurements.csv,108,2026-08-24 07:31:54+00:00,166.0,27.2,2.551,,unknown,,No metadata entry,True,True,True
20260824_093823,C:\Users\Sorin\OneDrive - Universitatea Vasile Alecsandri Bacau\Proiecte_Cercetare\FurduI\FSM_Achizitie\emi_dataset_analysis_windows\data\20260824_093823\synchronized_measurements.csv,109,2026-08-24 07:32:24+00:00,169.0,27.5,2.56,,unknown,,No metadata entry,True,True,True
20260824_093823,C:\Users\Sorin\OneDrive - Universitatea Vasile Alecsandri Bacau\Proiecte_Cercetare\FurduI\FSM_Achizitie\emi_dataset_analysis_windows\data\20260824_093823\synchronized_measurements.csv,110,2026-08-24 07:32:54+00:00,175.0,28.4,2.567,,unknown,,No metadata entry,True,True,True
20260824_093823,C:\Users\Sorin\OneDrive - Universitatea Vasile Alecsandri Bacau\Proiecte_Cercetare\FurduI\FSM_Achizitie\emi_dataset_analysis_windows\data\20260824_093823\synchronized_measurements.csv,111,2026-08-24 07:33:24+00:00,183.0,29.7,2.583,,unknown,,No metadata entry,True,True,True
20260824_093823,C:\Users\Sorin\OneDrive - Universitatea Vasile Alecsandri Bacau\Proiecte_Cercetare\FurduI\FSM_Achizitie\emi_dataset_analysis_windows\data\20260824_093823\synchronized_measurements.csv,112,2026-08-24 07:33:54+00:00,189.0,30.6,2.592,,unknown,,No metadata entry,True,True,True
20260824_093823,C:\Users\Sorin\OneDrive - Universitatea Vasile Alecsandri Bacau\Proiecte_Cercetare\FurduI\FSM_Achizitie\emi_dataset_analysis_windows\data\20260824_093823\synchronized_measurements.csv,113,2026-08-24 07:34:24+00:00,194.0,31.5,2.599,,unknown,,No metadata entry,True,True,True
20260824_093823,C:\Users\Sorin\OneDrive - Universitatea Vasile Alecsandri Bacau\Proiecte_Cercetare\FurduI\FSM_Achizitie\emi_dataset_analysis_windows\data\20260824_093823\synchronized_measurements.csv,114,2026-08-24 07:34:54+00:00,200.0,32.3,2.602,,unknown,,No metadata entry,True,True,True
20260824_093823,C:\Users\Sorin\OneDrive - Universitatea Vasile Alecsandri Bacau\Proiecte_Cercetare\FurduI\FSM_Achizitie\emi_dataset_analysis_windows\data\20260824_093823\synchronized_measurements.csv,115,2026-08-24 07:35:24+00:00,207.0,33.59,2.61,,unknown,,No metadata entry,True,True,True
20260824_093823,C:\Users\Sorin\OneDrive - Universitatea Vasile Alecsandri Bacau\Proiecte_Cercetare\FurduI\FSM_Achizitie\emi_dataset_analysis_windows\data\20260824_093823\synchronized_measurements.csv,116,2026-08-24 07:35:54+00:00,215.0,34.9,2.62,,unknown,,No metadata entry,True,True,True
20260824_093823,C:\Users\Sorin\OneDrive - Universitatea Vasile Alecsandri Bacau\Proiecte_Cercetare\FurduI\FSM_Achizitie\emi_dataset_analysis_windows\data\20260824_093823\synchronized_measurements.csv,117,2026-08-24 07:36:24+00:00,224.0,36.8,2.631,,unknown,,No metadata entry,True,True,True
20260824_093823,C:\Users\Sorin\OneDrive - Universitatea Vasile Alecsandri Bacau\Proiecte_Cercetare\FurduI\FSM_Achizitie\emi_dataset_analysis_windows\data\20260824_093823\synchronized_measurements.csv,118,2026-08-24 07:36:54+00:00,212.0,34.9,2.646,,unknown,,No metadata entry,True,True,True
20260824_093823,C:\Users\Sorin\OneDrive - Universitatea Vasile Alecsandri Bacau\Proiecte_Cercetare\FurduI\FSM_Achizitie\emi_dataset_analysis_windows\data\20260824_093823\synchronized_measurements.csv,119,2026-08-24 07:37:24+00:00,213.0,35.0,2.659,,unknown,,No metadata entry,True,True,True
20260824_093823,C:\Users\Sorin\OneDrive - Universitatea Vasile Alecsandri Bacau\Proiecte_Cercetare\FurduI\FSM_Achizitie\emi_dataset_analysis_windows\data\20260824_093823\synchronized_measurements.csv,120,2026-08-24 07:37:54+00:00,214.0,35.09,2.672,,unknown,,No metadata entry,True,True,True
20260824_093823,C:\Users\Sorin\OneDrive - Universitatea Vasile Alecsandri Bacau\Proiecte_Cercetare\FurduI\FSM_Achizitie\emi_dataset_analysis_windows\data\20260824_093823\synchronized_measurements.csv,121,2026-08-24 07:38:24+00:00,218.0,35.8,2.687,,unknown,,No metadata entry,True,True,True
20260824_093823,C:\Users\Sorin\OneDrive - Universitatea Vasile Alecsandri Bacau\Proiecte_Cercetare\FurduI\FSM_Achizitie\emi_dataset_analysis_windows\data\20260824_093823\synchronized_measurements.csv,122,2026-08-24 07:38:54+00:00,215.0,35.4,2.698,,unknown,,No metadata entry,True,True,True
20260824_093823,C:\Users\Sorin\OneDrive - Universitatea Vasile Alecsandri Bacau\Proiecte_Cercetare\FurduI\FSM_Achizitie\emi_dataset_analysis_windows\data\20260824_093823\synchronized_measurements.csv,123,2026-08-24 07:39:24+00:00,214.0,35.2,2.711,,unknown,,No metadata entry,True,True,True
20260824_093823,C:\Users\Sorin\OneDrive - Universitatea Vasile Alecsandri Bacau\Proiecte_Cercetare\FurduI\FSM_Achizitie\emi_dataset_analysis_windows\data\20260824_093823\synchronized_measurements.csv,124,2026-08-24 07:39:54+00:00,215.0,35.7,2.72,,unknown,,No metadata entry,True,True,True
20260824_093823,C:\Users\Sorin\OneDrive - Universitatea Vasile Alecsandri Bacau\Proiecte_Cercetare\FurduI\FSM_Achizitie\emi_dataset_analysis_windows\data\20260824_093823\synchronized_measurements.csv,125,2026-08-24 07:40:24+00:00,224.0,37.2,2.865,,unknown,,No metadata entry,True,True,True
20260824_093823,C:\Users\Sorin\OneDrive - Universitatea Vasile Alecsandri Bacau\Proiecte_Cercetare\FurduI\FSM_Achizitie\emi_dataset_analysis_windows\data\20260824_093823\synchronized_measurements.csv,126,2026-08-24 07:40:54+00:00,222.0,36.9,3.062,,unknown,,No metadata entry,True,True,True
20260824_093823,C:\Users\Sorin\OneDrive - Universitatea Vasile Alecsandri Bacau\Proiecte_Cercetare\FurduI\FSM_Achizitie\emi_dataset_analysis_windows\data\20260824_093823\synchronized_measurements.csv,127,2026-08-24 07:41:24+00:00,222.0,36.7,2.76,,unknown,,No metadata entry,True,True,True
20260824_093823,C:\Users\Sorin\OneDrive - Universitatea Vasile Alecsandri Bacau\Proiecte_Cercetare\FurduI\FSM_Achizitie\emi_dataset_analysis_windows\data\20260824_093823\synchronized_measurements.csv,128,2026-08-24 07:41:54+00:00,234.0,45.3,2.771,,unknown,,No metadata entry,True,True,True
20260824_093823,C:\Users\Sorin\OneDrive - Universitatea Vasile Alecsandri Bacau\Proiecte_Cercetare\FurduI\FSM_Achizitie\emi_dataset_analysis_windows\data\20260824_093823\synchronized_measurements.csv,129,2026-08-24 07:42:24+00:00,223.0,37.7,2.783,,unknown,,No metadata entry,True,True,True
20260824_093823,C:\Users\Sorin\OneDrive - Universitatea Vasile Alecsandri Bacau\Proiecte_Cercetare\FurduI\FSM_Achizitie\emi_dataset_analysis_windows\data\20260824_093823\synchronized_measurements.csv,130,2026-08-24 07:42:54+00:00,208.0,34.8,2.792,,unknown,,No metadata entry,True,True,True
20260824_093823,C:\Users\Sorin\OneDrive - Universitatea Vasile Alecsandri Bacau\Proiecte_Cercetare\FurduI\FSM_Achizitie\emi_dataset_analysis_windows\data\20260824_093823\synchronized_measurements.csv,131,2026-08-24 07:43:24+00:00,207.0,34.59,2.806,,unknown,,No metadata entry,True,True,True
20260824_093823,C:\Users\Sorin\OneDrive - Universitatea Vasile Alecsandri Bacau\Proiecte_Cercetare\FurduI\FSM_Achizitie\emi_dataset_analysis_windows\data\20260824_093823\synchronized_measurements.csv,132,2026-08-24 07:43:54+00:00,207.0,34.59,2.819,,unknown,,No metadata entry,True,True,True
20260824_093823,C:\Users\Sorin\OneDrive - Universitatea Vasile Alecsandri Bacau\Proiecte_Cercetare\FurduI\FSM_Achizitie\emi_dataset_analysis_windows\data\20260824_093823\synchronized_measurements.csv,133,2026-08-24 07:44:24+00:00,205.0,34.3,2.832,,unknown,,No metadata entry,True,True,True
20260824_093823,C:\Users\Sorin\OneDrive - Universitatea Vasile Alecsandri Bacau\Proiecte_Cercetare\FurduI\FSM_Achizitie\emi_dataset_analysis_windows\data\20260824_093823\synchronized_measurements.csv,134,2026-08-24 07:44:54+00:00,200.0,33.8,2.846,,unknown,,No metadata entry,True,True,True
20260824_093823,C:\Users\Sorin\OneDrive - Universitatea Vasile Alecsandri Bacau\Proiecte_Cercetare\FurduI\FSM_Achizitie\emi_dataset_analysis_windows\data\20260824_093823\synchronized_measurements.csv,135,2026-08-24 07:45:24+00:00,198.0,33.5,2.855,,unknown,,No metadata entry,True,True,True
20260824_093823,C:\Users\Sorin\OneDrive - Universitatea Vasile Alecsandri Bacau\Proiecte_Cercetare\FurduI\FSM_Achizitie\emi_dataset_analysis_windows\data\20260824_093823\synchronized_measurements.csv,136,2026-08-24 07:45:54+00:00,196.0,33.2,2.87,,unknown,,No metadata entry,True,True,True
20260824_093823,C:\Users\Sorin\OneDrive - Universitatea Vasile Alecsandri Bacau\Proiecte_Cercetare\FurduI\FSM_Achizitie\emi_dataset_analysis_windows\data\20260824_093823\synchronized_measurements.csv,137,2026-08-24 07:46:24+00:00,194.0,33.0,2.883,,unknown,,No metadata entry,True,True,True
20260824_093823,C:\Users\Sorin\OneDrive - Universitatea Vasile Alecsandri Bacau\Proiecte_Cercetare\FurduI\FSM_Achizitie\emi_dataset_analysis_windows\data\20260824_093823\synchronized_measurements.csv,138,2026-08-24 07:46:54+00:00,196.0,33.3,2.895,,unknown,,No metadata entry,True,True,True
20260824_093823,C:\Users\Sorin\OneDrive - Universitatea Vasile Alecsandri Bacau\Proiecte_Cercetare\FurduI\FSM_Achizitie\emi_dataset_analysis_windows\data\20260824_093823\synchronized_measurements.csv,139,2026-08-24 07:47:24+00:00,202.0,34.3,2.908,,unknown,,No metadata entry,True,True,True
20260824_093823,C:\Users\Sorin\OneDrive - Universitatea Vasile Alecsandri Bacau\Proiecte_Cercetare\FurduI\FSM_Achizitie\emi_dataset_analysis_windows\data\20260824_093823\synchronized_measurements.csv,140,2026-08-24 07:47:54+00:00,208.0,35.4,2.921,,unknown,,No metadata entry,True,True,True
20260824_093823,C:\Users\Sorin\OneDrive - Universitatea Vasile Alecsandri Bacau\Proiecte_Cercetare\FurduI\FSM_Achizitie\emi_dataset_analysis_windows\data\20260824_093823\synchronized_measurements.csv,141,2026-08-24 07:48:24+00:00,216.0,36.7,2.931,,unknown,,No metadata entry,True,True,True
20260824_093823,C:\Users\Sorin\OneDrive - Universitatea Vasile Alecsandri Bacau\Proiecte_Cercetare\FurduI\FSM_Achizitie\emi_dataset_analysis_windows\data\20260824_093823\synchronized_measurements.csv,142,2026-08-24 07:48:54+00:00,232.0,39.2,2.947,,unknown,,No metadata entry,True,True,True
20260824_093823,C:\Users\Sorin\OneDrive - Universitatea Vasile Alecsandri Bacau\Proiecte_Cercetare\FurduI\FSM_Achizitie\emi_dataset_analysis_windows\data\20260824_093823\synchronized_measurements.csv,143,2026-08-24 07:49:24+00:00,325.0,54.4,2.956,,unknown,,No metadata entry,True,True,True
20260824_093823,C:\Users\Sorin\OneDrive - Universitatea Vasile Alecsandri Bacau\Proiecte_Cercetare\FurduI\FSM_Achizitie\emi_dataset_analysis_windows\data\20260824_093823\synchronized_measurements.csv,144,2026-08-24 07:49:54+00:00,288.0,48.3,2.967,,unknown,,No metadata entry,True,True,True
20260824_093823,C:\Users\Sorin\OneDrive - Universitatea Vasile Alecsandri Bacau\Proiecte_Cercetare\FurduI\FSM_Achizitie\emi_dataset_analysis_windows\data\20260824_093823\synchronized_measurements.csv,145,2026-08-24 07:50:24+00:00,515.0,82.7,2.979,,unknown,,No metadata entry,True,True,True
20260824_093823,C:\Users\Sorin\OneDrive - Universitatea Vasile Alecsandri Bacau\Proiecte_Cercetare\FurduI\FSM_Achizitie\emi_dataset_analysis_windows\data\20260824_093823\synchronized_measurements.csv,146,2026-08-24 07:50:54+00:00,279.0,46.6,2.988,,unknown,,No metadata entry,True,True,True
20260824_093823,C:\Users\Sorin\OneDrive - Universitatea Vasile Alecsandri Bacau\Proiecte_Cercetare\FurduI\FSM_Achizitie\emi_dataset_analysis_windows\data\20260824_093823\synchronized_measurements.csv,147,2026-08-24 07:51:24+00:00,339.0,56.6,2.998,,unknown,,No metadata entry,True,True,True
20260824_093823,C:\Users\Sorin\OneDrive - Universitatea Vasile Alecsandri Bacau\Proiecte_Cercetare\FurduI\FSM_Achizitie\emi_dataset_analysis_windows\data\20260824_093823\synchronized_measurements.csv,148,2026-08-24 07:51:54+00:00,281.0,46.7,3.008,,unknown,,No metadata entry,True,True,True
20260824_093823,C:\Users\Sorin\OneDrive - Universitatea Vasile Alecsandri Bacau\Proiecte_Cercetare\FurduI\FSM_Achizitie\emi_dataset_analysis_windows\data\20260824_093823\synchronized_measurements.csv,149,2026-08-24 07:52:24+00:00,285.0,49.9,3.023,,unknown,,No metadata entry,True,True,True
20260824_093823,C:\Users\Sorin\OneDrive - Universitatea Vasile Alecsandri Bacau\Proiecte_Cercetare\FurduI\FSM_Achizitie\emi_dataset_analysis_windows\data\20260824_093823\synchronized_measurements.csv,150,2026-08-24 07:52:54+00:00,276.0,45.7,3.035,,unknown,,No metadata entry,True,True,True
20260824_093823,C:\Users\Sorin\OneDrive - Universitatea Vasile Alecsandri Bacau\Proiecte_Cercetare\FurduI\FSM_Achizitie\emi_dataset_analysis_windows\data\20260824_093823\synchronized_measurements.csv,151,2026-08-24 07:53:24+00:00,279.0,46.8,3.047,,unknown,,No metadata entry,True,True,True
20260824_093823,C:\Users\Sorin\OneDrive - Universitatea Vasile Alecsandri Bacau\Proiecte_Cercetare\FurduI\FSM_Achizitie\emi_dataset_analysis_windows\data\20260824_093823\synchronized_measurements.csv,152,2026-08-24 07:53:54+00:00,282.0,46.7,3.126,,unknown,,No metadata entry,True,True,True
20260824_093823,C:\Users\Sorin\OneDrive - Universitatea Vasile Alecsandri Bacau\Proiecte_Cercetare\FurduI\FSM_Achizitie\emi_dataset_analysis_windows\data\20260824_093823\synchronized_measurements.csv,153,2026-08-24 07:54:24+00:00,284.0,47.0,3.323,,unknown,,No metadata entry,True,True,True
20260824_093823,C:\Users\Sorin\OneDrive - Universitatea Vasile Alecsandri Bacau\Proiecte_Cercetare\FurduI\FSM_Achizitie\emi_dataset_analysis_windows\data\20260824_093823\synchronized_measurements.csv,154,2026-08-24 07:54:54+00:00,318.0,48.8,3.082,,unknown,,No metadata entry,True,True,True
20260824_093823,C:\Users\Sorin\OneDrive - Universitatea Vasile Alecsandri Bacau\Proiecte_Cercetare\FurduI\FSM_Achizitie\emi_dataset_analysis_windows\data\20260824_093823\synchronized_measurements.csv,155,2026-08-24 07:55:24+00:00,390.0,58.2,3.091,,unknown,,No metadata entry,True,True,True
20260824_093823,C:\Users\Sorin\OneDrive - Universitatea Vasile Alecsandri Bacau\Proiecte_Cercetare\FurduI\FSM_Achizitie\emi_dataset_analysis_windows\data\20260824_093823\synchronized_measurements.csv,156,2026-08-24 07:55:54+00:00,730.0,107.0,3.099,,unknown,,No metadata entry,True,True,True
20260824_093823,C:\Users\Sorin\OneDrive - Universitatea Vasile Alecsandri Bacau\Proiecte_Cercetare\FurduI\FSM_Achizitie\emi_dataset_analysis_windows\data\20260824_093823\synchronized_measurements.csv,157,2026-08-24 07:56:24+00:00,307.0,55.6,3.114,,unknown,,No metadata entry,True,True,True
20260824_093823,C:\Users\Sorin\OneDrive - Universitatea Vasile Alecsandri Bacau\Proiecte_Cercetare\FurduI\FSM_Achizitie\emi_dataset_analysis_windows\data\20260824_093823\synchronized_measurements.csv,158,2026-08-24 07:56:54+00:00,713.0,115.6,3.127,,unknown,,No metadata entry,True,True,True
20260824_093823,C:\Users\Sorin\OneDrive - Universitatea Vasile Alecsandri Bacau\Proiecte_Cercetare\FurduI\FSM_Achizitie\emi_dataset_analysis_windows\data\20260824_093823\synchronized_measurements.csv,159,2026-08-24 07:57:24+00:00,740.0,120.0,3.141,,unknown,,No metadata entry,True,True,True
20260824_093823,C:\Users\Sorin\OneDrive - Universitatea Vasile Alecsandri Bacau\Proiecte_Cercetare\FurduI\FSM_Achizitie\emi_dataset_analysis_windows\data\20260824_093823\synchronized_measurements.csv,160,2026-08-24 07:57:54+00:00,374.0,57.3,3.151,,unknown,,No metadata entry,True,True,True
20260824_093823,C:\Users\Sorin\OneDrive - Universitatea Vasile Alecsandri Bacau\Proiecte_Cercetare\FurduI\FSM_Achizitie\emi_dataset_analysis_windows\data\20260824_093823\synchronized_measurements.csv,161,2026-08-24 07:58:24+00:00,616.0,106.7,3.168,,unknown,,No metadata entry,True,True,True
20260824_093823,C:\Users\Sorin\OneDrive - Universitatea Vasile Alecsandri Bacau\Proiecte_Cercetare\FurduI\FSM_Achizitie\emi_dataset_analysis_windows\data\20260824_093823\synchronized_measurements.csv,162,2026-08-24 07:58:54+00:00,511.0,84.4,3.179,,unknown,,No metadata entry,True,True,True
20260824_093823,C:\Users\Sorin\OneDrive - Universitatea Vasile Alecsandri Bacau\Proiecte_Cercetare\FurduI\FSM_Achizitie\emi_dataset_analysis_windows\data\20260824_093823\synchronized_measurements.csv,163,2026-08-24 07:59:24+00:00,358.0,57.4,3.189,,unknown,,No metadata entry,True,True,True
20260824_093823,C:\Users\Sorin\OneDrive - Universitatea Vasile Alecsandri Bacau\Proiecte_Cercetare\FurduI\FSM_Achizitie\emi_dataset_analysis_windows\data\20260824_093823\synchronized_measurements.csv,164,2026-08-24 07:59:54+00:00,378.0,47.5,3.203,,unknown,,No metadata entry,True,True,True
20260824_093823,C:\Users\Sorin\OneDrive - Universitatea Vasile Alecsandri Bacau\Proiecte_Cercetare\FurduI\FSM_Achizitie\emi_dataset_analysis_windows\data\20260824_093823\synchronized_measurements.csv,165,2026-08-24 08:00:24+00:00,764.0,122.7,3.212,,unknown,,No metadata entry,True,True,True
20260824_093823,C:\Users\Sorin\OneDrive - Universitatea Vasile Alecsandri Bacau\Proiecte_Cercetare\FurduI\FSM_Achizitie\emi_dataset_analysis_windows\data\20260824_093823\synchronized_measurements.csv,166,2026-08-24 08:00:54+00:00,388.0,68.0,3.226,,unknown,,No metadata entry,True,True,True
20260824_093823,C:\Users\Sorin\OneDrive - Universitatea Vasile Alecsandri Bacau\Proiecte_Cercetare\FurduI\FSM_Achizitie\emi_dataset_analysis_windows\data\20260824_093823\synchronized_measurements.csv,167,2026-08-24 08:01:24+00:00,754.0,121.2,3.24,,unknown,,No metadata entry,True,True,True
20260824_093823,C:\Users\Sorin\OneDrive - Universitatea Vasile Alecsandri Bacau\Proiecte_Cercetare\FurduI\FSM_Achizitie\emi_dataset_analysis_windows\data\20260824_093823\synchronized_measurements.csv,168,2026-08-24 08:01:54+00:00,617.0,100.0,3.252,,unknown,,No metadata entry,True,True,True
20260824_093823,C:\Users\Sorin\OneDrive - Universitatea Vasile Alecsandri Bacau\Proiecte_Cercetare\FurduI\FSM_Achizitie\emi_dataset_analysis_windows\data\20260824_093823\synchronized_measurements.csv,169,2026-08-24 08:02:24+00:00,705.0,113.0,3.26,,unknown,,No metadata entry,True,True,True
20260824_093823,C:\Users\Sorin\OneDrive - Universitatea Vasile Alecsandri Bacau\Proiecte_Cercetare\FurduI\FSM_Achizitie\emi_dataset_analysis_windows\data\20260824_093823\synchronized_measurements.csv,170,2026-08-24 08:03:24+00:00,214.0,38.4,3.279,,unknown,,No metadata entry,True,True,True
20260824_093823,C:\Users\Sorin\OneDrive - Universitatea Vasile Alecsandri Bacau\Proiecte_Cercetare\FurduI\FSM_Achizitie\emi_dataset_analysis_windows\data\20260824_093823\synchronized_measurements.csv,171,2026-08-24 08:03:54+00:00,372.0,63.3,3.287,,unknown,,No metadata entry,True,True,True
20260824_093823,C:\Users\Sorin\OneDrive - Universitatea Vasile Alecsandri Bacau\Proiecte_Cercetare\FurduI\FSM_Achizitie\emi_dataset_analysis_windows\data\20260824_093823\synchronized_measurements.csv,172,2026-08-24 08:04:54+00:00,678.0,109.8,3.311,,unknown,,No metadata entry,True,True,True
20260824_093823,C:\Users\Sorin\OneDrive - Universitatea Vasile Alecsandri Bacau\Proiecte_Cercetare\FurduI\FSM_Achizitie\emi_dataset_analysis_windows\data\20260824_093823\synchronized_measurements.csv,173,2026-08-24 08:05:24+00:00,668.0,108.5,3.326,,unknown,,No metadata entry,True,True,True
20260824_093823,C:\Users\Sorin\OneDrive - Universitatea Vasile Alecsandri Bacau\Proiecte_Cercetare\FurduI\FSM_Achizitie\emi_dataset_analysis_windows\data\20260824_093823\synchronized_measurements.csv,174,2026-08-24 08:05:54+00:00,677.0,110.4,3.339,,unknown,,No metadata entry,True,True,True
20260824_093823,C:\Users\Sorin\OneDrive - Universitatea Vasile Alecsandri Bacau\Proiecte_Cercetare\FurduI\FSM_Achizitie\emi_dataset_analysis_windows\data\20260824_093823\synchronized_measurements.csv,175,2026-08-24 08:06:24+00:00,679.0,110.5,3.35,,unknown,,No metadata entry,True,True,True
20260824_093823,C:\Users\Sorin\OneDrive - Universitatea Vasile Alecsandri Bacau\Proiecte_Cercetare\FurduI\FSM_Achizitie\emi_dataset_analysis_windows\data\20260824_093823\synchronized_measurements.csv,176,2026-08-24 08:06:54+00:00,681.0,110.6,3.369,,unknown,,No metadata entry,True,True,True
20260824_093823,C:\Users\Sorin\OneDrive - Universitatea Vasile Alecsandri Bacau\Proiecte_Cercetare\FurduI\FSM_Achizitie\emi_dataset_analysis_windows\data\20260824_093823\synchronized_measurements.csv,177,2026-08-24 08:07:24+00:00,684.0,111.0,3.429,,unknown,,No metadata entry,True,True,True
20260824_093823,C:\Users\Sorin\OneDrive - Universitatea Vasile Alecsandri Bacau\Proiecte_Cercetare\FurduI\FSM_Achizitie\emi_dataset_analysis_windows\data\20260824_093823\synchronized_measurements.csv,178,2026-08-24 08:07:54+00:00,693.0,112.6,3.628,,unknown,,No metadata entry,True,True,True
20260824_093823,C:\Users\Sorin\OneDrive - Universitatea Vasile Alecsandri Bacau\Proiecte_Cercetare\FurduI\FSM_Achizitie\emi_dataset_analysis_windows\data\20260824_093823\synchronized_measurements.csv,179,2026-08-24 08:08:24+00:00,565.0,92.3,3.395,,unknown,,No metadata entry,True,True,True
20260824_093823,C:\Users\Sorin\OneDrive - Universitatea Vasile Alecsandri Bacau\Proiecte_Cercetare\FurduI\FSM_Achizitie\emi_dataset_analysis_windows\data\20260824_093823\synchronized_measurements.csv,180,2026-08-24 08:08:54+00:00,712.0,105.3,3.407,,unknown,,No metadata entry,True,True,True
20260824_093823,C:\Users\Sorin\OneDrive - Universitatea Vasile Alecsandri Bacau\Proiecte_Cercetare\FurduI\FSM_Achizitie\emi_dataset_analysis_windows\data\20260824_093823\synchronized_measurements.csv,181,2026-08-24 08:09:24+00:00,335.0,40.2,3.422,,unknown,,No metadata entry,True,True,True
20260824_093823,C:\Users\Sorin\OneDrive - Universitatea Vasile Alecsandri Bacau\Proiecte_Cercetare\FurduI\FSM_Achizitie\emi_dataset_analysis_windows\data\20260824_093823\synchronized_measurements.csv,182,2026-08-24 08:09:54+00:00,238.0,39.59,3.435,,unknown,,No metadata entry,True,True,True
20260824_093823,C:\Users\Sorin\OneDrive - Universitatea Vasile Alecsandri Bacau\Proiecte_Cercetare\FurduI\FSM_Achizitie\emi_dataset_analysis_windows\data\20260824_093823\synchronized_measurements.csv,183,2026-08-24 08:10:24+00:00,277.0,50.8,3.45,,unknown,,No metadata entry,True,True,True
20260824_093823,C:\Users\Sorin\OneDrive - Universitatea Vasile Alecsandri Bacau\Proiecte_Cercetare\FurduI\FSM_Achizitie\emi_dataset_analysis_windows\data\20260824_093823\synchronized_measurements.csv,184,2026-08-24 08:10:54+00:00,380.0,52.9,3.461,,unknown,,No metadata entry,True,True,True
20260824_093823,C:\Users\Sorin\OneDrive - Universitatea Vasile Alecsandri Bacau\Proiecte_Cercetare\FurduI\FSM_Achizitie\emi_dataset_analysis_windows\data\20260824_093823\synchronized_measurements.csv,185,2026-08-24 08:11:24+00:00,454.0,95.1,3.47,,unknown,,No metadata entry,True,True,True
20260824_093823,C:\Users\Sorin\OneDrive - Universitatea Vasile Alecsandri Bacau\Proiecte_Cercetare\FurduI\FSM_Achizitie\emi_dataset_analysis_windows\data\20260824_093823\synchronized_measurements.csv,186,2026-08-24 08:11:54+00:00,685.0,111.0,3.478,,unknown,,No metadata entry,True,True,True
20260824_093823,C:\Users\Sorin\OneDrive - Universitatea Vasile Alecsandri Bacau\Proiecte_Cercetare\FurduI\FSM_Achizitie\emi_dataset_analysis_windows\data\20260824_093823\synchronized_measurements.csv,187,2026-08-24 08:12:24+00:00,662.0,107.4,3.495,,unknown,,No metadata entry,True,True,True
20260824_093823,C:\Users\Sorin\OneDrive - Universitatea Vasile Alecsandri Bacau\Proiecte_Cercetare\FurduI\FSM_Achizitie\emi_dataset_analysis_windows\data\20260824_093823\synchronized_measurements.csv,188,2026-08-24 08:12:54+00:00,675.0,110.2,3.508,,unknown,,No metadata entry,True,True,True
20260824_093823,C:\Users\Sorin\OneDrive - Universitatea Vasile Alecsandri Bacau\Proiecte_Cercetare\FurduI\FSM_Achizitie\emi_dataset_analysis_windows\data\20260824_093823\synchronized_measurements.csv,189,2026-08-24 08:13:24+00:00,668.0,109.4,3.523,,unknown,,No metadata entry,True,True,True
20260824_093823,C:\Users\Sorin\OneDrive - Universitatea Vasile Alecsandri Bacau\Proiecte_Cercetare\FurduI\FSM_Achizitie\emi_dataset_analysis_windows\data\20260824_093823\synchronized_measurements.csv,190,2026-08-24 08:13:54+00:00,657.0,106.9,3.536,,unknown,,No metadata entry,True,True,True
20260824_093823,C:\Users\Sorin\OneDrive - Universitatea Vasile Alecsandri Bacau\Proiecte_Cercetare\FurduI\FSM_Achizitie\emi_dataset_analysis_windows\data\20260824_093823\synchronized_measurements.csv,191,2026-08-24 08:14:24+00:00,655.0,106.7,3.551,,unknown,,No metadata entry,True,True,True
20260824_093823,C:\Users\Sorin\OneDrive - Universitatea Vasile Alecsandri Bacau\Proiecte_Cercetare\FurduI\FSM_Achizitie\emi_dataset_analysis_windows\data\20260824_093823\synchronized_measurements.csv,192,2026-08-24 08:14:54+00:00,664.0,108.3,3.561,,unknown,,No metadata entry,True,True,True
20260824_093823,C:\Users\Sorin\OneDrive - Universitatea Vasile Alecsandri Bacau\Proiecte_Cercetare\FurduI\FSM_Achizitie\emi_dataset_analysis_windows\data\20260824_093823\synchronized_measurements.csv,193,2026-08-24 08:15:24+00:00,662.0,108.1,3.573,,unknown,,No metadata entry,True,True,True
20260824_093823,C:\Users\Sorin\OneDrive - Universitatea Vasile Alecsandri Bacau\Proiecte_Cercetare\FurduI\FSM_Achizitie\emi_dataset_analysis_windows\data\20260824_093823\synchronized_measurements.csv,194,2026-08-24 08:15:54+00:00,659.0,107.1,3.583,,unknown,,No metadata entry,True,True,True
20260824_093823,C:\Users\Sorin\OneDrive - Universitatea Vasile Alecsandri Bacau\Proiecte_Cercetare\FurduI\FSM_Achizitie\emi_dataset_analysis_windows\data\20260824_093823\synchronized_measurements.csv,195,2026-08-24 08:16:24+00:00,674.0,109.4,3.591,,unknown,,No metadata entry,True,True,True
20260824_093823,C:\Users\Sorin\OneDrive - Universitatea Vasile Alecsandri Bacau\Proiecte_Cercetare\FurduI\FSM_Achizitie\emi_dataset_analysis_windows\data\20260824_093823\synchronized_measurements.csv,196,2026-08-24 08:16:54+00:00,429.0,72.0,3.599,,unknown,,No metadata entry,True,True,True
20260824_093823,C:\Users\Sorin\OneDrive - Universitatea Vasile Alecsandri Bacau\Proiecte_Cercetare\FurduI\FSM_Achizitie\emi_dataset_analysis_windows\data\20260824_093823\synchronized_measurements.csv,197,2026-08-24 08:17:24+00:00,680.0,110.2,3.615,,unknown,,No metadata entry,True,True,True
20260824_093823,C:\Users\Sorin\OneDrive - Universitatea Vasile Alecsandri Bacau\Proiecte_Cercetare\FurduI\FSM_Achizitie\emi_dataset_analysis_windows\data\20260824_093823\synchronized_measurements.csv,198,2026-08-24 08:17:54+00:00,663.0,108.2,3.626,,unknown,,No metadata entry,True,True,True
20260824_093823,C:\Users\Sorin\OneDrive - Universitatea Vasile Alecsandri Bacau\Proiecte_Cercetare\FurduI\FSM_Achizitie\emi_dataset_analysis_windows\data\20260824_093823\synchronized_measurements.csv,199,2026-08-24 08:18:24+00:00,683.0,110.7,3.634,,unknown,,No metadata entry,True,True,True
20260824_093823,C:\Users\Sorin\OneDrive - Universitatea Vasile Alecsandri Bacau\Proiecte_Cercetare\FurduI\FSM_Achizitie\emi_dataset_analysis_windows\data\20260824_093823\synchronized_measurements.csv,200,2026-08-24 08:18:54+00:00,707.0,114.1,3.646,,unknown,,No metadata entry,True,True,True
20260824_093823,C:\Users\Sorin\OneDrive - Universitatea Vasile Alecsandri Bacau\Proiecte_Cercetare\FurduI\FSM_Achizitie\emi_dataset_analysis_windows\data\20260824_093823\synchronized_measurements.csv,201,2026-08-24 08:19:24+00:00,424.0,73.1,3.653,,unknown,,No metadata entry,True,True,True
20260824_093823,C:\Users\Sorin\OneDrive - Universitatea Vasile Alecsandri Bacau\Proiecte_Cercetare\FurduI\FSM_Achizitie\emi_dataset_analysis_windows\data\20260824_093823\synchronized_measurements.csv,202,2026-08-24 08:19:54+00:00,600.0,93.2,3.654,,unknown,,No metadata entry,True,True,True
20260824_093823,C:\Users\Sorin\OneDrive - Universitatea Vasile Alecsandri Bacau\Proiecte_Cercetare\FurduI\FSM_Achizitie\emi_dataset_analysis_windows\data\20260824_093823\synchronized_measurements.csv,203,2026-08-24 08:20:24+00:00,662.0,107.2,3.66,,unknown,,No metadata entry,True,True,True
20260824_093823,C:\Users\Sorin\OneDrive - Universitatea Vasile Alecsandri Bacau\Proiecte_Cercetare\FurduI\FSM_Achizitie\emi_dataset_analysis_windows\data\20260824_093823\synchronized_measurements.csv,204,2026-08-24 08:20:54+00:00,689.0,111.5,3.795,,unknown,,No metadata entry,True,True,True
20260824_093823,C:\Users\Sorin\OneDrive - Universitatea Vasile Alecsandri Bacau\Proiecte_Cercetare\FurduI\FSM_Achizitie\emi_dataset_analysis_windows\data\20260824_093823\synchronized_measurements.csv,205,2026-08-24 08:21:24+00:00,618.0,106.9,3.995,,unknown,,No metadata entry,True,True,True
20260824_093823,C:\Users\Sorin\OneDrive - Universitatea Vasile Alecsandri Bacau\Proiecte_Cercetare\FurduI\FSM_Achizitie\emi_dataset_analysis_windows\data\20260824_093823\synchronized_measurements.csv,206,2026-08-24 08:21:54+00:00,700.0,112.6,3.701,,unknown,,No metadata entry,True,True,True
20260824_093823,C:\Users\Sorin\OneDrive - Universitatea Vasile Alecsandri Bacau\Proiecte_Cercetare\FurduI\FSM_Achizitie\emi_dataset_analysis_windows\data\20260824_093823\synchronized_measurements.csv,207,2026-08-24 08:22:24+00:00,686.0,110.6,3.71,,unknown,,No metadata entry,True,True,True
20260824_093823,C:\Users\Sorin\OneDrive - Universitatea Vasile Alecsandri Bacau\Proiecte_Cercetare\FurduI\FSM_Achizitie\emi_dataset_analysis_windows\data\20260824_093823\synchronized_measurements.csv,208,2026-08-24 08:22:54+00:00,675.0,109.6,3.72,,unknown,,No metadata entry,True,True,True
20260824_093823,C:\Users\Sorin\OneDrive - Universitatea Vasile Alecsandri Bacau\Proiecte_Cercetare\FurduI\FSM_Achizitie\emi_dataset_analysis_windows\data\20260824_093823\synchronized_measurements.csv,209,2026-08-24 08:23:24+00:00,673.0,109.3,3.733,,unknown,,No metadata entry,True,True,True
20260824_093823,C:\Users\Sorin\OneDrive - Universitatea Vasile Alecsandri Bacau\Proiecte_Cercetare\FurduI\FSM_Achizitie\emi_dataset_analysis_windows\data\20260824_093823\synchronized_measurements.csv,210,2026-08-24 08:23:54+00:00,667.0,108.5,3.742,,unknown,,No metadata entry,True,True,True
20260824_093823,C:\Users\Sorin\OneDrive - Universitatea Vasile Alecsandri Bacau\Proiecte_Cercetare\FurduI\FSM_Achizitie\emi_dataset_analysis_windows\data\20260824_093823\synchronized_measurements.csv,211,2026-08-24 08:24:24+00:00,662.0,107.4,3.75,,unknown,,No metadata entry,True,True,True
20260824_093823,C:\Users\Sorin\OneDrive - Universitatea Vasile Alecsandri Bacau\Proiecte_Cercetare\FurduI\FSM_Achizitie\emi_dataset_analysis_windows\data\20260824_093823\synchronized_measurements.csv,212,2026-08-24 08:24:54+00:00,665.0,108.1,3.756,,unknown,,No metadata entry,True,True,True
20260824_093823,C:\Users\Sorin\OneDrive - Universitatea Vasile Alecsandri Bacau\Proiecte_Cercetare\FurduI\FSM_Achizitie\emi_dataset_analysis_windows\data\20260824_093823\synchronized_measurements.csv,213,2026-08-24 08:25:24+00:00,664.0,107.7,3.763,,unknown,,No metadata entry,True,True,True
20260824_093823,C:\Users\Sorin\OneDrive - Universitatea Vasile Alecsandri Bacau\Proiecte_Cercetare\FurduI\FSM_Achizitie\emi_dataset_analysis_windows\data\20260824_093823\synchronized_measurements.csv,214,2026-08-24 08:25:54+00:00,664.0,108.1,3.777,,unknown,,No metadata entry,True,True,True
20260824_093823,C:\Users\Sorin\OneDrive - Universitatea Vasile Alecsandri Bacau\Proiecte_Cercetare\FurduI\FSM_Achizitie\emi_dataset_analysis_windows\data\20260824_093823\synchronized_measurements.csv,215,2026-08-24 08:26:24+00:00,662.0,107.6,3.789,,unknown,,No metadata entry,True,True,True
20260824_093823,C:\Users\Sorin\OneDrive - Universitatea Vasile Alecsandri Bacau\Proiecte_Cercetare\FurduI\FSM_Achizitie\emi_dataset_analysis_windows\data\20260824_093823\synchronized_measurements.csv,216,2026-08-24 08:26:54+00:00,657.0,106.9,3.803,,unknown,,No metadata entry,True,True,True
20260824_093823,C:\Users\Sorin\OneDrive - Universitatea Vasile Alecsandri Bacau\Proiecte_Cercetare\FurduI\FSM_Achizitie\emi_dataset_analysis_windows\data\20260824_093823\synchronized_measurements.csv,217,2026-08-24 08:27:24+00:00,661.0,107.6,3.81,,unknown,,No metadata entry,True,True,True
20260824_093823,C:\Users\Sorin\OneDrive - Universitatea Vasile Alecsandri Bacau\Proiecte_Cercetare\FurduI\FSM_Achizitie\emi_dataset_analysis_windows\data\20260824_093823\synchronized_measurements.csv,218,2026-08-24 08:27:54+00:00,667.0,108.4,3.823,,unknown,,No metadata entry,True,True,True
20260824_093823,C:\Users\Sorin\OneDrive - Universitatea Vasile Alecsandri Bacau\Proiecte_Cercetare\FurduI\FSM_Achizitie\emi_dataset_analysis_windows\data\20260824_093823\synchronized_measurements.csv,219,2026-08-24 08:28:24+00:00,665.0,108.1,3.837,,unknown,,No metadata entry,True,True,True
20260824_093823,C:\Users\Sorin\OneDrive - Universitatea Vasile Alecsandri Bacau\Proiecte_Cercetare\FurduI\FSM_Achizitie\emi_dataset_analysis_windows\data\20260824_093823\synchronized_measurements.csv,220,2026-08-24 08:28:54+00:00,660.0,107.2,3.853,,unknown,,No metadata entry,True,True,True
20260824_093823,C:\Users\Sorin\OneDrive - Universitatea Vasile Alecsandri Bacau\Proiecte_Cercetare\FurduI\FSM_Achizitie\emi_dataset_analysis_windows\data\20260824_093823\synchronized_measurements.csv,221,2026-08-24 08:29:24+00:00,662.0,107.4,3.871,,unknown,,No metadata entry,True,True,True
20260824_093823,C:\Users\Sorin\OneDrive - Universitatea Vasile Alecsandri Bacau\Proiecte_Cercetare\FurduI\FSM_Achizitie\emi_dataset_analysis_windows\data\20260824_093823\synchronized_measurements.csv,222,2026-08-24 08:29:54+00:00,660.0,107.1,3.882,,unknown,,No metadata entry,True,True,True
20260824_093823,C:\Users\Sorin\OneDrive - Universitatea Vasile Alecsandri Bacau\Proiecte_Cercetare\FurduI\FSM_Achizitie\emi_dataset_analysis_windows\data\20260824_093823\synchronized_measurements.csv,223,2026-08-24 08:30:24+00:00,662.0,107.4,-6.115,,unknown,,No metadata entry,True,True,True
20260824_093823,C:\Users\Sorin\OneDrive - Universitatea Vasile Alecsandri Bacau\Proiecte_Cercetare\FurduI\FSM_Achizitie\emi_dataset_analysis_windows\data\20260824_093823\synchronized_measurements.csv,224,2026-08-24 08:30:54+00:00,659.0,107.1,-0.945,,unknown,,No metadata entry,True,True,True
20260824_093823,C:\Users\Sorin\OneDrive - Universitatea Vasile Alecsandri Bacau\Proiecte_Cercetare\FurduI\FSM_Achizitie\emi_dataset_analysis_windows\data\20260824_093823\synchronized_measurements.csv,225,2026-08-24 08:31:24+00:00,664.0,107.5,-0.929,,unknown,,No metadata entry,True,True,True
20260824_093823,C:\Users\Sorin\OneDrive - Universitatea Vasile Alecsandri Bacau\Proiecte_Cercetare\FurduI\FSM_Achizitie\emi_dataset_analysis_windows\data\20260824_093823\synchronized_measurements.csv,226,2026-08-24 08:31:54+00:00,663.0,107.8,-0.915,,unknown,,No metadata entry,True,True,True
20260824_093823,C:\Users\Sorin\OneDrive - Universitatea Vasile Alecsandri Bacau\Proiecte_Cercetare\FurduI\FSM_Achizitie\emi_dataset_analysis_windows\data\20260824_093823\synchronized_measurements.csv,227,2026-08-24 08:32:24+00:00,662.0,107.2,-0.906,,unknown,,No metadata entry,True,True,True
20260824_093823,C:\Users\Sorin\OneDrive - Universitatea Vasile Alecsandri Bacau\Proiecte_Cercetare\FurduI\FSM_Achizitie\emi_dataset_analysis_windows\data\20260824_093823\synchronized_measurements.csv,228,2026-08-24 08:32:54+00:00,665.0,107.3,-0.89,,unknown,,No metadata entry,True,True,True
20260824_093823,C:\Users\Sorin\OneDrive - Universitatea Vasile Alecsandri Bacau\Proiecte_Cercetare\FurduI\FSM_Achizitie\emi_dataset_analysis_windows\data\20260824_093823\synchronized_measurements.csv,229,2026-08-24 08:33:24+00:00,665.0,107.3,-0.874,,unknown,,No metadata entry,True,True,True
20260824_093823,C:\Users\Sorin\OneDrive - Universitatea Vasile Alecsandri Bacau\Proiecte_Cercetare\FurduI\FSM_Achizitie\emi_dataset_analysis_windows\data\20260824_093823\synchronized_measurements.csv,230,2026-08-24 08:33:54+00:00,673.0,108.9,4.26,,unknown,,No metadata entry,True,True,True
20260824_093823,C:\Users\Sorin\OneDrive - Universitatea Vasile Alecsandri Bacau\Proiecte_Cercetare\FurduI\FSM_Achizitie\emi_dataset_analysis_windows\data\20260824_093823\synchronized_measurements.csv,231,2026-08-24 08:34:24+00:00,676.0,109.5,4.262,,unknown,,No metadata entry,True,True,True
20260824_093823,C:\Users\Sorin\OneDrive - Universitatea Vasile Alecsandri Bacau\Proiecte_Cercetare\FurduI\FSM_Achizitie\emi_dataset_analysis_windows\data\20260824_093823\synchronized_measurements.csv,232,2026-08-24 08:34:54+00:00,681.0,110.2,4.405,,unknown,,No metadata entry,True,True,True
20260824_093823,C:\Users\Sorin\OneDrive - Universitatea Vasile Alecsandri Bacau\Proiecte_Cercetare\FurduI\FSM_Achizitie\emi_dataset_analysis_windows\data\20260824_093823\synchronized_measurements.csv,233,2026-08-24 08:35:24+00:00,681.0,110.5,4.279,,unknown,,No metadata entry,True,True,True
20260824_093823,C:\Users\Sorin\OneDrive - Universitatea Vasile Alecsandri Bacau\Proiecte_Cercetare\FurduI\FSM_Achizitie\emi_dataset_analysis_windows\data\20260824_093823\synchronized_measurements.csv,234,2026-08-24 08:35:54+00:00,685.0,111.0,4.287,,unknown,,No metadata entry,True,True,True
20260824_093823,C:\Users\Sorin\OneDrive - Universitatea Vasile Alecsandri Bacau\Proiecte_Cercetare\FurduI\FSM_Achizitie\emi_dataset_analysis_windows\data\20260824_093823\synchronized_measurements.csv,235,2026-08-24 08:36:24+00:00,682.0,110.7,4.29,,unknown,,No metadata entry,True,True,True
20260824_093823,C:\Users\Sorin\OneDrive - Universitatea Vasile Alecsandri Bacau\Proiecte_Cercetare\FurduI\FSM_Achizitie\emi_dataset_analysis_windows\data\20260824_093823\synchronized_measurements.csv,236,2026-08-24 08:36:54+00:00,679.0,110.1,4.301,,unknown,,No metadata entry,True,True,True
20260824_093823,C:\Users\Sorin\OneDrive - Universitatea Vasile Alecsandri Bacau\Proiecte_Cercetare\FurduI\FSM_Achizitie\emi_dataset_analysis_windows\data\20260824_093823\synchronized_measurements.csv,237,2026-08-24 08:37:24+00:00,681.0,110.4,4.308,,unknown,,No metadata entry,True,True,True
20260824_093823,C:\Users\Sorin\OneDrive - Universitatea Vasile Alecsandri Bacau\Proiecte_Cercetare\FurduI\FSM_Achizitie\emi_dataset_analysis_windows\data\20260824_093823\synchronized_measurements.csv,238,2026-08-24 08:37:54+00:00,678.0,110.1,4.314,,unknown,,No metadata entry,True,True,True
20260824_093823,C:\Users\Sorin\OneDrive - Universitatea Vasile Alecsandri Bacau\Proiecte_Cercetare\FurduI\FSM_Achizitie\emi_dataset_analysis_windows\data\20260824_093823\synchronized_measurements.csv,239,2026-08-24 08:38:24+00:00,680.0,110.2,4.323,,unknown,,No metadata entry,True,True,True
20260824_093823,C:\Users\Sorin\OneDrive - Universitatea Vasile Alecsandri Bacau\Proiecte_Cercetare\FurduI\FSM_Achizitie\emi_dataset_analysis_windows\data\20260824_093823\synchronized_measurements.csv,240,2026-08-24 08:38:54+00:00,683.0,110.7,4.329,,unknown,,No metadata entry,True,True,True
20260824_093823,C:\Users\Sorin\OneDrive - Universitatea Vasile Alecsandri Bacau\Proiecte_Cercetare\FurduI\FSM_Achizitie\emi_dataset_analysis_windows\data\20260824_093823\synchronized_measurements.csv,241,2026-08-24 08:39:24+00:00,680.0,110.2,4.336,,unknown,,No metadata entry,True,True,True
20260824_093823,C:\Users\Sorin\OneDrive - Universitatea Vasile Alecsandri Bacau\Proiecte_Cercetare\FurduI\FSM_Achizitie\emi_dataset_analysis_windows\data\20260824_093823\synchronized_measurements.csv,242,2026-08-24 08:39:54+00:00,681.0,110.4,4.345,,unknown,,No metadata entry,True,True,True
20260824_093823,C:\Users\Sorin\OneDrive - Universitatea Vasile Alecsandri Bacau\Proiecte_Cercetare\FurduI\FSM_Achizitie\emi_dataset_analysis_windows\data\20260824_093823\synchronized_measurements.csv,243,2026-08-24 08:40:54+00:00,680.0,110.2,4.36,,unknown,,No metadata entry,True,True,True
20260824_093823,C:\Users\Sorin\OneDrive - Universitatea Vasile Alecsandri Bacau\Proiecte_Cercetare\FurduI\FSM_Achizitie\emi_dataset_analysis_windows\data\20260824_093823\synchronized_measurements.csv,244,2026-08-24 08:41:24+00:00,682.0,110.7,4.369,,unknown,,No metadata entry,True,True,True
20260824_093823,C:\Users\Sorin\OneDrive - Universitatea Vasile Alecsandri Bacau\Proiecte_Cercetare\FurduI\FSM_Achizitie\emi_dataset_analysis_windows\data\20260824_093823\synchronized_measurements.csv,245,2026-08-24 08:41:54+00:00,687.0,111.3,4.377,,unknown,,No metadata entry,True,True,True
20260824_093823,C:\Users\Sorin\OneDrive - Universitatea Vasile Alecsandri Bacau\Proiecte_Cercetare\FurduI\FSM_Achizitie\emi_dataset_analysis_windows\data\20260824_093823\synchronized_measurements.csv,246,2026-08-24 08:42:24+00:00,696.0,112.1,4.387,,unknown,,No metadata entry,True,True,True
20260824_093823,C:\Users\Sorin\OneDrive - Universitatea Vasile Alecsandri Bacau\Proiecte_Cercetare\FurduI\FSM_Achizitie\emi_dataset_analysis_windows\data\20260824_093823\synchronized_measurements.csv,247,2026-08-24 08:42:54+00:00,691.0,111.7,4.395,,unknown,,No metadata entry,True,True,True
20260824_093823,C:\Users\Sorin\OneDrive - Universitatea Vasile Alecsandri Bacau\Proiecte_Cercetare\FurduI\FSM_Achizitie\emi_dataset_analysis_windows\data\20260824_093823\synchronized_measurements.csv,248,2026-08-24 08:43:24+00:00,690.0,111.6,4.401,,unknown,,No metadata entry,True,True,True
20260824_093823,C:\Users\Sorin\OneDrive - Universitatea Vasile Alecsandri Bacau\Proiecte_Cercetare\FurduI\FSM_Achizitie\emi_dataset_analysis_windows\data\20260824_093823\synchronized_measurements.csv,249,2026-08-24 08:43:55+00:00,691.0,111.6,3.407,,unknown,,No metadata entry,True,True,True
20260824_093823,C:\Users\Sorin\OneDrive - Universitatea Vasile Alecsandri Bacau\Proiecte_Cercetare\FurduI\FSM_Achizitie\emi_dataset_analysis_windows\data\20260824_093823\synchronized_measurements.csv,250,2026-08-24 08:44:25+00:00,692.0,111.5,3.416,,unknown,,No metadata entry,True,True,True
20260824_093823,C:\Users\Sorin\OneDrive - Universitatea Vasile Alecsandri Bacau\Proiecte_Cercetare\FurduI\FSM_Achizitie\emi_dataset_analysis_windows\data\20260824_093823\synchronized_measurements.csv,251,2026-08-24 08:44:55+00:00,686.0,111.0,3.424,,unknown,,No metadata entry,True,True,True
20260824_093823,C:\Users\Sorin\OneDrive - Universitatea Vasile Alecsandri Bacau\Proiecte_Cercetare\FurduI\FSM_Achizitie\emi_dataset_analysis_windows\data\20260824_093823\synchronized_measurements.csv,252,2026-08-24 08:45:25+00:00,687.0,111.1,3.431,,unknown,,No metadata entry,True,True,True
20260824_093823,C:\Users\Sorin\OneDrive - Universitatea Vasile Alecsandri Bacau\Proiecte_Cercetare\FurduI\FSM_Achizitie\emi_dataset_analysis_windows\data\20260824_093823\synchronized_measurements.csv,253,2026-08-24 08:45:55+00:00,688.0,110.3,3.439,,unknown,,No metadata entry,True,True,True
20260824_093823,C:\Users\Sorin\OneDrive - Universitatea Vasile Alecsandri Bacau\Proiecte_Cercetare\FurduI\FSM_Achizitie\emi_dataset_analysis_windows\data\20260824_093823\synchronized_measurements.csv,254,2026-08-24 08:46:25+00:00,690.0,106.4,3.447,,unknown,,No metadata entry,True,True,True
20260824_093823,C:\Users\Sorin\OneDrive - Universitatea Vasile Alecsandri Bacau\Proiecte_Cercetare\FurduI\FSM_Achizitie\emi_dataset_analysis_windows\data\20260824_093823\synchronized_measurements.csv,255,2026-08-24 08:46:55+00:00,691.0,97.5,3.455,,unknown,,No metadata entry,True,True,True
20260824_093823,C:\Users\Sorin\OneDrive - Universitatea Vasile Alecsandri Bacau\Proiecte_Cercetare\FurduI\FSM_Achizitie\emi_dataset_analysis_windows\data\20260824_093823\synchronized_measurements.csv,256,2026-08-24 08:47:25+00:00,691.0,85.1,3.467,,unknown,,No metadata entry,True,True,True
20260824_120328,C:\Users\Sorin\OneDrive - Universitatea Vasile Alecsandri Bacau\Proiecte_Cercetare\FurduI\FSM_Achizitie\emi_dataset_analysis_windows\data\20260824_120328\synchronized_measurements.csv,2,2026-08-24 09:03:28+00:00,716.0,115.0,0.737,,unknown,,No metadata entry,True,True,True
20260824_120328,C:\Users\Sorin\OneDrive - Universitatea Vasile Alecsandri Bacau\Proiecte_Cercetare\FurduI\FSM_Achizitie\emi_dataset_analysis_windows\data\20260824_120328\synchronized_measurements.csv,3,2026-08-24 09:03:58+00:00,714.0,115.3,0.938,,unknown,,No metadata entry,True,True,True
20260824_120328,C:\Users\Sorin\OneDrive - Universitatea Vasile Alecsandri Bacau\Proiecte_Cercetare\FurduI\FSM_Achizitie\emi_dataset_analysis_windows\data\20260824_120328\synchronized_measurements.csv,4,2026-08-24 09:04:28+00:00,713.0,115.0,0.716,,unknown,,No metadata entry,True,True,True
20260824_120328,C:\Users\Sorin\OneDrive - Universitatea Vasile Alecsandri Bacau\Proiecte_Cercetare\FurduI\FSM_Achizitie\emi_dataset_analysis_windows\data\20260824_120328\synchronized_measurements.csv,5,2026-08-24 09:04:58+00:00,713.0,114.7,0.723,,unknown,,No metadata entry,True,True,True
20260824_120328,C:\Users\Sorin\OneDrive - Universitatea Vasile Alecsandri Bacau\Proiecte_Cercetare\FurduI\FSM_Achizitie\emi_dataset_analysis_windows\data\20260824_120328\synchronized_measurements.csv,6,2026-08-24 09:05:28+00:00,715.0,115.1,0.732,,unknown,,No metadata entry,True,True,True
20260824_120328,C:\Users\Sorin\OneDrive - Universitatea Vasile Alecsandri Bacau\Proiecte_Cercetare\FurduI\FSM_Achizitie\emi_dataset_analysis_windows\data\20260824_120328\synchronized_measurements.csv,7,2026-08-24 09:05:58+00:00,715.0,115.4,0.741,,unknown,,No metadata entry,True,True,True
20260824_120328,C:\Users\Sorin\OneDrive - Universitatea Vasile Alecsandri Bacau\Proiecte_Cercetare\FurduI\FSM_Achizitie\emi_dataset_analysis_windows\data\20260824_120328\synchronized_measurements.csv,8,2026-08-24 09:06:58+00:00,718.0,115.7,0.751,,unknown,,No metadata entry,True,True,True
20260824_120328,C:\Users\Sorin\OneDrive - Universitatea Vasile Alecsandri Bacau\Proiecte_Cercetare\FurduI\FSM_Achizitie\emi_dataset_analysis_windows\data\20260824_120328\synchronized_measurements.csv,9,2026-08-24 09:07:28+00:00,719.0,116.0,0.758,,unknown,,No metadata entry,True,True,True
20260824_120328,C:\Users\Sorin\OneDrive - Universitatea Vasile Alecsandri Bacau\Proiecte_Cercetare\FurduI\FSM_Achizitie\emi_dataset_analysis_windows\data\20260824_120328\synchronized_measurements.csv,10,2026-08-24 09:07:58+00:00,717.0,115.8,0.763,,unknown,,No metadata entry,True,True,True
20260824_120328,C:\Users\Sorin\OneDrive - Universitatea Vasile Alecsandri Bacau\Proiecte_Cercetare\FurduI\FSM_Achizitie\emi_dataset_analysis_windows\data\20260824_120328\synchronized_measurements.csv,11,2026-08-24 09:08:28+00:00,719.0,116.2,0.773,,unknown,,No metadata entry,True,True,True
20260824_120328,C:\Users\Sorin\OneDrive - Universitatea Vasile Alecsandri Bacau\Proiecte_Cercetare\FurduI\FSM_Achizitie\emi_dataset_analysis_windows\data\20260824_120328\synchronized_measurements.csv,12,2026-08-24 09:08:58+00:00,718.0,116.1,0.781,,unknown,,No metadata entry,True,True,True
20260824_120328,C:\Users\Sorin\OneDrive - Universitatea Vasile Alecsandri Bacau\Proiecte_Cercetare\FurduI\FSM_Achizitie\emi_dataset_analysis_windows\data\20260824_120328\synchronized_measurements.csv,13,2026-08-24 09:09:28+00:00,719.0,116.3,0.789,,unknown,,No metadata entry,True,True,True
20260824_120328,C:\Users\Sorin\OneDrive - Universitatea Vasile Alecsandri Bacau\Proiecte_Cercetare\FurduI\FSM_Achizitie\emi_dataset_analysis_windows\data\20260824_120328\synchronized_measurements.csv,14,2026-08-24 09:09:58+00:00,721.0,116.2,0.796,,unknown,,No metadata entry,True,True,True
20260824_120328,C:\Users\Sorin\OneDrive - Universitatea Vasile Alecsandri Bacau\Proiecte_Cercetare\FurduI\FSM_Achizitie\emi_dataset_analysis_windows\data\20260824_120328\synchronized_measurements.csv,15,2026-08-24 09:10:28+00:00,720.0,116.2,0.805,,unknown,,No metadata entry,True,True,True
20260824_120328,C:\Users\Sorin\OneDrive - Universitatea Vasile Alecsandri Bacau\Proiecte_Cercetare\FurduI\FSM_Achizitie\emi_dataset_analysis_windows\data\20260824_120328\synchronized_measurements.csv,16,2026-08-24 09:10:58+00:00,722.0,116.5,0.811,,unknown,,No metadata entry,True,True,True
20260824_120328,C:\Users\Sorin\OneDrive - Universitatea Vasile Alecsandri Bacau\Proiecte_Cercetare\FurduI\FSM_Achizitie\emi_dataset_analysis_windows\data\20260824_120328\synchronized_measurements.csv,17,2026-08-24 09:11:28+00:00,723.0,116.8,0.82,,unknown,,No metadata entry,True,True,True
20260824_120328,C:\Users\Sorin\OneDrive - Universitatea Vasile Alecsandri Bacau\Proiecte_Cercetare\FurduI\FSM_Achizitie\emi_dataset_analysis_windows\data\20260824_120328\synchronized_measurements.csv,18,2026-08-24 09:11:58+00:00,722.0,116.7,0.827,,unknown,,No metadata entry,True,True,True
20260824_120328,C:\Users\Sorin\OneDrive - Universitatea Vasile Alecsandri Bacau\Proiecte_Cercetare\FurduI\FSM_Achizitie\emi_dataset_analysis_windows\data\20260824_120328\synchronized_measurements.csv,19,2026-08-24 09:12:28+00:00,724.0,117.2,0.835,,unknown,,No metadata entry,True,True,True
20260824_120328,C:\Users\Sorin\OneDrive - Universitatea Vasile Alecsandri Bacau\Proiecte_Cercetare\FurduI\FSM_Achizitie\emi_dataset_analysis_windows\data\20260824_120328\synchronized_measurements.csv,20,2026-08-24 09:12:58+00:00,722.0,116.9,0.843,,unknown,,No metadata entry,True,True,True
20260824_120328,C:\Users\Sorin\OneDrive - Universitatea Vasile Alecsandri Bacau\Proiecte_Cercetare\FurduI\FSM_Achizitie\emi_dataset_analysis_windows\data\20260824_120328\synchronized_measurements.csv,21,2026-08-24 09:13:28+00:00,723.0,117.1,0.847,,unknown,,No metadata entry,True,True,True
20260824_120328,C:\Users\Sorin\OneDrive - Universitatea Vasile Alecsandri Bacau\Proiecte_Cercetare\FurduI\FSM_Achizitie\emi_dataset_analysis_windows\data\20260824_120328\synchronized_measurements.csv,22,2026-08-24 09:13:58+00:00,725.0,117.2,0.855,,unknown,,No metadata entry,True,True,True
20260824_120328,C:\Users\Sorin\OneDrive - Universitatea Vasile Alecsandri Bacau\Proiecte_Cercetare\FurduI\FSM_Achizitie\emi_dataset_analysis_windows\data\20260824_120328\synchronized_measurements.csv,23,2026-08-24 09:14:28+00:00,726.0,116.9,0.863,,unknown,,No metadata entry,True,True,True
20260824_120328,C:\Users\Sorin\OneDrive - Universitatea Vasile Alecsandri Bacau\Proiecte_Cercetare\FurduI\FSM_Achizitie\emi_dataset_analysis_windows\data\20260824_120328\synchronized_measurements.csv,24,2026-08-24 09:14:58+00:00,726.0,117.5,0.868,,unknown,,No metadata entry,True,True,True
20260824_120328,C:\Users\Sorin\OneDrive - Universitatea Vasile Alecsandri Bacau\Proiecte_Cercetare\FurduI\FSM_Achizitie\emi_dataset_analysis_windows\data\20260824_120328\synchronized_measurements.csv,25,2026-08-24 09:15:28+00:00,724.0,117.0,0.876,,unknown,,No metadata entry,True,True,True
20260824_120328,C:\Users\Sorin\OneDrive - Universitatea Vasile Alecsandri Bacau\Proiecte_Cercetare\FurduI\FSM_Achizitie\emi_dataset_analysis_windows\data\20260824_120328\synchronized_measurements.csv,26,2026-08-24 09:15:58+00:00,725.0,117.1,0.883,,unknown,,No metadata entry,True,True,True
20260824_120328,C:\Users\Sorin\OneDrive - Universitatea Vasile Alecsandri Bacau\Proiecte_Cercetare\FurduI\FSM_Achizitie\emi_dataset_analysis_windows\data\20260824_120328\synchronized_measurements.csv,27,2026-08-24 09:16:28+00:00,727.0,117.6,0.974,,unknown,,No metadata entry,True,True,True
20260824_120328,C:\Users\Sorin\OneDrive - Universitatea Vasile Alecsandri Bacau\Proiecte_Cercetare\FurduI\FSM_Achizitie\emi_dataset_analysis_windows\data\20260824_120328\synchronized_measurements.csv,28,2026-08-24 09:16:58+00:00,726.0,117.3,1.177,,unknown,,No metadata entry,True,True,True
20260824_120328,C:\Users\Sorin\OneDrive - Universitatea Vasile Alecsandri Bacau\Proiecte_Cercetare\FurduI\FSM_Achizitie\emi_dataset_analysis_windows\data\20260824_120328\synchronized_measurements.csv,29,2026-08-24 09:17:28+00:00,730.0,117.7,0.899,,unknown,,No metadata entry,True,True,True
20260824_120328,C:\Users\Sorin\OneDrive - Universitatea Vasile Alecsandri Bacau\Proiecte_Cercetare\FurduI\FSM_Achizitie\emi_dataset_analysis_windows\data\20260824_120328\synchronized_measurements.csv,30,2026-08-24 09:17:58+00:00,726.0,117.5,0.907,,unknown,,No metadata entry,True,True,True
20260824_120328,C:\Users\Sorin\OneDrive - Universitatea Vasile Alecsandri Bacau\Proiecte_Cercetare\FurduI\FSM_Achizitie\emi_dataset_analysis_windows\data\20260824_120328\synchronized_measurements.csv,31,2026-08-24 09:18:28+00:00,728.0,117.8,0.912,,unknown,,No metadata entry,True,True,True
20260824_120328,C:\Users\Sorin\OneDrive - Universitatea Vasile Alecsandri Bacau\Proiecte_Cercetare\FurduI\FSM_Achizitie\emi_dataset_analysis_windows\data\20260824_120328\synchronized_measurements.csv,32,2026-08-24 09:18:58+00:00,725.0,117.7,0.921,,unknown,,No metadata entry,True,True,True
20260824_120328,C:\Users\Sorin\OneDrive - Universitatea Vasile Alecsandri Bacau\Proiecte_Cercetare\FurduI\FSM_Achizitie\emi_dataset_analysis_windows\data\20260824_120328\synchronized_measurements.csv,33,2026-08-24 09:19:28+00:00,730.0,118.1,0.929,,unknown,,No metadata entry,True,True,True
20260824_120328,C:\Users\Sorin\OneDrive - Universitatea Vasile Alecsandri Bacau\Proiecte_Cercetare\FurduI\FSM_Achizitie\emi_dataset_analysis_windows\data\20260824_120328\synchronized_measurements.csv,34,2026-08-24 09:19:58+00:00,728.0,117.2,0.937,,unknown,,No metadata entry,True,True,True
20260824_120328,C:\Users\Sorin\OneDrive - Universitatea Vasile Alecsandri Bacau\Proiecte_Cercetare\FurduI\FSM_Achizitie\emi_dataset_analysis_windows\data\20260824_120328\synchronized_measurements.csv,35,2026-08-24 09:20:28+00:00,728.0,117.6,0.943,,unknown,,No metadata entry,True,True,True
20260824_120328,C:\Users\Sorin\OneDrive - Universitatea Vasile Alecsandri Bacau\Proiecte_Cercetare\FurduI\FSM_Achizitie\emi_dataset_analysis_windows\data\20260824_120328\synchronized_measurements.csv,36,2026-08-24 09:20:58+00:00,735.0,118.6,0.951,,unknown,,No metadata entry,True,True,True
20260824_120328,C:\Users\Sorin\OneDrive - Universitatea Vasile Alecsandri Bacau\Proiecte_Cercetare\FurduI\FSM_Achizitie\emi_dataset_analysis_windows\data\20260824_120328\synchronized_measurements.csv,37,2026-08-24 09:21:28+00:00,738.0,119.3,0.959,,unknown,,No metadata entry,True,True,True
20260824_120328,C:\Users\Sorin\OneDrive - Universitatea Vasile Alecsandri Bacau\Proiecte_Cercetare\FurduI\FSM_Achizitie\emi_dataset_analysis_windows\data\20260824_120328\synchronized_measurements.csv,38,2026-08-24 09:21:58+00:00,742.0,120.1,0.974,,unknown,,No metadata entry,True,True,True
20260824_120328,C:\Users\Sorin\OneDrive - Universitatea Vasile Alecsandri Bacau\Proiecte_Cercetare\FurduI\FSM_Achizitie\emi_dataset_analysis_windows\data\20260824_120328\synchronized_measurements.csv,39,2026-08-24 09:22:28+00:00,747.0,120.5,0.988,,unknown,,No metadata entry,True,True,True
20260824_120328,C:\Users\Sorin\OneDrive - Universitatea Vasile Alecsandri Bacau\Proiecte_Cercetare\FurduI\FSM_Achizitie\emi_dataset_analysis_windows\data\20260824_120328\synchronized_measurements.csv,40,2026-08-24 09:22:58+00:00,747.0,120.6,0.999,,unknown,,No metadata entry,True,True,True
20260824_120328,C:\Users\Sorin\OneDrive - Universitatea Vasile Alecsandri Bacau\Proiecte_Cercetare\FurduI\FSM_Achizitie\emi_dataset_analysis_windows\data\20260824_120328\synchronized_measurements.csv,41,2026-08-24 09:23:28+00:00,746.0,120.5,1.011,,unknown,,No metadata entry,True,True,True
20260824_120328,C:\Users\Sorin\OneDrive - Universitatea Vasile Alecsandri Bacau\Proiecte_Cercetare\FurduI\FSM_Achizitie\emi_dataset_analysis_windows\data\20260824_120328\synchronized_measurements.csv,42,2026-08-24 09:23:58+00:00,745.0,120.4,1.024,,unknown,,No metadata entry,True,True,True
20260824_120328,C:\Users\Sorin\OneDrive - Universitatea Vasile Alecsandri Bacau\Proiecte_Cercetare\FurduI\FSM_Achizitie\emi_dataset_analysis_windows\data\20260824_120328\synchronized_measurements.csv,43,2026-08-24 09:24:28+00:00,744.0,120.3,1.042,,unknown,,No metadata entry,True,True,True
20260824_120328,C:\Users\Sorin\OneDrive - Universitatea Vasile Alecsandri Bacau\Proiecte_Cercetare\FurduI\FSM_Achizitie\emi_dataset_analysis_windows\data\20260824_120328\synchronized_measurements.csv,44,2026-08-24 09:24:58+00:00,744.0,120.3,1.051,,unknown,,No metadata entry,True,True,True
20260824_120328,C:\Users\Sorin\OneDrive - Universitatea Vasile Alecsandri Bacau\Proiecte_Cercetare\FurduI\FSM_Achizitie\emi_dataset_analysis_windows\data\20260824_120328\synchronized_measurements.csv,45,2026-08-24 09:25:28+00:00,743.0,120.5,1.066,,unknown,,No metadata entry,True,True,True
20260824_120328,C:\Users\Sorin\OneDrive - Universitatea Vasile Alecsandri Bacau\Proiecte_Cercetare\FurduI\FSM_Achizitie\emi_dataset_analysis_windows\data\20260824_120328\synchronized_measurements.csv,46,2026-08-24 09:25:58+00:00,746.0,120.6,1.077,,unknown,,No metadata entry,True,True,True
20260824_120328,C:\Users\Sorin\OneDrive - Universitatea Vasile Alecsandri Bacau\Proiecte_Cercetare\FurduI\FSM_Achizitie\emi_dataset_analysis_windows\data\20260824_120328\synchronized_measurements.csv,47,2026-08-24 09:26:28+00:00,745.0,120.7,1.092,,unknown,,No metadata entry,True,True,True
20260824_120328,C:\Users\Sorin\OneDrive - Universitatea Vasile Alecsandri Bacau\Proiecte_Cercetare\FurduI\FSM_Achizitie\emi_dataset_analysis_windows\data\20260824_120328\synchronized_measurements.csv,48,2026-08-24 09:26:58+00:00,744.0,120.3,1.103,,unknown,,No metadata entry,True,True,True
20260824_120328,C:\Users\Sorin\OneDrive - Universitatea Vasile Alecsandri Bacau\Proiecte_Cercetare\FurduI\FSM_Achizitie\emi_dataset_analysis_windows\data\20260824_120328\synchronized_measurements.csv,49,2026-08-24 09:27:28+00:00,744.0,120.3,1.111,,unknown,,No metadata entry,True,True,True
20260824_120328,C:\Users\Sorin\OneDrive - Universitatea Vasile Alecsandri Bacau\Proiecte_Cercetare\FurduI\FSM_Achizitie\emi_dataset_analysis_windows\data\20260824_120328\synchronized_measurements.csv,50,2026-08-24 09:27:58+00:00,744.0,120.6,1.118,,unknown,,No metadata entry,True,True,True
20260824_120328,C:\Users\Sorin\OneDrive - Universitatea Vasile Alecsandri Bacau\Proiecte_Cercetare\FurduI\FSM_Achizitie\emi_dataset_analysis_windows\data\20260824_120328\synchronized_measurements.csv,51,2026-08-24 09:28:28+00:00,745.0,120.3,1.135,,unknown,,No metadata entry,True,True,True
20260824_120328,C:\Users\Sorin\OneDrive - Universitatea Vasile Alecsandri Bacau\Proiecte_Cercetare\FurduI\FSM_Achizitie\emi_dataset_analysis_windows\data\20260824_120328\synchronized_measurements.csv,52,2026-08-24 09:28:58+00:00,748.0,121.0,1.147,,unknown,,No metadata entry,True,True,True
20260824_120328,C:\Users\Sorin\OneDrive - Universitatea Vasile Alecsandri Bacau\Proiecte_Cercetare\FurduI\FSM_Achizitie\emi_dataset_analysis_windows\data\20260824_120328\synchronized_measurements.csv,53,2026-08-24 09:29:28+00:00,746.0,120.3,1.245,,unknown,,No metadata entry,True,True,True
20260824_120328,C:\Users\Sorin\OneDrive - Universitatea Vasile Alecsandri Bacau\Proiecte_Cercetare\FurduI\FSM_Achizitie\emi_dataset_analysis_windows\data\20260824_120328\synchronized_measurements.csv,54,2026-08-24 09:29:58+00:00,745.0,120.0,1.448,,unknown,,No metadata entry,True,True,True
20260824_120328,C:\Users\Sorin\OneDrive - Universitatea Vasile Alecsandri Bacau\Proiecte_Cercetare\FurduI\FSM_Achizitie\emi_dataset_analysis_windows\data\20260824_120328\synchronized_measurements.csv,55,2026-08-24 09:30:28+00:00,753.0,120.0,1.184,,unknown,,No metadata entry,True,True,True
20260824_120328,C:\Users\Sorin\OneDrive - Universitatea Vasile Alecsandri Bacau\Proiecte_Cercetare\FurduI\FSM_Achizitie\emi_dataset_analysis_windows\data\20260824_120328\synchronized_measurements.csv,56,2026-08-24 09:30:58+00:00,767.0,121.4,1.194,,unknown,,No metadata entry,True,True,True
20260824_120328,C:\Users\Sorin\OneDrive - Universitatea Vasile Alecsandri Bacau\Proiecte_Cercetare\FurduI\FSM_Achizitie\emi_dataset_analysis_windows\data\20260824_120328\synchronized_measurements.csv,57,2026-08-24 09:31:28+00:00,133.0,26.6,1.204,,unknown,,No metadata entry,True,True,True
20260824_120328,C:\Users\Sorin\OneDrive - Universitatea Vasile Alecsandri Bacau\Proiecte_Cercetare\FurduI\FSM_Achizitie\emi_dataset_analysis_windows\data\20260824_120328\synchronized_measurements.csv,58,2026-08-24 09:31:58+00:00,136.0,24.8,1.211,,unknown,,No metadata entry,True,True,True
20260824_120328,C:\Users\Sorin\OneDrive - Universitatea Vasile Alecsandri Bacau\Proiecte_Cercetare\FurduI\FSM_Achizitie\emi_dataset_analysis_windows\data\20260824_120328\synchronized_measurements.csv,59,2026-08-24 09:32:28+00:00,156.0,26.6,1.224,,unknown,,No metadata entry,True,True,True
20260824_120328,C:\Users\Sorin\OneDrive - Universitatea Vasile Alecsandri Bacau\Proiecte_Cercetare\FurduI\FSM_Achizitie\emi_dataset_analysis_windows\data\20260824_120328\synchronized_measurements.csv,60,2026-08-24 09:32:58+00:00,145.0,27.0,1.239,,unknown,,No metadata entry,True,True,True
20260824_120328,C:\Users\Sorin\OneDrive - Universitatea Vasile Alecsandri Bacau\Proiecte_Cercetare\FurduI\FSM_Achizitie\emi_dataset_analysis_windows\data\20260824_120328\synchronized_measurements.csv,61,2026-08-24 09:33:28+00:00,155.0,26.8,1.249,,unknown,,No metadata entry,True,True,True
20260824_120328,C:\Users\Sorin\OneDrive - Universitatea Vasile Alecsandri Bacau\Proiecte_Cercetare\FurduI\FSM_Achizitie\emi_dataset_analysis_windows\data\20260824_120328\synchronized_measurements.csv,62,2026-08-24 09:33:58+00:00,213.0,33.2,1.259,,unknown,,No metadata entry,True,True,True
20260824_120328,C:\Users\Sorin\OneDrive - Universitatea Vasile Alecsandri Bacau\Proiecte_Cercetare\FurduI\FSM_Achizitie\emi_dataset_analysis_windows\data\20260824_120328\synchronized_measurements.csv,63,2026-08-24 09:34:28+00:00,799.0,119.0,1.267,,unknown,,No metadata entry,True,True,True
20260824_120328,C:\Users\Sorin\OneDrive - Universitatea Vasile Alecsandri Bacau\Proiecte_Cercetare\FurduI\FSM_Achizitie\emi_dataset_analysis_windows\data\20260824_120328\synchronized_measurements.csv,64,2026-08-24 09:34:58+00:00,824.0,128.3,1.273,,unknown,,No metadata entry,True,True,True
20260824_120328,C:\Users\Sorin\OneDrive - Universitatea Vasile Alecsandri Bacau\Proiecte_Cercetare\FurduI\FSM_Achizitie\emi_dataset_analysis_windows\data\20260824_120328\synchronized_measurements.csv,65,2026-08-24 09:35:28+00:00,687.0,99.5,1.285,,unknown,,No metadata entry,True,True,True
20260824_120328,C:\Users\Sorin\OneDrive - Universitatea Vasile Alecsandri Bacau\Proiecte_Cercetare\FurduI\FSM_Achizitie\emi_dataset_analysis_windows\data\20260824_120328\synchronized_measurements.csv,66,2026-08-24 09:35:58+00:00,812.0,110.9,1.299,,unknown,,No metadata entry,True,True,True
20260824_120328,C:\Users\Sorin\OneDrive - Universitatea Vasile Alecsandri Bacau\Proiecte_Cercetare\FurduI\FSM_Achizitie\emi_dataset_analysis_windows\data\20260824_120328\synchronized_measurements.csv,67,2026-08-24 09:36:28+00:00,219.0,58.0,1.314,,unknown,,No metadata entry,True,True,True
20260824_120328,C:\Users\Sorin\OneDrive - Universitatea Vasile Alecsandri Bacau\Proiecte_Cercetare\FurduI\FSM_Achizitie\emi_dataset_analysis_windows\data\20260824_120328\synchronized_measurements.csv,68,2026-08-24 09:36:58+00:00,191.0,31.9,1.33,,unknown,,No metadata entry,True,True,True
20260824_120328,C:\Users\Sorin\OneDrive - Universitatea Vasile Alecsandri Bacau\Proiecte_Cercetare\FurduI\FSM_Achizitie\emi_dataset_analysis_windows\data\20260824_120328\synchronized_measurements.csv,69,2026-08-24 09:37:28+00:00,165.0,29.2,1.34,,unknown,,No metadata entry,True,True,True
20260824_120328,C:\Users\Sorin\OneDrive - Universitatea Vasile Alecsandri Bacau\Proiecte_Cercetare\FurduI\FSM_Achizitie\emi_dataset_analysis_windows\data\20260824_120328\synchronized_measurements.csv,70,2026-08-24 09:37:58+00:00,167.0,33.7,1.35,,unknown,,No metadata entry,True,True,True
20260824_120328,C:\Users\Sorin\OneDrive - Universitatea Vasile Alecsandri Bacau\Proiecte_Cercetare\FurduI\FSM_Achizitie\emi_dataset_analysis_windows\data\20260824_120328\synchronized_measurements.csv,71,2026-08-24 09:38:28+00:00,235.0,38.7,1.36,,unknown,,No metadata entry,True,True,True
20260824_120328,C:\Users\Sorin\OneDrive - Universitatea Vasile Alecsandri Bacau\Proiecte_Cercetare\FurduI\FSM_Achizitie\emi_dataset_analysis_windows\data\20260824_120328\synchronized_measurements.csv,72,2026-08-24 09:39:28+00:00,478.0,88.4,1.378,,unknown,,No metadata entry,True,True,True
20260824_120328,C:\Users\Sorin\OneDrive - Universitatea Vasile Alecsandri Bacau\Proiecte_Cercetare\FurduI\FSM_Achizitie\emi_dataset_analysis_windows\data\20260824_120328\synchronized_measurements.csv,73,2026-08-24 09:39:58+00:00,138.0,25.0,1.393,,unknown,,No metadata entry,True,True,True
20260824_120328,C:\Users\Sorin\OneDrive - Universitatea Vasile Alecsandri Bacau\Proiecte_Cercetare\FurduI\FSM_Achizitie\emi_dataset_analysis_windows\data\20260824_120328\synchronized_measurements.csv,74,2026-08-24 09:40:28+00:00,130.0,23.3,1.402,,unknown,,No metadata entry,True,True,True
20260824_120328,C:\Users\Sorin\OneDrive - Universitatea Vasile Alecsandri Bacau\Proiecte_Cercetare\FurduI\FSM_Achizitie\emi_dataset_analysis_windows\data\20260824_120328\synchronized_measurements.csv,75,2026-08-24 09:40:58+00:00,405.0,80.1,1.411,,unknown,,No metadata entry,True,True,True
20260824_120328,C:\Users\Sorin\OneDrive - Universitatea Vasile Alecsandri Bacau\Proiecte_Cercetare\FurduI\FSM_Achizitie\emi_dataset_analysis_windows\data\20260824_120328\synchronized_measurements.csv,76,2026-08-24 09:41:28+00:00,171.0,29.8,1.428,,unknown,,No metadata entry,True,True,True
20260824_120328,C:\Users\Sorin\OneDrive - Universitatea Vasile Alecsandri Bacau\Proiecte_Cercetare\FurduI\FSM_Achizitie\emi_dataset_analysis_windows\data\20260824_120328\synchronized_measurements.csv,77,2026-08-24 09:41:58+00:00,322.0,47.7,1.443,,unknown,,No metadata entry,True,True,True
20260824_120328,C:\Users\Sorin\OneDrive - Universitatea Vasile Alecsandri Bacau\Proiecte_Cercetare\FurduI\FSM_Achizitie\emi_dataset_analysis_windows\data\20260824_120328\synchronized_measurements.csv,78,2026-08-24 09:42:28+00:00,167.0,29.3,1.509,,unknown,,No metadata entry,True,True,True
20260824_120328,C:\Users\Sorin\OneDrive - Universitatea Vasile Alecsandri Bacau\Proiecte_Cercetare\FurduI\FSM_Achizitie\emi_dataset_analysis_windows\data\20260824_120328\synchronized_measurements.csv,79,2026-08-24 09:42:59+00:00,331.0,60.7,0.71,,unknown,,No metadata entry,True,True,True
20260824_120328,C:\Users\Sorin\OneDrive - Universitatea Vasile Alecsandri Bacau\Proiecte_Cercetare\FurduI\FSM_Achizitie\emi_dataset_analysis_windows\data\20260824_120328\synchronized_measurements.csv,80,2026-08-24 09:43:29+00:00,597.0,46.3,0.475,,unknown,,No metadata entry,True,True,True
20260824_120328,C:\Users\Sorin\OneDrive - Universitatea Vasile Alecsandri Bacau\Proiecte_Cercetare\FurduI\FSM_Achizitie\emi_dataset_analysis_windows\data\20260824_120328\synchronized_measurements.csv,81,2026-08-24 09:43:59+00:00,781.0,122.6,0.487,,unknown,,No metadata entry,True,True,True
20260824_120328,C:\Users\Sorin\OneDrive - Universitatea Vasile Alecsandri Bacau\Proiecte_Cercetare\FurduI\FSM_Achizitie\emi_dataset_analysis_windows\data\20260824_120328\synchronized_measurements.csv,82,2026-08-24 09:44:29+00:00,777.0,122.6,0.499,,unknown,,No metadata entry,True,True,True
20260824_120328,C:\Users\Sorin\OneDrive - Universitatea Vasile Alecsandri Bacau\Proiecte_Cercetare\FurduI\FSM_Achizitie\emi_dataset_analysis_windows\data\20260824_120328\synchronized_measurements.csv,83,2026-08-24 09:44:59+00:00,490.0,60.2,0.509,,unknown,,No metadata entry,True,True,True
20260824_120328,C:\Users\Sorin\OneDrive - Universitatea Vasile Alecsandri Bacau\Proiecte_Cercetare\FurduI\FSM_Achizitie\emi_dataset_analysis_windows\data\20260824_120328\synchronized_measurements.csv,84,2026-08-24 09:45:29+00:00,469.0,64.9,0.516,,unknown,,No metadata entry,True,True,True
20260824_120328,C:\Users\Sorin\OneDrive - Universitatea Vasile Alecsandri Bacau\Proiecte_Cercetare\FurduI\FSM_Achizitie\emi_dataset_analysis_windows\data\20260824_120328\synchronized_measurements.csv,85,2026-08-24 09:45:59+00:00,768.0,121.1,0.528,,unknown,,No metadata entry,True,True,True
20260824_120328,C:\Users\Sorin\OneDrive - Universitatea Vasile Alecsandri Bacau\Proiecte_Cercetare\FurduI\FSM_Achizitie\emi_dataset_analysis_windows\data\20260824_120328\synchronized_measurements.csv,86,2026-08-24 09:46:29+00:00,520.0,92.5,0.543,,unknown,,No metadata entry,True,True,True
20260824_120328,C:\Users\Sorin\OneDrive - Universitatea Vasile Alecsandri Bacau\Proiecte_Cercetare\FurduI\FSM_Achizitie\emi_dataset_analysis_windows\data\20260824_120328\synchronized_measurements.csv,87,2026-08-24 09:46:59+00:00,446.0,84.0,0.553,,unknown,,No metadata entry,True,True,True
20260824_120328,C:\Users\Sorin\OneDrive - Universitatea Vasile Alecsandri Bacau\Proiecte_Cercetare\FurduI\FSM_Achizitie\emi_dataset_analysis_windows\data\20260824_120328\synchronized_measurements.csv,88,2026-08-24 09:47:29+00:00,696.0,116.1,0.561,,unknown,,No metadata entry,True,True,True
20260824_120328,C:\Users\Sorin\OneDrive - Universitatea Vasile Alecsandri Bacau\Proiecte_Cercetare\FurduI\FSM_Achizitie\emi_dataset_analysis_windows\data\20260824_120328\synchronized_measurements.csv,89,2026-08-24 09:47:59+00:00,777.0,122.2,0.575,,unknown,,No metadata entry,True,True,True
20260824_120328,C:\Users\Sorin\OneDrive - Universitatea Vasile Alecsandri Bacau\Proiecte_Cercetare\FurduI\FSM_Achizitie\emi_dataset_analysis_windows\data\20260824_120328\synchronized_measurements.csv,90,2026-08-24 09:48:29+00:00,238.0,42.1,0.587,,unknown,,No metadata entry,True,True,True
20260824_120328,C:\Users\Sorin\OneDrive - Universitatea Vasile Alecsandri Bacau\Proiecte_Cercetare\FurduI\FSM_Achizitie\emi_dataset_analysis_windows\data\20260824_120328\synchronized_measurements.csv,91,2026-08-24 09:48:59+00:00,764.0,103.0,0.598,,unknown,,No metadata entry,True,True,True
20260824_120328,C:\Users\Sorin\OneDrive - Universitatea Vasile Alecsandri Bacau\Proiecte_Cercetare\FurduI\FSM_Achizitie\emi_dataset_analysis_windows\data\20260824_120328\synchronized_measurements.csv,92,2026-08-24 09:49:29+00:00,498.0,57.2,0.604,,unknown,,No metadata entry,True,True,True
20260824_120328,C:\Users\Sorin\OneDrive - Universitatea Vasile Alecsandri Bacau\Proiecte_Cercetare\FurduI\FSM_Achizitie\emi_dataset_analysis_windows\data\20260824_120328\synchronized_measurements.csv,93,2026-08-24 09:49:59+00:00,178.0,55.3,0.615,,unknown,,No metadata entry,True,True,True
20260824_120328,C:\Users\Sorin\OneDrive - Universitatea Vasile Alecsandri Bacau\Proiecte_Cercetare\FurduI\FSM_Achizitie\emi_dataset_analysis_windows\data\20260824_120328\synchronized_measurements.csv,94,2026-08-24 09:50:29+00:00,163.0,29.7,0.632,,unknown,,No metadata entry,True,True,True
20260824_120328,C:\Users\Sorin\OneDrive - Universitatea Vasile Alecsandri Bacau\Proiecte_Cercetare\FurduI\FSM_Achizitie\emi_dataset_analysis_windows\data\20260824_120328\synchronized_measurements.csv,95,2026-08-24 09:50:59+00:00,229.0,34.09,0.641,,unknown,,No metadata entry,True,True,True
20260824_120328,C:\Users\Sorin\OneDrive - Universitatea Vasile Alecsandri Bacau\Proiecte_Cercetare\FurduI\FSM_Achizitie\emi_dataset_analysis_windows\data\20260824_120328\synchronized_measurements.csv,96,2026-08-24 09:51:29+00:00,591.0,105.1,0.653,,unknown,,No metadata entry,True,True,True
20260824_120328,C:\Users\Sorin\OneDrive - Universitatea Vasile Alecsandri Bacau\Proiecte_Cercetare\FurduI\FSM_Achizitie\emi_dataset_analysis_windows\data\20260824_120328\synchronized_measurements.csv,97,2026-08-24 09:51:59+00:00,379.0,46.2,0.663,,unknown,,No metadata entry,True,True,True
20260824_120328,C:\Users\Sorin\OneDrive - Universitatea Vasile Alecsandri Bacau\Proiecte_Cercetare\FurduI\FSM_Achizitie\emi_dataset_analysis_windows\data\20260824_120328\synchronized_measurements.csv,98,2026-08-24 09:52:29+00:00,709.0,95.7,0.676,,unknown,,No metadata entry,True,True,True
20260824_120328,C:\Users\Sorin\OneDrive - Universitatea Vasile Alecsandri Bacau\Proiecte_Cercetare\FurduI\FSM_Achizitie\emi_dataset_analysis_windows\data\20260824_120328\synchronized_measurements.csv,99,2026-08-24 09:52:59+00:00,346.0,54.9,0.688,,unknown,,No metadata entry,True,True,True
20260824_120328,C:\Users\Sorin\OneDrive - Universitatea Vasile Alecsandri Bacau\Proiecte_Cercetare\FurduI\FSM_Achizitie\emi_dataset_analysis_windows\data\20260824_120328\synchronized_measurements.csv,100,2026-08-24 09:53:29+00:00,416.0,60.0,0.703,,unknown,,No metadata entry,True,True,True
20260824_120328,C:\Users\Sorin\OneDrive - Universitatea Vasile Alecsandri Bacau\Proiecte_Cercetare\FurduI\FSM_Achizitie\emi_dataset_analysis_windows\data\20260824_120328\synchronized_measurements.csv,101,2026-08-24 09:53:59+00:00,726.0,118.1,0.716,,unknown,,No metadata entry,True,True,True
20260824_120328,C:\Users\Sorin\OneDrive - Universitatea Vasile Alecsandri Bacau\Proiecte_Cercetare\FurduI\FSM_Achizitie\emi_dataset_analysis_windows\data\20260824_120328\synchronized_measurements.csv,102,2026-08-24 09:54:29+00:00,801.0,127.0,0.723,,unknown,,No metadata entry,True,True,True
20260824_120328,C:\Users\Sorin\OneDrive - Universitatea Vasile Alecsandri Bacau\Proiecte_Cercetare\FurduI\FSM_Achizitie\emi_dataset_analysis_windows\data\20260824_120328\synchronized_measurements.csv,103,2026-08-24 09:54:59+00:00,774.0,123.6,0.731,,unknown,,No metadata entry,True,True,True
20260824_120328,C:\Users\Sorin\OneDrive - Universitatea Vasile Alecsandri Bacau\Proiecte_Cercetare\FurduI\FSM_Achizitie\emi_dataset_analysis_windows\data\20260824_120328\synchronized_measurements.csv,104,2026-08-24 09:55:29+00:00,753.0,120.2,0.739,,unknown,,No metadata entry,True,True,True
20260824_120328,C:\Users\Sorin\OneDrive - Universitatea Vasile Alecsandri Bacau\Proiecte_Cercetare\FurduI\FSM_Achizitie\emi_dataset_analysis_windows\data\20260824_120328\synchronized_measurements.csv,105,2026-08-24 09:55:59+00:00,763.0,122.8,0.9,,unknown,,No metadata entry,True,True,True
20260824_120328,C:\Users\Sorin\OneDrive - Universitatea Vasile Alecsandri Bacau\Proiecte_Cercetare\FurduI\FSM_Achizitie\emi_dataset_analysis_windows\data\20260824_120328\synchronized_measurements.csv,106,2026-08-24 09:56:29+00:00,751.0,121.9,0.763,,unknown,,No metadata entry,True,True,True
20260824_120328,C:\Users\Sorin\OneDrive - Universitatea Vasile Alecsandri Bacau\Proiecte_Cercetare\FurduI\FSM_Achizitie\emi_dataset_analysis_windows\data\20260824_120328\synchronized_measurements.csv,107,2026-08-24 09:56:59+00:00,746.0,120.2,0.772,,unknown,,No metadata entry,True,True,True
20260824_120328,C:\Users\Sorin\OneDrive - Universitatea Vasile Alecsandri Bacau\Proiecte_Cercetare\FurduI\FSM_Achizitie\emi_dataset_analysis_windows\data\20260824_120328\synchronized_measurements.csv,108,2026-08-24 09:57:29+00:00,743.0,119.0,0.782,,unknown,,No metadata entry,True,True,True
20260824_120328,C:\Users\Sorin\OneDrive - Universitatea Vasile Alecsandri Bacau\Proiecte_Cercetare\FurduI\FSM_Achizitie\emi_dataset_analysis_windows\data\20260824_120328\synchronized_measurements.csv,109,2026-08-24 09:57:59+00:00,733.0,118.8,0.792,,unknown,,No metadata entry,True,True,True
20260824_120328,C:\Users\Sorin\OneDrive - Universitatea Vasile Alecsandri Bacau\Proiecte_Cercetare\FurduI\FSM_Achizitie\emi_dataset_analysis_windows\data\20260824_120328\synchronized_measurements.csv,110,2026-08-24 09:58:29+00:00,718.0,114.8,0.804,,unknown,,No metadata entry,True,True,True
20260824_120328,C:\Users\Sorin\OneDrive - Universitatea Vasile Alecsandri Bacau\Proiecte_Cercetare\FurduI\FSM_Achizitie\emi_dataset_analysis_windows\data\20260824_120328\synchronized_measurements.csv,111,2026-08-24 09:58:59+00:00,723.0,116.3,0.819,,unknown,,No metadata entry,True,True,True
20260824_120328,C:\Users\Sorin\OneDrive - Universitatea Vasile Alecsandri Bacau\Proiecte_Cercetare\FurduI\FSM_Achizitie\emi_dataset_analysis_windows\data\20260824_120328\synchronized_measurements.csv,112,2026-08-24 09:59:29+00:00,713.0,115.7,0.829,,unknown,,No metadata entry,True,True,True
20260824_120328,C:\Users\Sorin\OneDrive - Universitatea Vasile Alecsandri Bacau\Proiecte_Cercetare\FurduI\FSM_Achizitie\emi_dataset_analysis_windows\data\20260824_120328\synchronized_measurements.csv,113,2026-08-24 09:59:59+00:00,691.0,111.9,0.84,,unknown,,No metadata entry,True,True,True
20260824_120328,C:\Users\Sorin\OneDrive - Universitatea Vasile Alecsandri Bacau\Proiecte_Cercetare\FurduI\FSM_Achizitie\emi_dataset_analysis_windows\data\20260824_120328\synchronized_measurements.csv,114,2026-08-24 10:00:29+00:00,676.0,107.4,0.854,,unknown,,No metadata entry,True,True,True
20260824_120328,C:\Users\Sorin\OneDrive - Universitatea Vasile Alecsandri Bacau\Proiecte_Cercetare\FurduI\FSM_Achizitie\emi_dataset_analysis_windows\data\20260824_120328\synchronized_measurements.csv,115,2026-08-24 10:00:59+00:00,716.0,114.2,0.862,,unknown,,No metadata entry,True,True,True
20260824_120328,C:\Users\Sorin\OneDrive - Universitatea Vasile Alecsandri Bacau\Proiecte_Cercetare\FurduI\FSM_Achizitie\emi_dataset_analysis_windows\data\20260824_120328\synchronized_measurements.csv,116,2026-08-24 10:01:29+00:00,379.0,47.8,0.875,,unknown,,No metadata entry,True,True,True
20260824_120328,C:\Users\Sorin\OneDrive - Universitatea Vasile Alecsandri Bacau\Proiecte_Cercetare\FurduI\FSM_Achizitie\emi_dataset_analysis_windows\data\20260824_120328\synchronized_measurements.csv,117,2026-08-24 10:01:59+00:00,743.0,119.8,0.884,,unknown,,No metadata entry,True,True,True
20260824_120328,C:\Users\Sorin\OneDrive - Universitatea Vasile Alecsandri Bacau\Proiecte_Cercetare\FurduI\FSM_Achizitie\emi_dataset_analysis_windows\data\20260824_120328\synchronized_measurements.csv,118,2026-08-24 10:02:29+00:00,725.0,116.8,0.9,,unknown,,No metadata entry,True,True,True
20260824_120328,C:\Users\Sorin\OneDrive - Universitatea Vasile Alecsandri Bacau\Proiecte_Cercetare\FurduI\FSM_Achizitie\emi_dataset_analysis_windows\data\20260824_120328\synchronized_measurements.csv,119,2026-08-24 10:02:59+00:00,710.0,116.2,0.908,,unknown,,No metadata entry,True,True,True
20260824_120328,C:\Users\Sorin\OneDrive - Universitatea Vasile Alecsandri Bacau\Proiecte_Cercetare\FurduI\FSM_Achizitie\emi_dataset_analysis_windows\data\20260824_120328\synchronized_measurements.csv,120,2026-08-24 10:03:29+00:00,374.0,52.6,0.92,,unknown,,No metadata entry,True,True,True
20260824_120328,C:\Users\Sorin\OneDrive - Universitatea Vasile Alecsandri Bacau\Proiecte_Cercetare\FurduI\FSM_Achizitie\emi_dataset_analysis_windows\data\20260824_120328\synchronized_measurements.csv,121,2026-08-24 10:03:59+00:00,734.0,117.0,0.934,,unknown,,No metadata entry,True,True,True
20260824_120328,C:\Users\Sorin\OneDrive - Universitatea Vasile Alecsandri Bacau\Proiecte_Cercetare\FurduI\FSM_Achizitie\emi_dataset_analysis_windows\data\20260824_120328\synchronized_measurements.csv,122,2026-08-24 10:04:29+00:00,754.0,121.5,0.943,,unknown,,No metadata entry,True,True,True
20260824_120328,C:\Users\Sorin\OneDrive - Universitatea Vasile Alecsandri Bacau\Proiecte_Cercetare\FurduI\FSM_Achizitie\emi_dataset_analysis_windows\data\20260824_120328\synchronized_measurements.csv,123,2026-08-24 10:04:59+00:00,743.0,119.6,0.954,,unknown,,No metadata entry,True,True,True
20260824_120328,C:\Users\Sorin\OneDrive - Universitatea Vasile Alecsandri Bacau\Proiecte_Cercetare\FurduI\FSM_Achizitie\emi_dataset_analysis_windows\data\20260824_120328\synchronized_measurements.csv,124,2026-08-24 10:05:29+00:00,736.0,118.5,0.968,,unknown,,No metadata entry,True,True,True
20260824_120328,C:\Users\Sorin\OneDrive - Universitatea Vasile Alecsandri Bacau\Proiecte_Cercetare\FurduI\FSM_Achizitie\emi_dataset_analysis_windows\data\20260824_120328\synchronized_measurements.csv,125,2026-08-24 10:05:59+00:00,728.0,117.1,0.976,,unknown,,No metadata entry,True,True,True
20260824_120328,C:\Users\Sorin\OneDrive - Universitatea Vasile Alecsandri Bacau\Proiecte_Cercetare\FurduI\FSM_Achizitie\emi_dataset_analysis_windows\data\20260824_120328\synchronized_measurements.csv,126,2026-08-24 10:06:29+00:00,715.0,115.1,0.993,,unknown,,No metadata entry,True,True,True
20260824_120328,C:\Users\Sorin\OneDrive - Universitatea Vasile Alecsandri Bacau\Proiecte_Cercetare\FurduI\FSM_Achizitie\emi_dataset_analysis_windows\data\20260824_120328\synchronized_measurements.csv,127,2026-08-24 10:06:59+00:00,691.0,111.3,1.004,,unknown,,No metadata entry,True,True,True
20260824_120328,C:\Users\Sorin\OneDrive - Universitatea Vasile Alecsandri Bacau\Proiecte_Cercetare\FurduI\FSM_Achizitie\emi_dataset_analysis_windows\data\20260824_120328\synchronized_measurements.csv,128,2026-08-24 10:07:29+00:00,688.0,111.3,1.016,,unknown,,No metadata entry,True,True,True
20260824_120328,C:\Users\Sorin\OneDrive - Universitatea Vasile Alecsandri Bacau\Proiecte_Cercetare\FurduI\FSM_Achizitie\emi_dataset_analysis_windows\data\20260824_120328\synchronized_measurements.csv,129,2026-08-24 10:07:59+00:00,615.0,104.6,1.03,,unknown,,No metadata entry,True,True,True
20260824_120328,C:\Users\Sorin\OneDrive - Universitatea Vasile Alecsandri Bacau\Proiecte_Cercetare\FurduI\FSM_Achizitie\emi_dataset_analysis_windows\data\20260824_120328\synchronized_measurements.csv,130,2026-08-24 10:08:29+00:00,576.0,93.7,1.04,,unknown,,No metadata entry,True,True,True
20260824_120328,C:\Users\Sorin\OneDrive - Universitatea Vasile Alecsandri Bacau\Proiecte_Cercetare\FurduI\FSM_Achizitie\emi_dataset_analysis_windows\data\20260824_120328\synchronized_measurements.csv,131,2026-08-24 10:08:59+00:00,699.0,112.0,1.146,,unknown,,No metadata entry,True,True,True
20260824_120328,C:\Users\Sorin\OneDrive - Universitatea Vasile Alecsandri Bacau\Proiecte_Cercetare\FurduI\FSM_Achizitie\emi_dataset_analysis_windows\data\20260824_120328\synchronized_measurements.csv,132,2026-08-24 10:09:29+00:00,496.0,83.6,1.35,,unknown,,No metadata entry,True,True,True
20260824_120328,C:\Users\Sorin\OneDrive - Universitatea Vasile Alecsandri Bacau\Proiecte_Cercetare\FurduI\FSM_Achizitie\emi_dataset_analysis_windows\data\20260824_120328\synchronized_measurements.csv,133,2026-08-24 10:09:59+00:00,642.0,114.0,1.08,,unknown,,No metadata entry,True,True,True
20260824_120328,C:\Users\Sorin\OneDrive - Universitatea Vasile Alecsandri Bacau\Proiecte_Cercetare\FurduI\FSM_Achizitie\emi_dataset_analysis_windows\data\20260824_120328\synchronized_measurements.csv,134,2026-08-24 10:10:29+00:00,492.0,86.7,1.091,,unknown,,No metadata entry,True,True,True
20260824_120328,C:\Users\Sorin\OneDrive - Universitatea Vasile Alecsandri Bacau\Proiecte_Cercetare\FurduI\FSM_Achizitie\emi_dataset_analysis_windows\data\20260824_120328\synchronized_measurements.csv,135,2026-08-24 10:10:59+00:00,551.0,120.7,1.1,,unknown,,No metadata entry,True,True,True
20260824_120328,C:\Users\Sorin\OneDrive - Universitatea Vasile Alecsandri Bacau\Proiecte_Cercetare\FurduI\FSM_Achizitie\emi_dataset_analysis_windows\data\20260824_120328\synchronized_measurements.csv,136,2026-08-24 10:11:29+00:00,574.0,82.6,1.106,,unknown,,No metadata entry,True,True,True
20260824_120328,C:\Users\Sorin\OneDrive - Universitatea Vasile Alecsandri Bacau\Proiecte_Cercetare\FurduI\FSM_Achizitie\emi_dataset_analysis_windows\data\20260824_120328\synchronized_measurements.csv,137,2026-08-24 10:11:59+00:00,817.0,129.3,1.115,,unknown,,No metadata entry,True,True,True
20260824_120328,C:\Users\Sorin\OneDrive - Universitatea Vasile Alecsandri Bacau\Proiecte_Cercetare\FurduI\FSM_Achizitie\emi_dataset_analysis_windows\data\20260824_120328\synchronized_measurements.csv,138,2026-08-24 10:12:29+00:00,277.0,38.7,1.126,,unknown,,No metadata entry,True,True,True
20260824_120328,C:\Users\Sorin\OneDrive - Universitatea Vasile Alecsandri Bacau\Proiecte_Cercetare\FurduI\FSM_Achizitie\emi_dataset_analysis_windows\data\20260824_120328\synchronized_measurements.csv,139,2026-08-24 10:12:59+00:00,577.0,89.4,1.136,,unknown,,No metadata entry,True,True,True
20260824_120328,C:\Users\Sorin\OneDrive - Universitatea Vasile Alecsandri Bacau\Proiecte_Cercetare\FurduI\FSM_Achizitie\emi_dataset_analysis_windows\data\20260824_120328\synchronized_measurements.csv,140,2026-08-24 10:13:29+00:00,773.0,121.5,1.148,,unknown,,No metadata entry,True,True,True
20260824_120328,C:\Users\Sorin\OneDrive - Universitatea Vasile Alecsandri Bacau\Proiecte_Cercetare\FurduI\FSM_Achizitie\emi_dataset_analysis_windows\data\20260824_120328\synchronized_measurements.csv,141,2026-08-24 10:13:59+00:00,774.0,125.2,1.159,,unknown,,No metadata entry,True,True,True
20260824_120328,C:\Users\Sorin\OneDrive - Universitatea Vasile Alecsandri Bacau\Proiecte_Cercetare\FurduI\FSM_Achizitie\emi_dataset_analysis_windows\data\20260824_120328\synchronized_measurements.csv,142,2026-08-24 10:14:29+00:00,774.0,124.8,1.168,,unknown,,No metadata entry,True,True,True
20260824_120328,C:\Users\Sorin\OneDrive - Universitatea Vasile Alecsandri Bacau\Proiecte_Cercetare\FurduI\FSM_Achizitie\emi_dataset_analysis_windows\data\20260824_120328\synchronized_measurements.csv,143,2026-08-24 10:14:59+00:00,765.0,124.1,1.182,,unknown,,No metadata entry,True,True,True
20260824_120328,C:\Users\Sorin\OneDrive - Universitatea Vasile Alecsandri Bacau\Proiecte_Cercetare\FurduI\FSM_Achizitie\emi_dataset_analysis_windows\data\20260824_120328\synchronized_measurements.csv,144,2026-08-24 10:15:29+00:00,740.0,121.4,1.193,,unknown,,No metadata entry,True,True,True
20260824_163924,C:\Users\Sorin\OneDrive - Universitatea Vasile Alecsandri Bacau\Proiecte_Cercetare\FurduI\FSM_Achizitie\emi_dataset_analysis_windows\data\20260824_163924\synchronized_measurements.csv,2,2026-08-24 13:39:24+00:00,366.0,64.69,0.849,,unknown,,No metadata entry,True,True,True
20260824_163924,C:\Users\Sorin\OneDrive - Universitatea Vasile Alecsandri Bacau\Proiecte_Cercetare\FurduI\FSM_Achizitie\emi_dataset_analysis_windows\data\20260824_163924\synchronized_measurements.csv,3,2026-08-24 13:39:54+00:00,364.0,64.6,0.859,,unknown,,No metadata entry,True,True,True
20260824_163924,C:\Users\Sorin\OneDrive - Universitatea Vasile Alecsandri Bacau\Proiecte_Cercetare\FurduI\FSM_Achizitie\emi_dataset_analysis_windows\data\20260824_163924\synchronized_measurements.csv,4,2026-08-24 13:40:24+00:00,362.0,64.6,0.867,,unknown,,No metadata entry,True,True,True
20260824_163924,C:\Users\Sorin\OneDrive - Universitatea Vasile Alecsandri Bacau\Proiecte_Cercetare\FurduI\FSM_Achizitie\emi_dataset_analysis_windows\data\20260824_163924\synchronized_measurements.csv,5,2026-08-24 13:40:54+00:00,362.0,64.69,0.88,,unknown,,No metadata entry,True,True,True
20260824_163924,C:\Users\Sorin\OneDrive - Universitatea Vasile Alecsandri Bacau\Proiecte_Cercetare\FurduI\FSM_Achizitie\emi_dataset_analysis_windows\data\20260824_163924\synchronized_measurements.csv,6,2026-08-24 13:41:24+00:00,361.0,64.6,0.892,,unknown,,No metadata entry,True,True,True
20260824_163924,C:\Users\Sorin\OneDrive - Universitatea Vasile Alecsandri Bacau\Proiecte_Cercetare\FurduI\FSM_Achizitie\emi_dataset_analysis_windows\data\20260824_163924\synchronized_measurements.csv,7,2026-08-24 13:41:54+00:00,360.0,64.69,0.905,,unknown,,No metadata entry,True,True,True
20260824_163924,C:\Users\Sorin\OneDrive - Universitatea Vasile Alecsandri Bacau\Proiecte_Cercetare\FurduI\FSM_Achizitie\emi_dataset_analysis_windows\data\20260824_163924\synchronized_measurements.csv,8,2026-08-24 13:42:24+00:00,355.0,64.6,0.916,,unknown,,No metadata entry,True,True,True
20260824_163924,C:\Users\Sorin\OneDrive - Universitatea Vasile Alecsandri Bacau\Proiecte_Cercetare\FurduI\FSM_Achizitie\emi_dataset_analysis_windows\data\20260824_163924\synchronized_measurements.csv,9,2026-08-24 13:42:54+00:00,357.0,64.3,0.929,,unknown,,No metadata entry,True,True,True
20260824_163924,C:\Users\Sorin\OneDrive - Universitatea Vasile Alecsandri Bacau\Proiecte_Cercetare\FurduI\FSM_Achizitie\emi_dataset_analysis_windows\data\20260824_163924\synchronized_measurements.csv,10,2026-08-24 13:43:24+00:00,354.0,64.1,0.94,,unknown,,No metadata entry,True,True,True
20260824_163924,C:\Users\Sorin\OneDrive - Universitatea Vasile Alecsandri Bacau\Proiecte_Cercetare\FurduI\FSM_Achizitie\emi_dataset_analysis_windows\data\20260824_163924\synchronized_measurements.csv,11,2026-08-24 13:43:54+00:00,351.0,63.6,0.953,,unknown,,No metadata entry,True,True,True
20260824_163924,C:\Users\Sorin\OneDrive - Universitatea Vasile Alecsandri Bacau\Proiecte_Cercetare\FurduI\FSM_Achizitie\emi_dataset_analysis_windows\data\20260824_163924\synchronized_measurements.csv,12,2026-08-24 13:44:24+00:00,348.0,63.2,0.963,,unknown,,No metadata entry,True,True,True
20260824_163924,C:\Users\Sorin\OneDrive - Universitatea Vasile Alecsandri Bacau\Proiecte_Cercetare\FurduI\FSM_Achizitie\emi_dataset_analysis_windows\data\20260824_163924\synchronized_measurements.csv,13,2026-08-24 13:44:54+00:00,346.0,62.7,0.971,,unknown,,No metadata entry,True,True,True
20260824_163924,C:\Users\Sorin\OneDrive - Universitatea Vasile Alecsandri Bacau\Proiecte_Cercetare\FurduI\FSM_Achizitie\emi_dataset_analysis_windows\data\20260824_163924\synchronized_measurements.csv,14,2026-08-24 13:45:24+00:00,344.0,62.5,0.98,,unknown,,No metadata entry,True,True,True
20260824_163924,C:\Users\Sorin\OneDrive - Universitatea Vasile Alecsandri Bacau\Proiecte_Cercetare\FurduI\FSM_Achizitie\emi_dataset_analysis_windows\data\20260824_163924\synchronized_measurements.csv,15,2026-08-24 13:45:54+00:00,342.0,62.2,0.991,,unknown,,No metadata entry,True,True,True
20260824_163924,C:\Users\Sorin\OneDrive - Universitatea Vasile Alecsandri Bacau\Proiecte_Cercetare\FurduI\FSM_Achizitie\emi_dataset_analysis_windows\data\20260824_163924\synchronized_measurements.csv,16,2026-08-24 13:46:24+00:00,341.0,62.1,1.004,,unknown,,No metadata entry,True,True,True
20260824_163924,C:\Users\Sorin\OneDrive - Universitatea Vasile Alecsandri Bacau\Proiecte_Cercetare\FurduI\FSM_Achizitie\emi_dataset_analysis_windows\data\20260824_163924\synchronized_measurements.csv,17,2026-08-24 13:47:24+00:00,337.0,61.5,1.309,,unknown,,No metadata entry,True,True,True
20260824_163924,C:\Users\Sorin\OneDrive - Universitatea Vasile Alecsandri Bacau\Proiecte_Cercetare\FurduI\FSM_Achizitie\emi_dataset_analysis_windows\data\20260824_163924\synchronized_measurements.csv,18,2026-08-24 13:47:54+00:00,335.0,61.3,1.036,,unknown,,No metadata entry,True,True,True
20260824_163924,C:\Users\Sorin\OneDrive - Universitatea Vasile Alecsandri Bacau\Proiecte_Cercetare\FurduI\FSM_Achizitie\emi_dataset_analysis_windows\data\20260824_163924\synchronized_measurements.csv,19,2026-08-24 13:48:24+00:00,332.0,60.9,1.048,,unknown,,No metadata entry,True,True,True
20260824_163924,C:\Users\Sorin\OneDrive - Universitatea Vasile Alecsandri Bacau\Proiecte_Cercetare\FurduI\FSM_Achizitie\emi_dataset_analysis_windows\data\20260824_163924\synchronized_measurements.csv,20,2026-08-24 13:48:54+00:00,331.0,60.5,1.062,,unknown,,No metadata entry,True,True,True
20260824_163924,C:\Users\Sorin\OneDrive - Universitatea Vasile Alecsandri Bacau\Proiecte_Cercetare\FurduI\FSM_Achizitie\emi_dataset_analysis_windows\data\20260824_163924\synchronized_measurements.csv,21,2026-08-24 13:49:24+00:00,328.0,60.2,1.07,,unknown,,No metadata entry,True,True,True
20260824_163924,C:\Users\Sorin\OneDrive - Universitatea Vasile Alecsandri Bacau\Proiecte_Cercetare\FurduI\FSM_Achizitie\emi_dataset_analysis_windows\data\20260824_163924\synchronized_measurements.csv,22,2026-08-24 13:49:54+00:00,326.0,60.0,1.083,,unknown,,No metadata entry,True,True,True
20260824_163924,C:\Users\Sorin\OneDrive - Universitatea Vasile Alecsandri Bacau\Proiecte_Cercetare\FurduI\FSM_Achizitie\emi_dataset_analysis_windows\data\20260824_163924\synchronized_measurements.csv,23,2026-08-24 13:50:24+00:00,325.0,59.8,1.098,,unknown,,No metadata entry,True,True,True
20260824_163924,C:\Users\Sorin\OneDrive - Universitatea Vasile Alecsandri Bacau\Proiecte_Cercetare\FurduI\FSM_Achizitie\emi_dataset_analysis_windows\data\20260824_163924\synchronized_measurements.csv,24,2026-08-24 13:50:54+00:00,323.0,59.4,1.108,,unknown,,No metadata entry,True,True,True
20260824_163924,C:\Users\Sorin\OneDrive - Universitatea Vasile Alecsandri Bacau\Proiecte_Cercetare\FurduI\FSM_Achizitie\emi_dataset_analysis_windows\data\20260824_163924\synchronized_measurements.csv,25,2026-08-24 13:51:24+00:00,321.0,59.0,1.116,,unknown,,No metadata entry,True,True,True
20260824_163924,C:\Users\Sorin\OneDrive - Universitatea Vasile Alecsandri Bacau\Proiecte_Cercetare\FurduI\FSM_Achizitie\emi_dataset_analysis_windows\data\20260824_163924\synchronized_measurements.csv,26,2026-08-24 13:51:54+00:00,319.0,58.7,1.127,,unknown,,No metadata entry,True,True,True
20260824_163924,C:\Users\Sorin\OneDrive - Universitatea Vasile Alecsandri Bacau\Proiecte_Cercetare\FurduI\FSM_Achizitie\emi_dataset_analysis_windows\data\20260824_163924\synchronized_measurements.csv,27,2026-08-24 13:52:24+00:00,317.0,58.6,1.14,,unknown,,No metadata entry,True,True,True
20260824_163924,C:\Users\Sorin\OneDrive - Universitatea Vasile Alecsandri Bacau\Proiecte_Cercetare\FurduI\FSM_Achizitie\emi_dataset_analysis_windows\data\20260824_163924\synchronized_measurements.csv,28,2026-08-24 13:52:54+00:00,317.0,58.6,1.151,,unknown,,No metadata entry,True,True,True
20260824_163924,C:\Users\Sorin\OneDrive - Universitatea Vasile Alecsandri Bacau\Proiecte_Cercetare\FurduI\FSM_Achizitie\emi_dataset_analysis_windows\data\20260824_163924\synchronized_measurements.csv,29,2026-08-24 13:53:24+00:00,316.0,58.5,1.159,,unknown,,No metadata entry,True,True,True
20260824_163924,C:\Users\Sorin\OneDrive - Universitatea Vasile Alecsandri Bacau\Proiecte_Cercetare\FurduI\FSM_Achizitie\emi_dataset_analysis_windows\data\20260824_163924\synchronized_measurements.csv,30,2026-08-24 13:53:54+00:00,315.0,58.4,1.172,,unknown,,No metadata entry,True,True,True
20260824_163924,C:\Users\Sorin\OneDrive - Universitatea Vasile Alecsandri Bacau\Proiecte_Cercetare\FurduI\FSM_Achizitie\emi_dataset_analysis_windows\data\20260824_163924\synchronized_measurements.csv,31,2026-08-24 13:54:24+00:00,314.0,58.4,1.186,,unknown,,No metadata entry,True,True,True
20260824_163924,C:\Users\Sorin\OneDrive - Universitatea Vasile Alecsandri Bacau\Proiecte_Cercetare\FurduI\FSM_Achizitie\emi_dataset_analysis_windows\data\20260824_163924\synchronized_measurements.csv,32,2026-08-24 13:54:54+00:00,312.0,58.0,1.196,,unknown,,No metadata entry,True,True,True
20260824_163924,C:\Users\Sorin\OneDrive - Universitatea Vasile Alecsandri Bacau\Proiecte_Cercetare\FurduI\FSM_Achizitie\emi_dataset_analysis_windows\data\20260824_163924\synchronized_measurements.csv,33,2026-08-24 13:55:24+00:00,310.0,57.5,1.207,,unknown,,No metadata entry,True,True,True
20260824_163924,C:\Users\Sorin\OneDrive - Universitatea Vasile Alecsandri Bacau\Proiecte_Cercetare\FurduI\FSM_Achizitie\emi_dataset_analysis_windows\data\20260824_163924\synchronized_measurements.csv,34,2026-08-24 13:55:54+00:00,306.0,57.1,1.22,,unknown,,No metadata entry,True,True,True
20260824_163924,C:\Users\Sorin\OneDrive - Universitatea Vasile Alecsandri Bacau\Proiecte_Cercetare\FurduI\FSM_Achizitie\emi_dataset_analysis_windows\data\20260824_163924\synchronized_measurements.csv,35,2026-08-24 13:56:24+00:00,305.0,57.0,1.23,,unknown,,No metadata entry,True,True,True
20260824_163924,C:\Users\Sorin\OneDrive - Universitatea Vasile Alecsandri Bacau\Proiecte_Cercetare\FurduI\FSM_Achizitie\emi_dataset_analysis_windows\data\20260824_163924\synchronized_measurements.csv,36,2026-08-24 13:56:54+00:00,303.0,56.8,1.239,,unknown,,No metadata entry,True,True,True
20260824_163924,C:\Users\Sorin\OneDrive - Universitatea Vasile Alecsandri Bacau\Proiecte_Cercetare\FurduI\FSM_Achizitie\emi_dataset_analysis_windows\data\20260824_163924\synchronized_measurements.csv,37,2026-08-24 13:57:24+00:00,303.0,56.7,1.252,,unknown,,No metadata entry,True,True,True
20260824_163924,C:\Users\Sorin\OneDrive - Universitatea Vasile Alecsandri Bacau\Proiecte_Cercetare\FurduI\FSM_Achizitie\emi_dataset_analysis_windows\data\20260824_163924\synchronized_measurements.csv,38,2026-08-24 13:57:54+00:00,300.0,56.3,1.263,,unknown,,No metadata entry,True,True,True
20260824_163924,C:\Users\Sorin\OneDrive - Universitatea Vasile Alecsandri Bacau\Proiecte_Cercetare\FurduI\FSM_Achizitie\emi_dataset_analysis_windows\data\20260824_163924\synchronized_measurements.csv,39,2026-08-24 13:58:24+00:00,299.0,56.1,1.276,,unknown,,No metadata entry,True,True,True
20260824_163924,C:\Users\Sorin\OneDrive - Universitatea Vasile Alecsandri Bacau\Proiecte_Cercetare\FurduI\FSM_Achizitie\emi_dataset_analysis_windows\data\20260824_163924\synchronized_measurements.csv,40,2026-08-24 13:58:54+00:00,298.0,55.9,1.286,,unknown,,No metadata entry,True,True,True
20260824_163924,C:\Users\Sorin\OneDrive - Universitatea Vasile Alecsandri Bacau\Proiecte_Cercetare\FurduI\FSM_Achizitie\emi_dataset_analysis_windows\data\20260824_163924\synchronized_measurements.csv,41,2026-08-24 13:59:24+00:00,297.0,55.8,1.297,,unknown,,No metadata entry,True,True,True
20260824_163924,C:\Users\Sorin\OneDrive - Universitatea Vasile Alecsandri Bacau\Proiecte_Cercetare\FurduI\FSM_Achizitie\emi_dataset_analysis_windows\data\20260824_163924\synchronized_measurements.csv,42,2026-08-24 13:59:54+00:00,296.0,55.7,1.328,,unknown,,No metadata entry,True,True,True
20260824_163924,C:\Users\Sorin\OneDrive - Universitatea Vasile Alecsandri Bacau\Proiecte_Cercetare\FurduI\FSM_Achizitie\emi_dataset_analysis_windows\data\20260824_163924\synchronized_measurements.csv,43,2026-08-24 14:00:24+00:00,294.0,55.4,1.53,,unknown,,No metadata entry,True,True,True
20260824_163924,C:\Users\Sorin\OneDrive - Universitatea Vasile Alecsandri Bacau\Proiecte_Cercetare\FurduI\FSM_Achizitie\emi_dataset_analysis_windows\data\20260824_163924\synchronized_measurements.csv,44,2026-08-24 14:00:54+00:00,292.0,55.0,1.335,,unknown,,No metadata entry,True,True,True
20260824_163924,C:\Users\Sorin\OneDrive - Universitatea Vasile Alecsandri Bacau\Proiecte_Cercetare\FurduI\FSM_Achizitie\emi_dataset_analysis_windows\data\20260824_163924\synchronized_measurements.csv,45,2026-08-24 14:01:24+00:00,290.0,54.9,1.347,,unknown,,No metadata entry,True,True,True
20260824_163924,C:\Users\Sorin\OneDrive - Universitatea Vasile Alecsandri Bacau\Proiecte_Cercetare\FurduI\FSM_Achizitie\emi_dataset_analysis_windows\data\20260824_163924\synchronized_measurements.csv,46,2026-08-24 14:01:55+00:00,289.0,54.6,0.359,,unknown,,No metadata entry,True,True,True
20260824_163924,C:\Users\Sorin\OneDrive - Universitatea Vasile Alecsandri Bacau\Proiecte_Cercetare\FurduI\FSM_Achizitie\emi_dataset_analysis_windows\data\20260824_163924\synchronized_measurements.csv,47,2026-08-24 14:02:25+00:00,287.0,54.4,0.367,,unknown,,No metadata entry,True,True,True
20260824_163924,C:\Users\Sorin\OneDrive - Universitatea Vasile Alecsandri Bacau\Proiecte_Cercetare\FurduI\FSM_Achizitie\emi_dataset_analysis_windows\data\20260824_163924\synchronized_measurements.csv,48,2026-08-24 14:02:55+00:00,284.0,54.0,0.379,,unknown,,No metadata entry,True,True,True
20260824_163924,C:\Users\Sorin\OneDrive - Universitatea Vasile Alecsandri Bacau\Proiecte_Cercetare\FurduI\FSM_Achizitie\emi_dataset_analysis_windows\data\20260824_163924\synchronized_measurements.csv,49,2026-08-24 14:03:25+00:00,282.0,53.7,0.4,,unknown,,No metadata entry,True,True,True
20260824_163924,C:\Users\Sorin\OneDrive - Universitatea Vasile Alecsandri Bacau\Proiecte_Cercetare\FurduI\FSM_Achizitie\emi_dataset_analysis_windows\data\20260824_163924\synchronized_measurements.csv,50,2026-08-24 14:03:55+00:00,280.0,53.5,0.407,,unknown,,No metadata entry,True,True,True
20260824_163924,C:\Users\Sorin\OneDrive - Universitatea Vasile Alecsandri Bacau\Proiecte_Cercetare\FurduI\FSM_Achizitie\emi_dataset_analysis_windows\data\20260824_163924\synchronized_measurements.csv,51,2026-08-24 14:04:25+00:00,278.0,53.2,0.415,,unknown,,No metadata entry,True,True,True
20260824_163924,C:\Users\Sorin\OneDrive - Universitatea Vasile Alecsandri Bacau\Proiecte_Cercetare\FurduI\FSM_Achizitie\emi_dataset_analysis_windows\data\20260824_163924\synchronized_measurements.csv,52,2026-08-24 14:04:55+00:00,276.0,52.9,0.424,,unknown,,No metadata entry,True,True,True
20260824_163924,C:\Users\Sorin\OneDrive - Universitatea Vasile Alecsandri Bacau\Proiecte_Cercetare\FurduI\FSM_Achizitie\emi_dataset_analysis_windows\data\20260824_163924\synchronized_measurements.csv,53,2026-08-24 14:05:25+00:00,274.0,52.4,0.435,,unknown,,No metadata entry,True,True,True
20260824_163924,C:\Users\Sorin\OneDrive - Universitatea Vasile Alecsandri Bacau\Proiecte_Cercetare\FurduI\FSM_Achizitie\emi_dataset_analysis_windows\data\20260824_163924\synchronized_measurements.csv,54,2026-08-24 14:05:55+00:00,269.0,51.5,0.447,,unknown,,No metadata entry,True,True,True
20260824_163924,C:\Users\Sorin\OneDrive - Universitatea Vasile Alecsandri Bacau\Proiecte_Cercetare\FurduI\FSM_Achizitie\emi_dataset_analysis_windows\data\20260824_163924\synchronized_measurements.csv,55,2026-08-24 14:06:25+00:00,267.0,51.2,0.46,,unknown,,No metadata entry,True,True,True
20260824_163924,C:\Users\Sorin\OneDrive - Universitatea Vasile Alecsandri Bacau\Proiecte_Cercetare\FurduI\FSM_Achizitie\emi_dataset_analysis_windows\data\20260824_163924\synchronized_measurements.csv,56,2026-08-24 14:06:55+00:00,265.0,50.8,0.473,,unknown,,No metadata entry,True,True,True
20260824_163924,C:\Users\Sorin\OneDrive - Universitatea Vasile Alecsandri Bacau\Proiecte_Cercetare\FurduI\FSM_Achizitie\emi_dataset_analysis_windows\data\20260824_163924\synchronized_measurements.csv,57,2026-08-24 14:07:25+00:00,265.0,50.9,0.48,,unknown,,No metadata entry,True,True,True
20260824_163924,C:\Users\Sorin\OneDrive - Universitatea Vasile Alecsandri Bacau\Proiecte_Cercetare\FurduI\FSM_Achizitie\emi_dataset_analysis_windows\data\20260824_163924\synchronized_measurements.csv,58,2026-08-24 14:07:55+00:00,263.0,50.7,0.491,,unknown,,No metadata entry,True,True,True
20260824_163924,C:\Users\Sorin\OneDrive - Universitatea Vasile Alecsandri Bacau\Proiecte_Cercetare\FurduI\FSM_Achizitie\emi_dataset_analysis_windows\data\20260824_163924\synchronized_measurements.csv,59,2026-08-24 14:08:25+00:00,264.0,50.7,0.502,,unknown,,No metadata entry,True,True,True
20260824_163924,C:\Users\Sorin\OneDrive - Universitatea Vasile Alecsandri Bacau\Proiecte_Cercetare\FurduI\FSM_Achizitie\emi_dataset_analysis_windows\data\20260824_163924\synchronized_measurements.csv,60,2026-08-24 14:08:55+00:00,261.0,50.5,0.512,,unknown,,No metadata entry,True,True,True
20260824_163924,C:\Users\Sorin\OneDrive - Universitatea Vasile Alecsandri Bacau\Proiecte_Cercetare\FurduI\FSM_Achizitie\emi_dataset_analysis_windows\data\20260824_163924\synchronized_measurements.csv,61,2026-08-24 14:09:25+00:00,159.0,50.3,0.526,,unknown,,No metadata entry,True,True,True
20260824_163924,C:\Users\Sorin\OneDrive - Universitatea Vasile Alecsandri Bacau\Proiecte_Cercetare\FurduI\FSM_Achizitie\emi_dataset_analysis_windows\data\20260824_163924\synchronized_measurements.csv,62,2026-08-24 14:09:55+00:00,158.0,50.0,0.539,,unknown,,No metadata entry,True,True,True
20260824_163924,C:\Users\Sorin\OneDrive - Universitatea Vasile Alecsandri Bacau\Proiecte_Cercetare\FurduI\FSM_Achizitie\emi_dataset_analysis_windows\data\20260824_163924\synchronized_measurements.csv,63,2026-08-24 14:10:25+00:00,255.0,49.9,0.553,,unknown,,No metadata entry,True,True,True
20260824_163924,C:\Users\Sorin\OneDrive - Universitatea Vasile Alecsandri Bacau\Proiecte_Cercetare\FurduI\FSM_Achizitie\emi_dataset_analysis_windows\data\20260824_163924\synchronized_measurements.csv,64,2026-08-24 14:10:55+00:00,254.0,49.8,0.564,,unknown,,No metadata entry,True,True,True
20260824_163924,C:\Users\Sorin\OneDrive - Universitatea Vasile Alecsandri Bacau\Proiecte_Cercetare\FurduI\FSM_Achizitie\emi_dataset_analysis_windows\data\20260824_163924\synchronized_measurements.csv,65,2026-08-24 14:11:25+00:00,253.0,49.6,0.575,,unknown,,No metadata entry,True,True,True
20260824_163924,C:\Users\Sorin\OneDrive - Universitatea Vasile Alecsandri Bacau\Proiecte_Cercetare\FurduI\FSM_Achizitie\emi_dataset_analysis_windows\data\20260824_163924\synchronized_measurements.csv,66,2026-08-24 14:11:55+00:00,253.0,49.4,0.588,,unknown,,No metadata entry,True,True,True
20260824_163924,C:\Users\Sorin\OneDrive - Universitatea Vasile Alecsandri Bacau\Proiecte_Cercetare\FurduI\FSM_Achizitie\emi_dataset_analysis_windows\data\20260824_163924\synchronized_measurements.csv,67,2026-08-24 14:12:25+00:00,251.0,49.2,0.599,,unknown,,No metadata entry,True,True,True
20260824_163924,C:\Users\Sorin\OneDrive - Universitatea Vasile Alecsandri Bacau\Proiecte_Cercetare\FurduI\FSM_Achizitie\emi_dataset_analysis_windows\data\20260824_163924\synchronized_measurements.csv,68,2026-08-24 14:12:55+00:00,249.0,49.1,0.613,,unknown,,No metadata entry,True,True,True
20260824_163924,C:\Users\Sorin\OneDrive - Universitatea Vasile Alecsandri Bacau\Proiecte_Cercetare\FurduI\FSM_Achizitie\emi_dataset_analysis_windows\data\20260824_163924\synchronized_measurements.csv,69,2026-08-24 14:13:25+00:00,247.0,48.9,0.779,,unknown,,No metadata entry,True,True,True
20260824_163924,C:\Users\Sorin\OneDrive - Universitatea Vasile Alecsandri Bacau\Proiecte_Cercetare\FurduI\FSM_Achizitie\emi_dataset_analysis_windows\data\20260824_163924\synchronized_measurements.csv,70,2026-08-24 14:13:55+00:00,246.0,48.8,0.637,,unknown,,No metadata entry,True,True,True
20260824_163924,C:\Users\Sorin\OneDrive - Universitatea Vasile Alecsandri Bacau\Proiecte_Cercetare\FurduI\FSM_Achizitie\emi_dataset_analysis_windows\data\20260824_163924\synchronized_measurements.csv,71,2026-08-24 14:14:25+00:00,245.0,48.5,0.648,,unknown,,No metadata entry,True,True,True
20260824_163924,C:\Users\Sorin\OneDrive - Universitatea Vasile Alecsandri Bacau\Proiecte_Cercetare\FurduI\FSM_Achizitie\emi_dataset_analysis_windows\data\20260824_163924\synchronized_measurements.csv,72,2026-08-24 14:14:55+00:00,242.0,48.3,0.662,,unknown,,No metadata entry,True,True,True
20260824_163924,C:\Users\Sorin\OneDrive - Universitatea Vasile Alecsandri Bacau\Proiecte_Cercetare\FurduI\FSM_Achizitie\emi_dataset_analysis_windows\data\20260824_163924\synchronized_measurements.csv,73,2026-08-24 14:15:25+00:00,241.0,47.9,0.669,,unknown,,No metadata entry,True,True,True
20260824_163924,C:\Users\Sorin\OneDrive - Universitatea Vasile Alecsandri Bacau\Proiecte_Cercetare\FurduI\FSM_Achizitie\emi_dataset_analysis_windows\data\20260824_163924\synchronized_measurements.csv,74,2026-08-24 14:15:55+00:00,238.0,47.5,0.682,,unknown,,No metadata entry,True,True,True
20260824_163924,C:\Users\Sorin\OneDrive - Universitatea Vasile Alecsandri Bacau\Proiecte_Cercetare\FurduI\FSM_Achizitie\emi_dataset_analysis_windows\data\20260824_163924\synchronized_measurements.csv,75,2026-08-24 14:16:25+00:00,236.0,47.4,0.694,,unknown,,No metadata entry,True,True,True
20260824_163924,C:\Users\Sorin\OneDrive - Universitatea Vasile Alecsandri Bacau\Proiecte_Cercetare\FurduI\FSM_Achizitie\emi_dataset_analysis_windows\data\20260824_163924\synchronized_measurements.csv,76,2026-08-24 14:16:55+00:00,234.0,47.0,0.707,,unknown,,No metadata entry,True,True,True
20260824_163924,C:\Users\Sorin\OneDrive - Universitatea Vasile Alecsandri Bacau\Proiecte_Cercetare\FurduI\FSM_Achizitie\emi_dataset_analysis_windows\data\20260824_163924\synchronized_measurements.csv,77,2026-08-24 14:17:25+00:00,233.0,46.8,0.719,,unknown,,No metadata entry,True,True,True
20260824_163924,C:\Users\Sorin\OneDrive - Universitatea Vasile Alecsandri Bacau\Proiecte_Cercetare\FurduI\FSM_Achizitie\emi_dataset_analysis_windows\data\20260824_163924\synchronized_measurements.csv,78,2026-08-24 14:17:55+00:00,232.0,46.6,0.733,,unknown,,No metadata entry,True,True,True
20260824_163924,C:\Users\Sorin\OneDrive - Universitatea Vasile Alecsandri Bacau\Proiecte_Cercetare\FurduI\FSM_Achizitie\emi_dataset_analysis_windows\data\20260824_163924\synchronized_measurements.csv,79,2026-08-24 14:18:25+00:00,230.0,46.3,0.744,,unknown,,No metadata entry,True,True,True
20260824_163924,C:\Users\Sorin\OneDrive - Universitatea Vasile Alecsandri Bacau\Proiecte_Cercetare\FurduI\FSM_Achizitie\emi_dataset_analysis_windows\data\20260824_163924\synchronized_measurements.csv,80,2026-08-24 14:18:55+00:00,228.0,46.0,0.754,,unknown,,No metadata entry,True,True,True
20260824_163924,C:\Users\Sorin\OneDrive - Universitatea Vasile Alecsandri Bacau\Proiecte_Cercetare\FurduI\FSM_Achizitie\emi_dataset_analysis_windows\data\20260824_163924\synchronized_measurements.csv,81,2026-08-24 14:19:25+00:00,226.0,45.6,0.755,,unknown,,No metadata entry,True,True,True
20260824_163924,C:\Users\Sorin\OneDrive - Universitatea Vasile Alecsandri Bacau\Proiecte_Cercetare\FurduI\FSM_Achizitie\emi_dataset_analysis_windows\data\20260824_163924\synchronized_measurements.csv,82,2026-08-24 14:19:55+00:00,222.0,45.2,0.768,,unknown,,No metadata entry,True,True,True
20260824_163924,C:\Users\Sorin\OneDrive - Universitatea Vasile Alecsandri Bacau\Proiecte_Cercetare\FurduI\FSM_Achizitie\emi_dataset_analysis_windows\data\20260824_163924\synchronized_measurements.csv,83,2026-08-24 14:20:25+00:00,221.0,45.1,0.781,,unknown,,No metadata entry,True,True,True
20260824_163924,C:\Users\Sorin\OneDrive - Universitatea Vasile Alecsandri Bacau\Proiecte_Cercetare\FurduI\FSM_Achizitie\emi_dataset_analysis_windows\data\20260824_163924\synchronized_measurements.csv,84,2026-08-24 14:20:55+00:00,220.0,45.0,0.792,,unknown,,No metadata entry,True,True,True
20260824_163924,C:\Users\Sorin\OneDrive - Universitatea Vasile Alecsandri Bacau\Proiecte_Cercetare\FurduI\FSM_Achizitie\emi_dataset_analysis_windows\data\20260824_163924\synchronized_measurements.csv,85,2026-08-24 14:21:25+00:00,219.0,44.7,0.805,,unknown,,No metadata entry,True,True,True
20260824_163924,C:\Users\Sorin\OneDrive - Universitatea Vasile Alecsandri Bacau\Proiecte_Cercetare\FurduI\FSM_Achizitie\emi_dataset_analysis_windows\data\20260824_163924\synchronized_measurements.csv,86,2026-08-24 14:21:55+00:00,218.0,44.7,0.816,,unknown,,No metadata entry,True,True,True
20260824_163924,C:\Users\Sorin\OneDrive - Universitatea Vasile Alecsandri Bacau\Proiecte_Cercetare\FurduI\FSM_Achizitie\emi_dataset_analysis_windows\data\20260824_163924\synchronized_measurements.csv,87,2026-08-24 14:22:25+00:00,215.0,44.4,0.824,,unknown,,No metadata entry,True,True,True
20260824_163924,C:\Users\Sorin\OneDrive - Universitatea Vasile Alecsandri Bacau\Proiecte_Cercetare\FurduI\FSM_Achizitie\emi_dataset_analysis_windows\data\20260824_163924\synchronized_measurements.csv,88,2026-08-24 14:22:55+00:00,212.0,43.9,0.835,,unknown,,No metadata entry,True,True,True
20260824_163924,C:\Users\Sorin\OneDrive - Universitatea Vasile Alecsandri Bacau\Proiecte_Cercetare\FurduI\FSM_Achizitie\emi_dataset_analysis_windows\data\20260824_163924\synchronized_measurements.csv,89,2026-08-24 14:23:25+00:00,210.0,43.5,0.848,,unknown,,No metadata entry,True,True,True
20260824_163924,C:\Users\Sorin\OneDrive - Universitatea Vasile Alecsandri Bacau\Proiecte_Cercetare\FurduI\FSM_Achizitie\emi_dataset_analysis_windows\data\20260824_163924\synchronized_measurements.csv,90,2026-08-24 14:23:55+00:00,208.0,43.2,0.861,,unknown,,No metadata entry,True,True,True
20260824_163924,C:\Users\Sorin\OneDrive - Universitatea Vasile Alecsandri Bacau\Proiecte_Cercetare\FurduI\FSM_Achizitie\emi_dataset_analysis_windows\data\20260824_163924\synchronized_measurements.csv,91,2026-08-24 14:24:25+00:00,206.0,42.9,0.874,,unknown,,No metadata entry,True,True,True
20260824_163924,C:\Users\Sorin\OneDrive - Universitatea Vasile Alecsandri Bacau\Proiecte_Cercetare\FurduI\FSM_Achizitie\emi_dataset_analysis_windows\data\20260824_163924\synchronized_measurements.csv,92,2026-08-24 14:24:55+00:00,204.0,42.6,0.884,,unknown,,No metadata entry,True,True,True
20260824_163924,C:\Users\Sorin\OneDrive - Universitatea Vasile Alecsandri Bacau\Proiecte_Cercetare\FurduI\FSM_Achizitie\emi_dataset_analysis_windows\data\20260824_163924\synchronized_measurements.csv,93,2026-08-24 14:25:25+00:00,203.0,42.4,0.898,,unknown,,No metadata entry,True,True,True
20260824_163924,C:\Users\Sorin\OneDrive - Universitatea Vasile Alecsandri Bacau\Proiecte_Cercetare\FurduI\FSM_Achizitie\emi_dataset_analysis_windows\data\20260824_163924\synchronized_measurements.csv,94,2026-08-24 14:25:55+00:00,201.0,42.2,0.907,,unknown,,No metadata entry,True,True,True
20260824_163924,C:\Users\Sorin\OneDrive - Universitatea Vasile Alecsandri Bacau\Proiecte_Cercetare\FurduI\FSM_Achizitie\emi_dataset_analysis_windows\data\20260824_163924\synchronized_measurements.csv,95,2026-08-24 14:26:25+00:00,199.0,41.9,1.013,,unknown,,No metadata entry,True,True,True
20260824_163924,C:\Users\Sorin\OneDrive - Universitatea Vasile Alecsandri Bacau\Proiecte_Cercetare\FurduI\FSM_Achizitie\emi_dataset_analysis_windows\data\20260824_163924\synchronized_measurements.csv,96,2026-08-24 14:26:55+00:00,198.0,41.8,1.215,,unknown,,No metadata entry,True,True,True
20260824_163924,C:\Users\Sorin\OneDrive - Universitatea Vasile Alecsandri Bacau\Proiecte_Cercetare\FurduI\FSM_Achizitie\emi_dataset_analysis_windows\data\20260824_163924\synchronized_measurements.csv,97,2026-08-24 14:27:25+00:00,195.0,41.6,0.944,,unknown,,No metadata entry,True,True,True
20260824_163924,C:\Users\Sorin\OneDrive - Universitatea Vasile Alecsandri Bacau\Proiecte_Cercetare\FurduI\FSM_Achizitie\emi_dataset_analysis_windows\data\20260824_163924\synchronized_measurements.csv,98,2026-08-24 14:27:55+00:00,193.0,41.2,0.955,,unknown,,No metadata entry,True,True,True
20260824_163924,C:\Users\Sorin\OneDrive - Universitatea Vasile Alecsandri Bacau\Proiecte_Cercetare\FurduI\FSM_Achizitie\emi_dataset_analysis_windows\data\20260824_163924\synchronized_measurements.csv,99,2026-08-24 14:28:25+00:00,192.0,41.0,0.964,,unknown,,No metadata entry,True,True,True
20260824_163924,C:\Users\Sorin\OneDrive - Universitatea Vasile Alecsandri Bacau\Proiecte_Cercetare\FurduI\FSM_Achizitie\emi_dataset_analysis_windows\data\20260824_163924\synchronized_measurements.csv,100,2026-08-24 14:28:55+00:00,189.0,40.7,0.972,,unknown,,No metadata entry,True,True,True
20260824_163924,C:\Users\Sorin\OneDrive - Universitatea Vasile Alecsandri Bacau\Proiecte_Cercetare\FurduI\FSM_Achizitie\emi_dataset_analysis_windows\data\20260824_163924\synchronized_measurements.csv,101,2026-08-24 14:29:25+00:00,187.0,40.3,0.984,,unknown,,No metadata entry,True,True,True
20260824_163924,C:\Users\Sorin\OneDrive - Universitatea Vasile Alecsandri Bacau\Proiecte_Cercetare\FurduI\FSM_Achizitie\emi_dataset_analysis_windows\data\20260824_163924\synchronized_measurements.csv,102,2026-08-24 14:29:55+00:00,185.0,40.2,0.993,,unknown,,No metadata entry,True,True,True
20260824_163924,C:\Users\Sorin\OneDrive - Universitatea Vasile Alecsandri Bacau\Proiecte_Cercetare\FurduI\FSM_Achizitie\emi_dataset_analysis_windows\data\20260824_163924\synchronized_measurements.csv,103,2026-08-24 14:30:25+00:00,183.0,39.9,1.0,,unknown,,No metadata entry,True,True,True
20260824_163924,C:\Users\Sorin\OneDrive - Universitatea Vasile Alecsandri Bacau\Proiecte_Cercetare\FurduI\FSM_Achizitie\emi_dataset_analysis_windows\data\20260824_163924\synchronized_measurements.csv,104,2026-08-24 14:30:55+00:00,182.0,39.7,1.014,,unknown,,No metadata entry,True,True,True
20260824_163924,C:\Users\Sorin\OneDrive - Universitatea Vasile Alecsandri Bacau\Proiecte_Cercetare\FurduI\FSM_Achizitie\emi_dataset_analysis_windows\data\20260824_163924\synchronized_measurements.csv,105,2026-08-24 14:31:25+00:00,180.0,39.59,1.023,,unknown,,No metadata entry,True,True,True
20260824_163924,C:\Users\Sorin\OneDrive - Universitatea Vasile Alecsandri Bacau\Proiecte_Cercetare\FurduI\FSM_Achizitie\emi_dataset_analysis_windows\data\20260824_163924\synchronized_measurements.csv,106,2026-08-24 14:31:55+00:00,178.0,39.3,1.031,,unknown,,No metadata entry,True,True,True
20260824_163924,C:\Users\Sorin\OneDrive - Universitatea Vasile Alecsandri Bacau\Proiecte_Cercetare\FurduI\FSM_Achizitie\emi_dataset_analysis_windows\data\20260824_163924\synchronized_measurements.csv,107,2026-08-24 14:32:25+00:00,177.0,39.0,1.043,,unknown,,No metadata entry,True,True,True
20260824_163924,C:\Users\Sorin\OneDrive - Universitatea Vasile Alecsandri Bacau\Proiecte_Cercetare\FurduI\FSM_Achizitie\emi_dataset_analysis_windows\data\20260824_163924\synchronized_measurements.csv,108,2026-08-24 14:32:55+00:00,174.0,38.7,1.056,,unknown,,No metadata entry,True,True,True
20260824_163924,C:\Users\Sorin\OneDrive - Universitatea Vasile Alecsandri Bacau\Proiecte_Cercetare\FurduI\FSM_Achizitie\emi_dataset_analysis_windows\data\20260824_163924\synchronized_measurements.csv,109,2026-08-24 14:33:25+00:00,173.0,38.5,1.07,,unknown,,No metadata entry,True,True,True
20260824_163924,C:\Users\Sorin\OneDrive - Universitatea Vasile Alecsandri Bacau\Proiecte_Cercetare\FurduI\FSM_Achizitie\emi_dataset_analysis_windows\data\20260824_163924\synchronized_measurements.csv,110,2026-08-24 14:33:55+00:00,170.0,38.09,1.08,,unknown,,No metadata entry,True,True,True
20260824_163924,C:\Users\Sorin\OneDrive - Universitatea Vasile Alecsandri Bacau\Proiecte_Cercetare\FurduI\FSM_Achizitie\emi_dataset_analysis_windows\data\20260824_163924\synchronized_measurements.csv,111,2026-08-24 14:34:25+00:00,168.0,37.9,1.092,,unknown,,No metadata entry,True,True,True
20260824_163924,C:\Users\Sorin\OneDrive - Universitatea Vasile Alecsandri Bacau\Proiecte_Cercetare\FurduI\FSM_Achizitie\emi_dataset_analysis_windows\data\20260824_163924\synchronized_measurements.csv,112,2026-08-24 14:34:55+00:00,166.0,37.4,1.101,,unknown,,No metadata entry,True,True,True
20260824_163924,C:\Users\Sorin\OneDrive - Universitatea Vasile Alecsandri Bacau\Proiecte_Cercetare\FurduI\FSM_Achizitie\emi_dataset_analysis_windows\data\20260824_163924\synchronized_measurements.csv,113,2026-08-24 14:35:25+00:00,164.0,37.0,1.115,,unknown,,No metadata entry,True,True,True
20260824_163924,C:\Users\Sorin\OneDrive - Universitatea Vasile Alecsandri Bacau\Proiecte_Cercetare\FurduI\FSM_Achizitie\emi_dataset_analysis_windows\data\20260824_163924\synchronized_measurements.csv,114,2026-08-24 14:35:55+00:00,161.0,36.8,1.123,,unknown,,No metadata entry,True,True,True
20260824_163924,C:\Users\Sorin\OneDrive - Universitatea Vasile Alecsandri Bacau\Proiecte_Cercetare\FurduI\FSM_Achizitie\emi_dataset_analysis_windows\data\20260824_163924\synchronized_measurements.csv,115,2026-08-24 14:36:25+00:00,159.0,36.5,1.137,,unknown,,No metadata entry,True,True,True
20260824_163924,C:\Users\Sorin\OneDrive - Universitatea Vasile Alecsandri Bacau\Proiecte_Cercetare\FurduI\FSM_Achizitie\emi_dataset_analysis_windows\data\20260824_163924\synchronized_measurements.csv,116,2026-08-24 14:36:55+00:00,156.0,36.0,1.149,,unknown,,No metadata entry,True,True,True
20260824_163924,C:\Users\Sorin\OneDrive - Universitatea Vasile Alecsandri Bacau\Proiecte_Cercetare\FurduI\FSM_Achizitie\emi_dataset_analysis_windows\data\20260824_163924\synchronized_measurements.csv,117,2026-08-24 14:37:25+00:00,153.0,35.7,1.16,,unknown,,No metadata entry,True,True,True
20260824_163924,C:\Users\Sorin\OneDrive - Universitatea Vasile Alecsandri Bacau\Proiecte_Cercetare\FurduI\FSM_Achizitie\emi_dataset_analysis_windows\data\20260824_163924\synchronized_measurements.csv,118,2026-08-24 14:37:55+00:00,149.0,35.59,1.166,,unknown,,No metadata entry,True,True,True
20260824_163924,C:\Users\Sorin\OneDrive - Universitatea Vasile Alecsandri Bacau\Proiecte_Cercetare\FurduI\FSM_Achizitie\emi_dataset_analysis_windows\data\20260824_163924\synchronized_measurements.csv,119,2026-08-24 14:38:25+00:00,145.0,35.4,1.176,,unknown,,No metadata entry,True,True,True
20260824_163924,C:\Users\Sorin\OneDrive - Universitatea Vasile Alecsandri Bacau\Proiecte_Cercetare\FurduI\FSM_Achizitie\emi_dataset_analysis_windows\data\20260824_163924\synchronized_measurements.csv,120,2026-08-24 14:38:55+00:00,140.0,35.0,1.19,,unknown,,No metadata entry,True,True,True
20260824_163924,C:\Users\Sorin\OneDrive - Universitatea Vasile Alecsandri Bacau\Proiecte_Cercetare\FurduI\FSM_Achizitie\emi_dataset_analysis_windows\data\20260824_163924\synchronized_measurements.csv,121,2026-08-24 14:39:25+00:00,135.0,34.8,1.248,,unknown,,No metadata entry,True,True,True
20260824_163924,C:\Users\Sorin\OneDrive - Universitatea Vasile Alecsandri Bacau\Proiecte_Cercetare\FurduI\FSM_Achizitie\emi_dataset_analysis_windows\data\20260824_163924\synchronized_measurements.csv,122,2026-08-24 14:39:55+00:00,130.0,34.59,1.45,,unknown,,No metadata entry,True,True,True
20260824_174119,C:\Users\Sorin\OneDrive - Universitatea Vasile Alecsandri Bacau\Proiecte_Cercetare\FurduI\FSM_Achizitie\emi_dataset_analysis_windows\data\20260824_174119\synchronized_measurements.csv,2,2026-08-24 14:41:19+00:00,57.0,11.8,7.252,,unknown,,No metadata entry,True,True,True
20260824_174119,C:\Users\Sorin\OneDrive - Universitatea Vasile Alecsandri Bacau\Proiecte_Cercetare\FurduI\FSM_Achizitie\emi_dataset_analysis_windows\data\20260824_174119\synchronized_measurements.csv,3,2026-08-24 14:41:49+00:00,56.0,11.7,-2.742,,unknown,,No metadata entry,True,True,True
20260824_174119,C:\Users\Sorin\OneDrive - Universitatea Vasile Alecsandri Bacau\Proiecte_Cercetare\FurduI\FSM_Achizitie\emi_dataset_analysis_windows\data\20260824_174119\synchronized_measurements.csv,4,2026-08-24 14:42:19+00:00,56.0,11.7,-2.73,,unknown,,No metadata entry,True,True,True
20260824_174119,C:\Users\Sorin\OneDrive - Universitatea Vasile Alecsandri Bacau\Proiecte_Cercetare\FurduI\FSM_Achizitie\emi_dataset_analysis_windows\data\20260824_174119\synchronized_measurements.csv,5,2026-08-24 14:42:49+00:00,56.0,11.7,-2.716,,unknown,,No metadata entry,True,True,True
20260824_174119,C:\Users\Sorin\OneDrive - Universitatea Vasile Alecsandri Bacau\Proiecte_Cercetare\FurduI\FSM_Achizitie\emi_dataset_analysis_windows\data\20260824_174119\synchronized_measurements.csv,6,2026-08-24 14:43:19+00:00,56.0,11.6,-2.709,,unknown,,No metadata entry,True,True,True
20260824_174119,C:\Users\Sorin\OneDrive - Universitatea Vasile Alecsandri Bacau\Proiecte_Cercetare\FurduI\FSM_Achizitie\emi_dataset_analysis_windows\data\20260824_174119\synchronized_measurements.csv,7,2026-08-24 14:43:49+00:00,56.0,11.4,-2.692,,unknown,,No metadata entry,True,True,True
20260824_174119,C:\Users\Sorin\OneDrive - Universitatea Vasile Alecsandri Bacau\Proiecte_Cercetare\FurduI\FSM_Achizitie\emi_dataset_analysis_windows\data\20260824_174119\synchronized_measurements.csv,8,2026-08-24 14:44:19+00:00,55.0,11.5,-2.688,,unknown,,No metadata entry,True,True,True
20260824_174119,C:\Users\Sorin\OneDrive - Universitatea Vasile Alecsandri Bacau\Proiecte_Cercetare\FurduI\FSM_Achizitie\emi_dataset_analysis_windows\data\20260824_174119\synchronized_measurements.csv,9,2026-08-24 14:44:49+00:00,55.0,11.4,-2.674,,unknown,,No metadata entry,True,True,True
20260824_174119,C:\Users\Sorin\OneDrive - Universitatea Vasile Alecsandri Bacau\Proiecte_Cercetare\FurduI\FSM_Achizitie\emi_dataset_analysis_windows\data\20260824_174119\synchronized_measurements.csv,10,2026-08-24 14:45:19+00:00,55.0,11.4,-2.665,,unknown,,No metadata entry,True,True,True
20260824_174119,C:\Users\Sorin\OneDrive - Universitatea Vasile Alecsandri Bacau\Proiecte_Cercetare\FurduI\FSM_Achizitie\emi_dataset_analysis_windows\data\20260824_174119\synchronized_measurements.csv,11,2026-08-24 14:45:49+00:00,55.0,11.4,-2.65,,unknown,,No metadata entry,True,True,True
20260824_174119,C:\Users\Sorin\OneDrive - Universitatea Vasile Alecsandri Bacau\Proiecte_Cercetare\FurduI\FSM_Achizitie\emi_dataset_analysis_windows\data\20260824_174119\synchronized_measurements.csv,12,2026-08-24 14:46:19+00:00,55.0,11.3,-2.642,,unknown,,No metadata entry,True,True,True
20260824_174119,C:\Users\Sorin\OneDrive - Universitatea Vasile Alecsandri Bacau\Proiecte_Cercetare\FurduI\FSM_Achizitie\emi_dataset_analysis_windows\data\20260824_174119\synchronized_measurements.csv,13,2026-08-24 14:46:50+00:00,55.0,11.3,-3.626,,unknown,,No metadata entry,True,True,True
20260824_174119,C:\Users\Sorin\OneDrive - Universitatea Vasile Alecsandri Bacau\Proiecte_Cercetare\FurduI\FSM_Achizitie\emi_dataset_analysis_windows\data\20260824_174119\synchronized_measurements.csv,14,2026-08-24 14:47:20+00:00,55.0,11.3,-3.617,,unknown,,No metadata entry,True,True,True
20260824_174119,C:\Users\Sorin\OneDrive - Universitatea Vasile Alecsandri Bacau\Proiecte_Cercetare\FurduI\FSM_Achizitie\emi_dataset_analysis_windows\data\20260824_174119\synchronized_measurements.csv,15,2026-08-24 14:47:50+00:00,54.0,11.2,-3.601,,unknown,,No metadata entry,True,True,True
20260824_174119,C:\Users\Sorin\OneDrive - Universitatea Vasile Alecsandri Bacau\Proiecte_Cercetare\FurduI\FSM_Achizitie\emi_dataset_analysis_windows\data\20260824_174119\synchronized_measurements.csv,16,2026-08-24 14:48:20+00:00,54.0,11.2,-3.588,,unknown,,No metadata entry,True,True,True
20260824_174119,C:\Users\Sorin\OneDrive - Universitatea Vasile Alecsandri Bacau\Proiecte_Cercetare\FurduI\FSM_Achizitie\emi_dataset_analysis_windows\data\20260824_174119\synchronized_measurements.csv,17,2026-08-24 14:48:50+00:00,54.0,11.1,-3.575,,unknown,,No metadata entry,True,True,True
20260824_174119,C:\Users\Sorin\OneDrive - Universitatea Vasile Alecsandri Bacau\Proiecte_Cercetare\FurduI\FSM_Achizitie\emi_dataset_analysis_windows\data\20260824_174119\synchronized_measurements.csv,18,2026-08-24 14:49:20+00:00,53.0,11.0,-3.563,,unknown,,No metadata entry,True,True,True
20260824_174119,C:\Users\Sorin\OneDrive - Universitatea Vasile Alecsandri Bacau\Proiecte_Cercetare\FurduI\FSM_Achizitie\emi_dataset_analysis_windows\data\20260824_174119\synchronized_measurements.csv,19,2026-08-24 14:49:50+00:00,53.0,11.0,-3.55,,unknown,,No metadata entry,True,True,True
20260824_174119,C:\Users\Sorin\OneDrive - Universitatea Vasile Alecsandri Bacau\Proiecte_Cercetare\FurduI\FSM_Achizitie\emi_dataset_analysis_windows\data\20260824_174119\synchronized_measurements.csv,20,2026-08-24 14:50:20+00:00,53.0,10.9,-3.537,,unknown,,No metadata entry,True,True,True
20260824_174119,C:\Users\Sorin\OneDrive - Universitatea Vasile Alecsandri Bacau\Proiecte_Cercetare\FurduI\FSM_Achizitie\emi_dataset_analysis_windows\data\20260824_174119\synchronized_measurements.csv,21,2026-08-24 14:50:50+00:00,53.0,10.9,-3.527,,unknown,,No metadata entry,True,True,True
20260824_174119,C:\Users\Sorin\OneDrive - Universitatea Vasile Alecsandri Bacau\Proiecte_Cercetare\FurduI\FSM_Achizitie\emi_dataset_analysis_windows\data\20260824_174119\synchronized_measurements.csv,22,2026-08-24 14:51:20+00:00,52.0,10.9,-3.519,,unknown,,No metadata entry,True,True,True
20260824_174119,C:\Users\Sorin\OneDrive - Universitatea Vasile Alecsandri Bacau\Proiecte_Cercetare\FurduI\FSM_Achizitie\emi_dataset_analysis_windows\data\20260824_174119\synchronized_measurements.csv,23,2026-08-24 14:51:50+00:00,52.0,10.8,-3.505,,unknown,,No metadata entry,True,True,True
20260824_174119,C:\Users\Sorin\OneDrive - Universitatea Vasile Alecsandri Bacau\Proiecte_Cercetare\FurduI\FSM_Achizitie\emi_dataset_analysis_windows\data\20260824_174119\synchronized_measurements.csv,24,2026-08-24 14:52:20+00:00,52.0,10.8,-3.495,,unknown,,No metadata entry,True,True,True
20260824_174119,C:\Users\Sorin\OneDrive - Universitatea Vasile Alecsandri Bacau\Proiecte_Cercetare\FurduI\FSM_Achizitie\emi_dataset_analysis_windows\data\20260824_174119\synchronized_measurements.csv,25,2026-08-24 14:52:50+00:00,52.0,10.8,-3.426,,unknown,,No metadata entry,True,True,True
20260824_174119,C:\Users\Sorin\OneDrive - Universitatea Vasile Alecsandri Bacau\Proiecte_Cercetare\FurduI\FSM_Achizitie\emi_dataset_analysis_windows\data\20260824_174119\synchronized_measurements.csv,26,2026-08-24 14:53:20+00:00,52.0,10.8,-3.226,,unknown,,No metadata entry,True,True,True
20260824_174119,C:\Users\Sorin\OneDrive - Universitatea Vasile Alecsandri Bacau\Proiecte_Cercetare\FurduI\FSM_Achizitie\emi_dataset_analysis_windows\data\20260824_174119\synchronized_measurements.csv,27,2026-08-24 14:53:50+00:00,52.0,10.7,-3.457,,unknown,,No metadata entry,True,True,True
20260824_174119,C:\Users\Sorin\OneDrive - Universitatea Vasile Alecsandri Bacau\Proiecte_Cercetare\FurduI\FSM_Achizitie\emi_dataset_analysis_windows\data\20260824_174119\synchronized_measurements.csv,28,2026-08-24 14:54:20+00:00,49.0,10.7,-3.446,,unknown,,No metadata entry,True,True,True
20260824_174119,C:\Users\Sorin\OneDrive - Universitatea Vasile Alecsandri Bacau\Proiecte_Cercetare\FurduI\FSM_Achizitie\emi_dataset_analysis_windows\data\20260824_174119\synchronized_measurements.csv,29,2026-08-24 14:54:50+00:00,51.0,10.7,-3.431,,unknown,,No metadata entry,True,True,True
20260824_174119,C:\Users\Sorin\OneDrive - Universitatea Vasile Alecsandri Bacau\Proiecte_Cercetare\FurduI\FSM_Achizitie\emi_dataset_analysis_windows\data\20260824_174119\synchronized_measurements.csv,30,2026-08-24 14:55:20+00:00,51.0,10.7,-3.418,,unknown,,No metadata entry,True,True,True
20260824_174119,C:\Users\Sorin\OneDrive - Universitatea Vasile Alecsandri Bacau\Proiecte_Cercetare\FurduI\FSM_Achizitie\emi_dataset_analysis_windows\data\20260824_174119\synchronized_measurements.csv,31,2026-08-24 14:55:50+00:00,51.0,10.6,-3.404,,unknown,,No metadata entry,True,True,True
20260824_174119,C:\Users\Sorin\OneDrive - Universitatea Vasile Alecsandri Bacau\Proiecte_Cercetare\FurduI\FSM_Achizitie\emi_dataset_analysis_windows\data\20260824_174119\synchronized_measurements.csv,32,2026-08-24 14:56:20+00:00,51.0,10.6,-3.394,,unknown,,No metadata entry,True,True,True
20260824_174119,C:\Users\Sorin\OneDrive - Universitatea Vasile Alecsandri Bacau\Proiecte_Cercetare\FurduI\FSM_Achizitie\emi_dataset_analysis_windows\data\20260824_174119\synchronized_measurements.csv,33,2026-08-24 14:56:50+00:00,51.0,10.6,-3.378,,unknown,,No metadata entry,True,True,True
20260824_174119,C:\Users\Sorin\OneDrive - Universitatea Vasile Alecsandri Bacau\Proiecte_Cercetare\FurduI\FSM_Achizitie\emi_dataset_analysis_windows\data\20260824_174119\synchronized_measurements.csv,34,2026-08-24 14:57:20+00:00,50.0,10.5,-3.366,,unknown,,No metadata entry,True,True,True
20260824_174119,C:\Users\Sorin\OneDrive - Universitatea Vasile Alecsandri Bacau\Proiecte_Cercetare\FurduI\FSM_Achizitie\emi_dataset_analysis_windows\data\20260824_174119\synchronized_measurements.csv,35,2026-08-24 14:57:50+00:00,50.0,10.4,-3.35,,unknown,,No metadata entry,True,True,True
20260824_174119,C:\Users\Sorin\OneDrive - Universitatea Vasile Alecsandri Bacau\Proiecte_Cercetare\FurduI\FSM_Achizitie\emi_dataset_analysis_windows\data\20260824_174119\synchronized_measurements.csv,36,2026-08-24 14:58:20+00:00,50.0,10.5,-3.337,,unknown,,No metadata entry,True,True,True
20260824_174119,C:\Users\Sorin\OneDrive - Universitatea Vasile Alecsandri Bacau\Proiecte_Cercetare\FurduI\FSM_Achizitie\emi_dataset_analysis_windows\data\20260824_174119\synchronized_measurements.csv,37,2026-08-24 14:58:50+00:00,50.0,10.4,-3.322,,unknown,,No metadata entry,True,True,True
20260824_174119,C:\Users\Sorin\OneDrive - Universitatea Vasile Alecsandri Bacau\Proiecte_Cercetare\FurduI\FSM_Achizitie\emi_dataset_analysis_windows\data\20260824_174119\synchronized_measurements.csv,38,2026-08-24 14:59:20+00:00,50.0,10.3,-3.309,,unknown,,No metadata entry,True,True,True
20260824_174119,C:\Users\Sorin\OneDrive - Universitatea Vasile Alecsandri Bacau\Proiecte_Cercetare\FurduI\FSM_Achizitie\emi_dataset_analysis_windows\data\20260824_174119\synchronized_measurements.csv,39,2026-08-24 14:59:50+00:00,50.0,10.3,-3.297,,unknown,,No metadata entry,True,True,True
20260824_174119,C:\Users\Sorin\OneDrive - Universitatea Vasile Alecsandri Bacau\Proiecte_Cercetare\FurduI\FSM_Achizitie\emi_dataset_analysis_windows\data\20260824_174119\synchronized_measurements.csv,40,2026-08-24 15:00:20+00:00,49.0,10.2,-3.282,,unknown,,No metadata entry,True,True,True
20260824_174119,C:\Users\Sorin\OneDrive - Universitatea Vasile Alecsandri Bacau\Proiecte_Cercetare\FurduI\FSM_Achizitie\emi_dataset_analysis_windows\data\20260824_174119\synchronized_measurements.csv,41,2026-08-24 15:00:50+00:00,49.0,10.1,-3.269,,unknown,,No metadata entry,True,True,True
20260824_174119,C:\Users\Sorin\OneDrive - Universitatea Vasile Alecsandri Bacau\Proiecte_Cercetare\FurduI\FSM_Achizitie\emi_dataset_analysis_windows\data\20260824_174119\synchronized_measurements.csv,42,2026-08-24 15:01:20+00:00,49.0,10.1,-3.261,,unknown,,No metadata entry,True,True,True
20260824_174119,C:\Users\Sorin\OneDrive - Universitatea Vasile Alecsandri Bacau\Proiecte_Cercetare\FurduI\FSM_Achizitie\emi_dataset_analysis_windows\data\20260824_174119\synchronized_measurements.csv,43,2026-08-24 15:01:50+00:00,49.0,10.0,-3.242,,unknown,,No metadata entry,True,True,True
20260824_174119,C:\Users\Sorin\OneDrive - Universitatea Vasile Alecsandri Bacau\Proiecte_Cercetare\FurduI\FSM_Achizitie\emi_dataset_analysis_windows\data\20260824_174119\synchronized_measurements.csv,44,2026-08-24 15:02:20+00:00,49.0,10.0,-3.237,,unknown,,No metadata entry,True,True,True
20260824_174119,C:\Users\Sorin\OneDrive - Universitatea Vasile Alecsandri Bacau\Proiecte_Cercetare\FurduI\FSM_Achizitie\emi_dataset_analysis_windows\data\20260824_174119\synchronized_measurements.csv,45,2026-08-24 15:02:50+00:00,48.0,9.89,-3.22,,unknown,,No metadata entry,True,True,True
20260824_174119,C:\Users\Sorin\OneDrive - Universitatea Vasile Alecsandri Bacau\Proiecte_Cercetare\FurduI\FSM_Achizitie\emi_dataset_analysis_windows\data\20260824_174119\synchronized_measurements.csv,46,2026-08-24 15:03:20+00:00,48.0,10.0,-3.211,,unknown,,No metadata entry,True,True,True
20260824_174119,C:\Users\Sorin\OneDrive - Universitatea Vasile Alecsandri Bacau\Proiecte_Cercetare\FurduI\FSM_Achizitie\emi_dataset_analysis_windows\data\20260824_174119\synchronized_measurements.csv,47,2026-08-24 15:03:50+00:00,48.0,9.8,-3.195,,unknown,,No metadata entry,True,True,True
20260824_174119,C:\Users\Sorin\OneDrive - Universitatea Vasile Alecsandri Bacau\Proiecte_Cercetare\FurduI\FSM_Achizitie\emi_dataset_analysis_windows\data\20260824_174119\synchronized_measurements.csv,48,2026-08-24 15:04:20+00:00,48.0,9.8,-3.184,,unknown,,No metadata entry,True,True,True
20260824_174119,C:\Users\Sorin\OneDrive - Universitatea Vasile Alecsandri Bacau\Proiecte_Cercetare\FurduI\FSM_Achizitie\emi_dataset_analysis_windows\data\20260824_174119\synchronized_measurements.csv,49,2026-08-24 15:04:50+00:00,47.0,9.7,-3.166,,unknown,,No metadata entry,True,True,True
20260824_174119,C:\Users\Sorin\OneDrive - Universitatea Vasile Alecsandri Bacau\Proiecte_Cercetare\FurduI\FSM_Achizitie\emi_dataset_analysis_windows\data\20260824_174119\synchronized_measurements.csv,50,2026-08-24 15:05:20+00:00,47.0,9.7,-3.154,,unknown,,No metadata entry,True,True,True
20260824_174119,C:\Users\Sorin\OneDrive - Universitatea Vasile Alecsandri Bacau\Proiecte_Cercetare\FurduI\FSM_Achizitie\emi_dataset_analysis_windows\data\20260824_174119\synchronized_measurements.csv,51,2026-08-24 15:05:50+00:00,47.0,9.6,-3.138,,unknown,,No metadata entry,True,True,True
20260824_174119,C:\Users\Sorin\OneDrive - Universitatea Vasile Alecsandri Bacau\Proiecte_Cercetare\FurduI\FSM_Achizitie\emi_dataset_analysis_windows\data\20260824_174119\synchronized_measurements.csv,52,2026-08-24 15:06:20+00:00,47.0,9.5,-3.08,,unknown,,No metadata entry,True,True,True
20260824_174119,C:\Users\Sorin\OneDrive - Universitatea Vasile Alecsandri Bacau\Proiecte_Cercetare\FurduI\FSM_Achizitie\emi_dataset_analysis_windows\data\20260824_174119\synchronized_measurements.csv,53,2026-08-24 15:06:50+00:00,46.0,9.39,-2.881,,unknown,,No metadata entry,True,True,True
20260824_174119,C:\Users\Sorin\OneDrive - Universitatea Vasile Alecsandri Bacau\Proiecte_Cercetare\FurduI\FSM_Achizitie\emi_dataset_analysis_windows\data\20260824_174119\synchronized_measurements.csv,54,2026-08-24 15:07:20+00:00,46.0,9.39,-3.105,,unknown,,No metadata entry,True,True,True
20260824_174119,C:\Users\Sorin\OneDrive - Universitatea Vasile Alecsandri Bacau\Proiecte_Cercetare\FurduI\FSM_Achizitie\emi_dataset_analysis_windows\data\20260824_174119\synchronized_measurements.csv,55,2026-08-24 15:07:50+00:00,45.0,9.3,-3.092,,unknown,,No metadata entry,True,True,True
20260824_174119,C:\Users\Sorin\OneDrive - Universitatea Vasile Alecsandri Bacau\Proiecte_Cercetare\FurduI\FSM_Achizitie\emi_dataset_analysis_windows\data\20260824_174119\synchronized_measurements.csv,56,2026-08-24 15:08:20+00:00,45.0,9.2,-3.081,,unknown,,No metadata entry,True,True,True
20260824_174119,C:\Users\Sorin\OneDrive - Universitatea Vasile Alecsandri Bacau\Proiecte_Cercetare\FurduI\FSM_Achizitie\emi_dataset_analysis_windows\data\20260824_174119\synchronized_measurements.csv,57,2026-08-24 15:08:50+00:00,45.0,9.2,-3.063,,unknown,,No metadata entry,True,True,True
20260824_174119,C:\Users\Sorin\OneDrive - Universitatea Vasile Alecsandri Bacau\Proiecte_Cercetare\FurduI\FSM_Achizitie\emi_dataset_analysis_windows\data\20260824_174119\synchronized_measurements.csv,58,2026-08-24 15:09:20+00:00,44.0,9.1,-3.049,,unknown,,No metadata entry,True,True,True
20260824_174119,C:\Users\Sorin\OneDrive - Universitatea Vasile Alecsandri Bacau\Proiecte_Cercetare\FurduI\FSM_Achizitie\emi_dataset_analysis_windows\data\20260824_174119\synchronized_measurements.csv,59,2026-08-24 15:09:50+00:00,44.0,9.0,-3.03,,unknown,,No metadata entry,True,True,True
20260824_174119,C:\Users\Sorin\OneDrive - Universitatea Vasile Alecsandri Bacau\Proiecte_Cercetare\FurduI\FSM_Achizitie\emi_dataset_analysis_windows\data\20260824_174119\synchronized_measurements.csv,60,2026-08-24 15:10:20+00:00,44.0,8.89,-3.017,,unknown,,No metadata entry,True,True,True
20260824_174119,C:\Users\Sorin\OneDrive - Universitatea Vasile Alecsandri Bacau\Proiecte_Cercetare\FurduI\FSM_Achizitie\emi_dataset_analysis_windows\data\20260824_174119\synchronized_measurements.csv,61,2026-08-24 15:10:50+00:00,43.0,8.89,-3.001,,unknown,,No metadata entry,True,True,True
20260824_174119,C:\Users\Sorin\OneDrive - Universitatea Vasile Alecsandri Bacau\Proiecte_Cercetare\FurduI\FSM_Achizitie\emi_dataset_analysis_windows\data\20260824_174119\synchronized_measurements.csv,62,2026-08-24 15:11:20+00:00,42.0,8.89,-2.993,,unknown,,No metadata entry,True,True,True
20260824_174119,C:\Users\Sorin\OneDrive - Universitatea Vasile Alecsandri Bacau\Proiecte_Cercetare\FurduI\FSM_Achizitie\emi_dataset_analysis_windows\data\20260824_174119\synchronized_measurements.csv,63,2026-08-24 15:11:50+00:00,42.0,8.7,-2.979,,unknown,,No metadata entry,True,True,True
20260824_174119,C:\Users\Sorin\OneDrive - Universitatea Vasile Alecsandri Bacau\Proiecte_Cercetare\FurduI\FSM_Achizitie\emi_dataset_analysis_windows\data\20260824_174119\synchronized_measurements.csv,64,2026-08-24 15:12:20+00:00,41.0,8.6,-2.96,,unknown,,No metadata entry,True,True,True
20260824_174119,C:\Users\Sorin\OneDrive - Universitatea Vasile Alecsandri Bacau\Proiecte_Cercetare\FurduI\FSM_Achizitie\emi_dataset_analysis_windows\data\20260824_174119\synchronized_measurements.csv,65,2026-08-24 15:12:50+00:00,41.0,8.5,-2.938,,unknown,,No metadata entry,True,True,True
20260824_174119,C:\Users\Sorin\OneDrive - Universitatea Vasile Alecsandri Bacau\Proiecte_Cercetare\FurduI\FSM_Achizitie\emi_dataset_analysis_windows\data\20260824_174119\synchronized_measurements.csv,66,2026-08-24 15:13:20+00:00,40.0,8.39,-2.924,,unknown,,No metadata entry,True,True,True
20260824_174119,C:\Users\Sorin\OneDrive - Universitatea Vasile Alecsandri Bacau\Proiecte_Cercetare\FurduI\FSM_Achizitie\emi_dataset_analysis_windows\data\20260824_174119\synchronized_measurements.csv,67,2026-08-24 15:13:50+00:00,40.0,8.39,-2.906,,unknown,,No metadata entry,True,True,True
20260824_174119,C:\Users\Sorin\OneDrive - Universitatea Vasile Alecsandri Bacau\Proiecte_Cercetare\FurduI\FSM_Achizitie\emi_dataset_analysis_windows\data\20260824_174119\synchronized_measurements.csv,68,2026-08-24 15:14:20+00:00,39.0,8.2,-2.887,,unknown,,No metadata entry,True,True,True
20260824_174119,C:\Users\Sorin\OneDrive - Universitatea Vasile Alecsandri Bacau\Proiecte_Cercetare\FurduI\FSM_Achizitie\emi_dataset_analysis_windows\data\20260824_174119\synchronized_measurements.csv,69,2026-08-24 15:14:50+00:00,38.0,8.1,-2.865,,unknown,,No metadata entry,True,True,True
20260824_174119,C:\Users\Sorin\OneDrive - Universitatea Vasile Alecsandri Bacau\Proiecte_Cercetare\FurduI\FSM_Achizitie\emi_dataset_analysis_windows\data\20260824_174119\synchronized_measurements.csv,70,2026-08-24 15:15:20+00:00,37.0,8.0,-2.853,,unknown,,No metadata entry,True,True,True
20260824_174119,C:\Users\Sorin\OneDrive - Universitatea Vasile Alecsandri Bacau\Proiecte_Cercetare\FurduI\FSM_Achizitie\emi_dataset_analysis_windows\data\20260824_174119\synchronized_measurements.csv,71,2026-08-24 15:15:50+00:00,37.0,7.9,-2.841,,unknown,,No metadata entry,True,True,True
20260824_174119,C:\Users\Sorin\OneDrive - Universitatea Vasile Alecsandri Bacau\Proiecte_Cercetare\FurduI\FSM_Achizitie\emi_dataset_analysis_windows\data\20260824_174119\synchronized_measurements.csv,72,2026-08-24 15:16:20+00:00,36.0,7.8,-2.824,,unknown,,No metadata entry,True,True,True
20260824_174119,C:\Users\Sorin\OneDrive - Universitatea Vasile Alecsandri Bacau\Proiecte_Cercetare\FurduI\FSM_Achizitie\emi_dataset_analysis_windows\data\20260824_174119\synchronized_measurements.csv,73,2026-08-24 15:16:50+00:00,36.0,7.7,-2.809,,unknown,,No metadata entry,True,True,True
20260824_174119,C:\Users\Sorin\OneDrive - Universitatea Vasile Alecsandri Bacau\Proiecte_Cercetare\FurduI\FSM_Achizitie\emi_dataset_analysis_windows\data\20260824_174119\synchronized_measurements.csv,74,2026-08-24 15:17:20+00:00,35.0,7.7,2.563,,unknown,,No metadata entry,True,True,True
20260824_174119,C:\Users\Sorin\OneDrive - Universitatea Vasile Alecsandri Bacau\Proiecte_Cercetare\FurduI\FSM_Achizitie\emi_dataset_analysis_windows\data\20260824_174119\synchronized_measurements.csv,75,2026-08-24 15:17:50+00:00,34.0,7.5,2.576,,unknown,,No metadata entry,True,True,True
20260824_174119,C:\Users\Sorin\OneDrive - Universitatea Vasile Alecsandri Bacau\Proiecte_Cercetare\FurduI\FSM_Achizitie\emi_dataset_analysis_windows\data\20260824_174119\synchronized_measurements.csv,76,2026-08-24 15:18:20+00:00,34.0,7.5,2.587,,unknown,,No metadata entry,True,True,True
20260824_174119,C:\Users\Sorin\OneDrive - Universitatea Vasile Alecsandri Bacau\Proiecte_Cercetare\FurduI\FSM_Achizitie\emi_dataset_analysis_windows\data\20260824_174119\synchronized_measurements.csv,77,2026-08-24 15:18:50+00:00,33.0,7.4,2.602,,unknown,,No metadata entry,True,True,True
20260824_174119,C:\Users\Sorin\OneDrive - Universitatea Vasile Alecsandri Bacau\Proiecte_Cercetare\FurduI\FSM_Achizitie\emi_dataset_analysis_windows\data\20260824_174119\synchronized_measurements.csv,78,2026-08-24 15:19:20+00:00,32.0,7.3,2.612,,unknown,,No metadata entry,True,True,True
20260824_174119,C:\Users\Sorin\OneDrive - Universitatea Vasile Alecsandri Bacau\Proiecte_Cercetare\FurduI\FSM_Achizitie\emi_dataset_analysis_windows\data\20260824_174119\synchronized_measurements.csv,79,2026-08-24 15:19:50+00:00,32.0,7.2,2.616,,unknown,,No metadata entry,True,True,True
20260824_174119,C:\Users\Sorin\OneDrive - Universitatea Vasile Alecsandri Bacau\Proiecte_Cercetare\FurduI\FSM_Achizitie\emi_dataset_analysis_windows\data\20260824_174119\synchronized_measurements.csv,80,2026-08-24 15:20:20+00:00,31.0,7.2,2.628,,unknown,,No metadata entry,True,True,True
20260824_174119,C:\Users\Sorin\OneDrive - Universitatea Vasile Alecsandri Bacau\Proiecte_Cercetare\FurduI\FSM_Achizitie\emi_dataset_analysis_windows\data\20260824_174119\synchronized_measurements.csv,81,2026-08-24 15:20:50+00:00,31.0,7.2,2.681,,unknown,,No metadata entry,True,True,True
20260824_174119,C:\Users\Sorin\OneDrive - Universitatea Vasile Alecsandri Bacau\Proiecte_Cercetare\FurduI\FSM_Achizitie\emi_dataset_analysis_windows\data\20260824_174119\synchronized_measurements.csv,82,2026-08-24 15:21:20+00:00,30.0,7.0,2.878,,unknown,,No metadata entry,True,True,True
20260824_174119,C:\Users\Sorin\OneDrive - Universitatea Vasile Alecsandri Bacau\Proiecte_Cercetare\FurduI\FSM_Achizitie\emi_dataset_analysis_windows\data\20260824_174119\synchronized_measurements.csv,83,2026-08-24 15:21:50+00:00,30.0,7.0,2.665,,unknown,,No metadata entry,True,True,True
20260824_174119,C:\Users\Sorin\OneDrive - Universitatea Vasile Alecsandri Bacau\Proiecte_Cercetare\FurduI\FSM_Achizitie\emi_dataset_analysis_windows\data\20260824_174119\synchronized_measurements.csv,84,2026-08-24 15:22:20+00:00,29.0,7.0,2.678,,unknown,,No metadata entry,True,True,True
20260824_174119,C:\Users\Sorin\OneDrive - Universitatea Vasile Alecsandri Bacau\Proiecte_Cercetare\FurduI\FSM_Achizitie\emi_dataset_analysis_windows\data\20260824_174119\synchronized_measurements.csv,85,2026-08-24 15:22:50+00:00,29.0,6.9,2.693,,unknown,,No metadata entry,True,True,True
20260824_174119,C:\Users\Sorin\OneDrive - Universitatea Vasile Alecsandri Bacau\Proiecte_Cercetare\FurduI\FSM_Achizitie\emi_dataset_analysis_windows\data\20260824_174119\synchronized_measurements.csv,86,2026-08-24 15:23:20+00:00,29.0,6.9,2.703,,unknown,,No metadata entry,True,True,True
20260824_174119,C:\Users\Sorin\OneDrive - Universitatea Vasile Alecsandri Bacau\Proiecte_Cercetare\FurduI\FSM_Achizitie\emi_dataset_analysis_windows\data\20260824_174119\synchronized_measurements.csv,87,2026-08-24 15:23:50+00:00,28.0,6.8,2.716,,unknown,,No metadata entry,True,True,True
20260824_174119,C:\Users\Sorin\OneDrive - Universitatea Vasile Alecsandri Bacau\Proiecte_Cercetare\FurduI\FSM_Achizitie\emi_dataset_analysis_windows\data\20260824_174119\synchronized_measurements.csv,88,2026-08-24 15:24:20+00:00,28.0,6.8,2.725,,unknown,,No metadata entry,True,True,True
20260824_174119,C:\Users\Sorin\OneDrive - Universitatea Vasile Alecsandri Bacau\Proiecte_Cercetare\FurduI\FSM_Achizitie\emi_dataset_analysis_windows\data\20260824_174119\synchronized_measurements.csv,89,2026-08-24 15:24:50+00:00,28.0,6.8,2.738,,unknown,,No metadata entry,True,True,True
20260824_174119,C:\Users\Sorin\OneDrive - Universitatea Vasile Alecsandri Bacau\Proiecte_Cercetare\FurduI\FSM_Achizitie\emi_dataset_analysis_windows\data\20260824_174119\synchronized_measurements.csv,90,2026-08-24 15:25:20+00:00,27.0,6.7,2.75,,unknown,,No metadata entry,True,True,True
20260824_174119,C:\Users\Sorin\OneDrive - Universitatea Vasile Alecsandri Bacau\Proiecte_Cercetare\FurduI\FSM_Achizitie\emi_dataset_analysis_windows\data\20260824_174119\synchronized_measurements.csv,91,2026-08-24 15:25:50+00:00,27.0,6.7,2.764,,unknown,,No metadata entry,True,True,True
20260824_174119,C:\Users\Sorin\OneDrive - Universitatea Vasile Alecsandri Bacau\Proiecte_Cercetare\FurduI\FSM_Achizitie\emi_dataset_analysis_windows\data\20260824_174119\synchronized_measurements.csv,92,2026-08-24 15:26:20+00:00,27.0,6.6,2.775,,unknown,,No metadata entry,True,True,True
20260824_174119,C:\Users\Sorin\OneDrive - Universitatea Vasile Alecsandri Bacau\Proiecte_Cercetare\FurduI\FSM_Achizitie\emi_dataset_analysis_windows\data\20260824_174119\synchronized_measurements.csv,93,2026-08-24 15:26:50+00:00,26.0,6.6,2.788,,unknown,,No metadata entry,True,True,True
20260824_174119,C:\Users\Sorin\OneDrive - Universitatea Vasile Alecsandri Bacau\Proiecte_Cercetare\FurduI\FSM_Achizitie\emi_dataset_analysis_windows\data\20260824_174119\synchronized_measurements.csv,94,2026-08-24 15:27:20+00:00,26.0,6.6,2.802,,unknown,,No metadata entry,True,True,True
20260824_174119,C:\Users\Sorin\OneDrive - Universitatea Vasile Alecsandri Bacau\Proiecte_Cercetare\FurduI\FSM_Achizitie\emi_dataset_analysis_windows\data\20260824_174119\synchronized_measurements.csv,95,2026-08-24 15:27:50+00:00,26.0,6.5,2.815,,unknown,,No metadata entry,True,True,True
20260824_174119,C:\Users\Sorin\OneDrive - Universitatea Vasile Alecsandri Bacau\Proiecte_Cercetare\FurduI\FSM_Achizitie\emi_dataset_analysis_windows\data\20260824_174119\synchronized_measurements.csv,96,2026-08-24 15:28:20+00:00,26.0,6.5,2.829,,unknown,,No metadata entry,True,True,True
20260824_174119,C:\Users\Sorin\OneDrive - Universitatea Vasile Alecsandri Bacau\Proiecte_Cercetare\FurduI\FSM_Achizitie\emi_dataset_analysis_windows\data\20260824_174119\synchronized_measurements.csv,97,2026-08-24 15:28:50+00:00,25.0,6.5,2.844,,unknown,,No metadata entry,True,True,True
20260824_174119,C:\Users\Sorin\OneDrive - Universitatea Vasile Alecsandri Bacau\Proiecte_Cercetare\FurduI\FSM_Achizitie\emi_dataset_analysis_windows\data\20260824_174119\synchronized_measurements.csv,98,2026-08-24 15:29:20+00:00,25.0,6.4,2.855,,unknown,,No metadata entry,True,True,True
20260824_174119,C:\Users\Sorin\OneDrive - Universitatea Vasile Alecsandri Bacau\Proiecte_Cercetare\FurduI\FSM_Achizitie\emi_dataset_analysis_windows\data\20260824_174119\synchronized_measurements.csv,99,2026-08-24 15:29:50+00:00,25.0,6.4,2.869,,unknown,,No metadata entry,True,True,True
20260824_174119,C:\Users\Sorin\OneDrive - Universitatea Vasile Alecsandri Bacau\Proiecte_Cercetare\FurduI\FSM_Achizitie\emi_dataset_analysis_windows\data\20260824_174119\synchronized_measurements.csv,100,2026-08-24 15:30:20+00:00,24.0,6.4,2.875,,unknown,,No metadata entry,True,True,True
20260824_174119,C:\Users\Sorin\OneDrive - Universitatea Vasile Alecsandri Bacau\Proiecte_Cercetare\FurduI\FSM_Achizitie\emi_dataset_analysis_windows\data\20260824_174119\synchronized_measurements.csv,101,2026-08-24 15:30:50+00:00,24.0,6.3,2.89,,unknown,,No metadata entry,True,True,True
20260824_174119,C:\Users\Sorin\OneDrive - Universitatea Vasile Alecsandri Bacau\Proiecte_Cercetare\FurduI\FSM_Achizitie\emi_dataset_analysis_windows\data\20260824_174119\synchronized_measurements.csv,102,2026-08-24 15:31:20+00:00,24.0,6.3,2.9,,unknown,,No metadata entry,True,True,True
20260824_174119,C:\Users\Sorin\OneDrive - Universitatea Vasile Alecsandri Bacau\Proiecte_Cercetare\FurduI\FSM_Achizitie\emi_dataset_analysis_windows\data\20260824_174119\synchronized_measurements.csv,103,2026-08-24 15:31:50+00:00,24.0,6.3,2.915,,unknown,,No metadata entry,True,True,True
20260824_174119,C:\Users\Sorin\OneDrive - Universitatea Vasile Alecsandri Bacau\Proiecte_Cercetare\FurduI\FSM_Achizitie\emi_dataset_analysis_windows\data\20260824_174119\synchronized_measurements.csv,104,2026-08-24 15:32:20+00:00,24.0,6.3,2.92,,unknown,,No metadata entry,True,True,True
20260824_174119,C:\Users\Sorin\OneDrive - Universitatea Vasile Alecsandri Bacau\Proiecte_Cercetare\FurduI\FSM_Achizitie\emi_dataset_analysis_windows\data\20260824_174119\synchronized_measurements.csv,105,2026-08-24 15:32:50+00:00,23.0,6.2,2.935,,unknown,,No metadata entry,True,True,True
20260824_174119,C:\Users\Sorin\OneDrive - Universitatea Vasile Alecsandri Bacau\Proiecte_Cercetare\FurduI\FSM_Achizitie\emi_dataset_analysis_windows\data\20260824_174119\synchronized_measurements.csv,106,2026-08-24 15:33:20+00:00,23.0,6.2,2.947,,unknown,,No metadata entry,True,True,True
20260824_174119,C:\Users\Sorin\OneDrive - Universitatea Vasile Alecsandri Bacau\Proiecte_Cercetare\FurduI\FSM_Achizitie\emi_dataset_analysis_windows\data\20260824_174119\synchronized_measurements.csv,107,2026-08-24 15:33:50+00:00,23.0,6.1,2.956,,unknown,,No metadata entry,True,True,True
20260824_174119,C:\Users\Sorin\OneDrive - Universitatea Vasile Alecsandri Bacau\Proiecte_Cercetare\FurduI\FSM_Achizitie\emi_dataset_analysis_windows\data\20260824_174119\synchronized_measurements.csv,108,2026-08-24 15:34:20+00:00,23.0,6.1,3.007,,unknown,,No metadata entry,True,True,True
20260824_174119,C:\Users\Sorin\OneDrive - Universitatea Vasile Alecsandri Bacau\Proiecte_Cercetare\FurduI\FSM_Achizitie\emi_dataset_analysis_windows\data\20260824_174119\synchronized_measurements.csv,109,2026-08-24 15:34:50+00:00,23.0,6.0,3.206,,unknown,,No metadata entry,True,True,True
20260824_174119,C:\Users\Sorin\OneDrive - Universitatea Vasile Alecsandri Bacau\Proiecte_Cercetare\FurduI\FSM_Achizitie\emi_dataset_analysis_windows\data\20260824_174119\synchronized_measurements.csv,110,2026-08-24 15:35:20+00:00,22.0,5.9,2.991,,unknown,,No metadata entry,True,True,True
20260824_174119,C:\Users\Sorin\OneDrive - Universitatea Vasile Alecsandri Bacau\Proiecte_Cercetare\FurduI\FSM_Achizitie\emi_dataset_analysis_windows\data\20260824_174119\synchronized_measurements.csv,111,2026-08-24 15:35:50+00:00,22.0,6.0,3.006,,unknown,,No metadata entry,True,True,True
20260824_174119,C:\Users\Sorin\OneDrive - Universitatea Vasile Alecsandri Bacau\Proiecte_Cercetare\FurduI\FSM_Achizitie\emi_dataset_analysis_windows\data\20260824_174119\synchronized_measurements.csv,112,2026-08-24 15:36:20+00:00,22.0,5.9,3.016,,unknown,,No metadata entry,True,True,True
20260824_174119,C:\Users\Sorin\OneDrive - Universitatea Vasile Alecsandri Bacau\Proiecte_Cercetare\FurduI\FSM_Achizitie\emi_dataset_analysis_windows\data\20260824_174119\synchronized_measurements.csv,113,2026-08-24 15:36:50+00:00,22.0,5.8,3.029,,unknown,,No metadata entry,True,True,True
20260824_174119,C:\Users\Sorin\OneDrive - Universitatea Vasile Alecsandri Bacau\Proiecte_Cercetare\FurduI\FSM_Achizitie\emi_dataset_analysis_windows\data\20260824_174119\synchronized_measurements.csv,114,2026-08-24 15:37:20+00:00,22.0,5.8,3.039,,unknown,,No metadata entry,True,True,True
20260824_174119,C:\Users\Sorin\OneDrive - Universitatea Vasile Alecsandri Bacau\Proiecte_Cercetare\FurduI\FSM_Achizitie\emi_dataset_analysis_windows\data\20260824_174119\synchronized_measurements.csv,115,2026-08-24 15:37:50+00:00,21.0,5.8,3.052,,unknown,,No metadata entry,True,True,True
20260824_174119,C:\Users\Sorin\OneDrive - Universitatea Vasile Alecsandri Bacau\Proiecte_Cercetare\FurduI\FSM_Achizitie\emi_dataset_analysis_windows\data\20260824_174119\synchronized_measurements.csv,116,2026-08-24 15:38:20+00:00,21.0,5.7,3.054,,unknown,,No metadata entry,True,True,True
20260824_174119,C:\Users\Sorin\OneDrive - Universitatea Vasile Alecsandri Bacau\Proiecte_Cercetare\FurduI\FSM_Achizitie\emi_dataset_analysis_windows\data\20260824_174119\synchronized_measurements.csv,117,2026-08-24 15:38:50+00:00,21.0,5.7,3.063,,unknown,,No metadata entry,True,True,True
20260824_174119,C:\Users\Sorin\OneDrive - Universitatea Vasile Alecsandri Bacau\Proiecte_Cercetare\FurduI\FSM_Achizitie\emi_dataset_analysis_windows\data\20260824_174119\synchronized_measurements.csv,118,2026-08-24 15:39:20+00:00,20.0,5.7,3.081,,unknown,,No metadata entry,True,True,True
20260824_174119,C:\Users\Sorin\OneDrive - Universitatea Vasile Alecsandri Bacau\Proiecte_Cercetare\FurduI\FSM_Achizitie\emi_dataset_analysis_windows\data\20260824_174119\synchronized_measurements.csv,119,2026-08-24 15:39:50+00:00,20.0,5.6,3.097,,unknown,,No metadata entry,True,True,True
20260824_174119,C:\Users\Sorin\OneDrive - Universitatea Vasile Alecsandri Bacau\Proiecte_Cercetare\FurduI\FSM_Achizitie\emi_dataset_analysis_windows\data\20260824_174119\synchronized_measurements.csv,120,2026-08-24 15:40:20+00:00,20.0,5.6,3.113,,unknown,,No metadata entry,True,True,True
20260824_174119,C:\Users\Sorin\OneDrive - Universitatea Vasile Alecsandri Bacau\Proiecte_Cercetare\FurduI\FSM_Achizitie\emi_dataset_analysis_windows\data\20260824_174119\synchronized_measurements.csv,121,2026-08-24 15:40:50+00:00,20.0,5.6,3.123,,unknown,,No metadata entry,True,True,True
20260824_174119,C:\Users\Sorin\OneDrive - Universitatea Vasile Alecsandri Bacau\Proiecte_Cercetare\FurduI\FSM_Achizitie\emi_dataset_analysis_windows\data\20260824_174119\synchronized_measurements.csv,122,2026-08-24 15:41:20+00:00,20.0,5.6,-6.864,,unknown,,No metadata entry,True,True,True
20260824_174119,C:\Users\Sorin\OneDrive - Universitatea Vasile Alecsandri Bacau\Proiecte_Cercetare\FurduI\FSM_Achizitie\emi_dataset_analysis_windows\data\20260824_174119\synchronized_measurements.csv,123,2026-08-24 15:41:50+00:00,19.0,5.5,3.155,,unknown,,No metadata entry,True,True,True
20260825_163306,C:\Users\Sorin\OneDrive - Universitatea Vasile Alecsandri Bacau\Proiecte_Cercetare\FurduI\FSM_Achizitie\emi_dataset_analysis_windows\data\20260825_163306\synchronized_measurements.csv,2,2026-08-25 13:33:06+00:00,365.0,66.6,7.155,,local_shading,,local shading event,True,True,True
20260825_163306,C:\Users\Sorin\OneDrive - Universitatea Vasile Alecsandri Bacau\Proiecte_Cercetare\FurduI\FSM_Achizitie\emi_dataset_analysis_windows\data\20260825_163306\synchronized_measurements.csv,3,2026-08-25 13:35:06+00:00,378.0,67.5,-2.789,,local_shading,,local shading event,True,True,True
20260825_163306,C:\Users\Sorin\OneDrive - Universitatea Vasile Alecsandri Bacau\Proiecte_Cercetare\FurduI\FSM_Achizitie\emi_dataset_analysis_windows\data\20260825_163306\synchronized_measurements.csv,4,2026-08-25 13:35:36+00:00,378.0,67.8,-2.77,,local_shading,,local shading event,True,True,True
20260825_163306,C:\Users\Sorin\OneDrive - Universitatea Vasile Alecsandri Bacau\Proiecte_Cercetare\FurduI\FSM_Achizitie\emi_dataset_analysis_windows\data\20260825_163306\synchronized_measurements.csv,5,2026-08-25 13:36:06+00:00,379.0,68.1,-2.758,,local_shading,,local shading event,True,True,True
20260825_163306,C:\Users\Sorin\OneDrive - Universitatea Vasile Alecsandri Bacau\Proiecte_Cercetare\FurduI\FSM_Achizitie\emi_dataset_analysis_windows\data\20260825_163306\synchronized_measurements.csv,6,2026-08-25 13:37:06+00:00,363.0,66.1,-2.515,,local_shading,,local shading event,True,True,True
20260825_163306,C:\Users\Sorin\OneDrive - Universitatea Vasile Alecsandri Bacau\Proiecte_Cercetare\FurduI\FSM_Achizitie\emi_dataset_analysis_windows\data\20260825_163306\synchronized_measurements.csv,7,2026-08-25 13:37:36+00:00,298.0,59.3,-2.705,,local_shading,,local shading event,True,True,True
20260825_163306,C:\Users\Sorin\OneDrive - Universitatea Vasile Alecsandri Bacau\Proiecte_Cercetare\FurduI\FSM_Achizitie\emi_dataset_analysis_windows\data\20260825_163306\synchronized_measurements.csv,8,2026-08-25 13:39:36+00:00,268.0,44.7,-2.643,,local_shading,,local shading event,True,True,True
20260825_163306,C:\Users\Sorin\OneDrive - Universitatea Vasile Alecsandri Bacau\Proiecte_Cercetare\FurduI\FSM_Achizitie\emi_dataset_analysis_windows\data\20260825_163306\synchronized_measurements.csv,9,2026-08-25 13:40:06+00:00,348.0,62.1,-2.632,,local_shading,,local shading event,True,True,True
20260825_163306,C:\Users\Sorin\OneDrive - Universitatea Vasile Alecsandri Bacau\Proiecte_Cercetare\FurduI\FSM_Achizitie\emi_dataset_analysis_windows\data\20260825_163306\synchronized_measurements.csv,10,2026-08-25 13:40:36+00:00,365.0,65.1,-2.615,,local_shading,,local shading event,True,True,True
20260825_163306,C:\Users\Sorin\OneDrive - Universitatea Vasile Alecsandri Bacau\Proiecte_Cercetare\FurduI\FSM_Achizitie\emi_dataset_analysis_windows\data\20260825_163306\synchronized_measurements.csv,11,2026-08-25 13:41:06+00:00,367.0,66.19,-2.599,,local_shading,,local shading event,True,True,True
20260825_163306,C:\Users\Sorin\OneDrive - Universitatea Vasile Alecsandri Bacau\Proiecte_Cercetare\FurduI\FSM_Achizitie\emi_dataset_analysis_windows\data\20260825_163306\synchronized_measurements.csv,12,2026-08-25 13:41:36+00:00,366.0,66.0,-2.585,,local_shading,,local shading event,True,True,True
20260825_163306,C:\Users\Sorin\OneDrive - Universitatea Vasile Alecsandri Bacau\Proiecte_Cercetare\FurduI\FSM_Achizitie\emi_dataset_analysis_windows\data\20260825_163306\synchronized_measurements.csv,13,2026-08-25 13:42:06+00:00,365.0,65.8,-2.57,,local_shading,,local shading event,True,True,True
20260825_163306,C:\Users\Sorin\OneDrive - Universitatea Vasile Alecsandri Bacau\Proiecte_Cercetare\FurduI\FSM_Achizitie\emi_dataset_analysis_windows\data\20260825_163306\synchronized_measurements.csv,14,2026-08-25 13:42:36+00:00,365.0,65.69,-2.552,,local_shading,,local shading event,True,True,True
20260825_163306,C:\Users\Sorin\OneDrive - Universitatea Vasile Alecsandri Bacau\Proiecte_Cercetare\FurduI\FSM_Achizitie\emi_dataset_analysis_windows\data\20260825_163306\synchronized_measurements.csv,15,2026-08-25 13:43:06+00:00,363.0,65.6,-2.534,,local_shading,,local shading event,True,True,True
20260825_163306,C:\Users\Sorin\OneDrive - Universitatea Vasile Alecsandri Bacau\Proiecte_Cercetare\FurduI\FSM_Achizitie\emi_dataset_analysis_windows\data\20260825_163306\synchronized_measurements.csv,16,2026-08-25 13:44:36+00:00,358.0,64.69,-2.498,,local_shading,,local shading event,True,True,True
20260825_163306,C:\Users\Sorin\OneDrive - Universitatea Vasile Alecsandri Bacau\Proiecte_Cercetare\FurduI\FSM_Achizitie\emi_dataset_analysis_windows\data\20260825_163306\synchronized_measurements.csv,17,2026-08-25 13:45:06+00:00,357.0,64.5,-2.478,,local_shading,,local shading event,True,True,True
20260825_163306,C:\Users\Sorin\OneDrive - Universitatea Vasile Alecsandri Bacau\Proiecte_Cercetare\FurduI\FSM_Achizitie\emi_dataset_analysis_windows\data\20260825_163306\synchronized_measurements.csv,18,2026-08-25 13:45:36+00:00,356.0,64.3,-2.462,,local_shading,,local shading event,True,True,True
20260825_163306,C:\Users\Sorin\OneDrive - Universitatea Vasile Alecsandri Bacau\Proiecte_Cercetare\FurduI\FSM_Achizitie\emi_dataset_analysis_windows\data\20260825_163306\synchronized_measurements.csv,19,2026-08-25 13:46:06+00:00,353.0,63.9,-2.448,,local_shading,,local shading event,True,True,True
20260825_163306,C:\Users\Sorin\OneDrive - Universitatea Vasile Alecsandri Bacau\Proiecte_Cercetare\FurduI\FSM_Achizitie\emi_dataset_analysis_windows\data\20260825_163306\synchronized_measurements.csv,20,2026-08-25 13:48:37+00:00,349.0,63.4,-3.385,,local_shading,,local shading event,True,True,True
20260825_163306,C:\Users\Sorin\OneDrive - Universitatea Vasile Alecsandri Bacau\Proiecte_Cercetare\FurduI\FSM_Achizitie\emi_dataset_analysis_windows\data\20260825_163306\synchronized_measurements.csv,21,2026-08-25 13:49:07+00:00,349.0,63.0,-3.372,,local_shading,,local shading event,True,True,True
20260825_163306,C:\Users\Sorin\OneDrive - Universitatea Vasile Alecsandri Bacau\Proiecte_Cercetare\FurduI\FSM_Achizitie\emi_dataset_analysis_windows\data\20260825_163306\synchronized_measurements.csv,22,2026-08-25 13:49:37+00:00,347.0,63.0,-3.357,,local_shading,,local shading event,True,True,True
20260825_163306,C:\Users\Sorin\OneDrive - Universitatea Vasile Alecsandri Bacau\Proiecte_Cercetare\FurduI\FSM_Achizitie\emi_dataset_analysis_windows\data\20260825_163306\synchronized_measurements.csv,23,2026-08-25 13:50:07+00:00,346.0,62.8,-3.231,,local_shading,,local shading event,True,True,True
20260825_163306,C:\Users\Sorin\OneDrive - Universitatea Vasile Alecsandri Bacau\Proiecte_Cercetare\FurduI\FSM_Achizitie\emi_dataset_analysis_windows\data\20260825_163306\synchronized_measurements.csv,24,2026-08-25 13:50:37+00:00,343.0,62.2,-3.028,,local_shading,,local shading event,True,True,True
20260825_163306,C:\Users\Sorin\OneDrive - Universitatea Vasile Alecsandri Bacau\Proiecte_Cercetare\FurduI\FSM_Achizitie\emi_dataset_analysis_windows\data\20260825_163306\synchronized_measurements.csv,25,2026-08-25 13:52:07+00:00,346.0,62.2,-3.288,,local_shading,,local shading event,True,True,True
20260825_163306,C:\Users\Sorin\OneDrive - Universitatea Vasile Alecsandri Bacau\Proiecte_Cercetare\FurduI\FSM_Achizitie\emi_dataset_analysis_windows\data\20260825_163306\synchronized_measurements.csv,26,2026-08-25 13:53:07+00:00,343.0,62.0,-3.255,,local_shading,,local shading event,True,True,True
20260825_163306,C:\Users\Sorin\OneDrive - Universitatea Vasile Alecsandri Bacau\Proiecte_Cercetare\FurduI\FSM_Achizitie\emi_dataset_analysis_windows\data\20260825_163306\synchronized_measurements.csv,27,2026-08-25 13:54:37+00:00,338.0,61.3,-3.217,,local_shading,,local shading event,True,True,True
20260825_163306,C:\Users\Sorin\OneDrive - Universitatea Vasile Alecsandri Bacau\Proiecte_Cercetare\FurduI\FSM_Achizitie\emi_dataset_analysis_windows\data\20260825_163306\synchronized_measurements.csv,28,2026-08-25 13:55:07+00:00,335.0,60.7,-3.198,,local_shading,,local shading event,True,True,True
20260825_163306,C:\Users\Sorin\OneDrive - Universitatea Vasile Alecsandri Bacau\Proiecte_Cercetare\FurduI\FSM_Achizitie\emi_dataset_analysis_windows\data\20260825_163306\synchronized_measurements.csv,29,2026-08-25 13:55:37+00:00,327.0,59.6,-3.179,,local_shading,,local shading event,True,True,True
20260825_163306,C:\Users\Sorin\OneDrive - Universitatea Vasile Alecsandri Bacau\Proiecte_Cercetare\FurduI\FSM_Achizitie\emi_dataset_analysis_windows\data\20260825_163306\synchronized_measurements.csv,30,2026-08-25 13:56:07+00:00,325.0,58.6,-3.157,,local_shading,,local shading event,True,True,True
20260825_163306,C:\Users\Sorin\OneDrive - Universitatea Vasile Alecsandri Bacau\Proiecte_Cercetare\FurduI\FSM_Achizitie\emi_dataset_analysis_windows\data\20260825_163306\synchronized_measurements.csv,31,2026-08-25 13:57:07+00:00,328.0,59.3,-3.128,,local_shading,,local shading event,True,True,True
20260825_163306,C:\Users\Sorin\OneDrive - Universitatea Vasile Alecsandri Bacau\Proiecte_Cercetare\FurduI\FSM_Achizitie\emi_dataset_analysis_windows\data\20260825_163306\synchronized_measurements.csv,32,2026-08-25 13:58:07+00:00,328.0,59.5,-3.092,,local_shading,,local shading event,True,True,True
20260825_163306,C:\Users\Sorin\OneDrive - Universitatea Vasile Alecsandri Bacau\Proiecte_Cercetare\FurduI\FSM_Achizitie\emi_dataset_analysis_windows\data\20260825_163306\synchronized_measurements.csv,33,2026-08-25 13:58:37+00:00,327.0,59.8,-3.08,,local_shading,,local shading event,True,True,True
20260825_163306,C:\Users\Sorin\OneDrive - Universitatea Vasile Alecsandri Bacau\Proiecte_Cercetare\FurduI\FSM_Achizitie\emi_dataset_analysis_windows\data\20260825_163306\synchronized_measurements.csv,34,2026-08-25 13:59:37+00:00,37.0,56.2,-3.043,,local_shading,,local shading event,True,True,True
20260825_163306,C:\Users\Sorin\OneDrive - Universitatea Vasile Alecsandri Bacau\Proiecte_Cercetare\FurduI\FSM_Achizitie\emi_dataset_analysis_windows\data\20260825_163306\synchronized_measurements.csv,35,2026-08-25 14:00:07+00:00,317.0,57.9,-3.025,,local_shading,,local shading event,True,True,True
20260825_163306,C:\Users\Sorin\OneDrive - Universitatea Vasile Alecsandri Bacau\Proiecte_Cercetare\FurduI\FSM_Achizitie\emi_dataset_analysis_windows\data\20260825_163306\synchronized_measurements.csv,36,2026-08-25 14:00:37+00:00,38.0,55.9,-3.008,,local_shading,,local shading event,True,True,True
20260825_163306,C:\Users\Sorin\OneDrive - Universitatea Vasile Alecsandri Bacau\Proiecte_Cercetare\FurduI\FSM_Achizitie\emi_dataset_analysis_windows\data\20260825_163306\synchronized_measurements.csv,37,2026-08-25 14:01:07+00:00,307.0,55.9,-3.0,,local_shading,,local shading event,True,True,True
20260825_163306,C:\Users\Sorin\OneDrive - Universitatea Vasile Alecsandri Bacau\Proiecte_Cercetare\FurduI\FSM_Achizitie\emi_dataset_analysis_windows\data\20260825_163306\synchronized_measurements.csv,38,2026-08-25 14:01:37+00:00,286.0,53.2,-2.985,,local_shading,,local shading event,True,True,True
20260825_163306,C:\Users\Sorin\OneDrive - Universitatea Vasile Alecsandri Bacau\Proiecte_Cercetare\FurduI\FSM_Achizitie\emi_dataset_analysis_windows\data\20260825_163306\synchronized_measurements.csv,39,2026-08-25 14:02:07+00:00,226.0,41.8,-2.965,,local_shading,,local shading event,True,True,True
20260825_163306,C:\Users\Sorin\OneDrive - Universitatea Vasile Alecsandri Bacau\Proiecte_Cercetare\FurduI\FSM_Achizitie\emi_dataset_analysis_windows\data\20260825_163306\synchronized_measurements.csv,40,2026-08-25 14:02:37+00:00,188.0,34.4,-2.95,,local_shading,,local shading event,True,True,True
20260825_163306,C:\Users\Sorin\OneDrive - Universitatea Vasile Alecsandri Bacau\Proiecte_Cercetare\FurduI\FSM_Achizitie\emi_dataset_analysis_windows\data\20260825_163306\synchronized_measurements.csv,41,2026-08-25 14:03:37+00:00,188.0,34.9,-2.745,,local_shading,,local shading event,True,True,True
20260825_163306,C:\Users\Sorin\OneDrive - Universitatea Vasile Alecsandri Bacau\Proiecte_Cercetare\FurduI\FSM_Achizitie\emi_dataset_analysis_windows\data\20260825_163306\synchronized_measurements.csv,42,2026-08-25 14:05:07+00:00,255.0,45.0,-2.871,,local_shading,,local shading event,True,True,True
20260825_163306,C:\Users\Sorin\OneDrive - Universitatea Vasile Alecsandri Bacau\Proiecte_Cercetare\FurduI\FSM_Achizitie\emi_dataset_analysis_windows\data\20260825_163306\synchronized_measurements.csv,43,2026-08-25 14:06:37+00:00,269.0,49.3,-2.818,,local_shading,,local shading event,True,True,True
20260825_163306,C:\Users\Sorin\OneDrive - Universitatea Vasile Alecsandri Bacau\Proiecte_Cercetare\FurduI\FSM_Achizitie\emi_dataset_analysis_windows\data\20260825_163306\synchronized_measurements.csv,44,2026-08-25 14:07:37+00:00,259.0,47.3,-2.784,,local_shading,,local shading event,True,True,True
20260825_163306,C:\Users\Sorin\OneDrive - Universitatea Vasile Alecsandri Bacau\Proiecte_Cercetare\FurduI\FSM_Achizitie\emi_dataset_analysis_windows\data\20260825_163306\synchronized_measurements.csv,45,2026-08-25 14:08:07+00:00,255.0,47.1,-2.769,,local_shading,,local shading event,True,True,True
20260825_163306,C:\Users\Sorin\OneDrive - Universitatea Vasile Alecsandri Bacau\Proiecte_Cercetare\FurduI\FSM_Achizitie\emi_dataset_analysis_windows\data\20260825_163306\synchronized_measurements.csv,46,2026-08-25 14:08:37+00:00,213.0,43.7,-2.753,,local_shading,,local shading event,True,True,True
20260825_163306,C:\Users\Sorin\OneDrive - Universitatea Vasile Alecsandri Bacau\Proiecte_Cercetare\FurduI\FSM_Achizitie\emi_dataset_analysis_windows\data\20260825_163306\synchronized_measurements.csv,47,2026-08-25 14:09:07+00:00,215.0,38.5,-2.745,,local_shading,,local shading event,True,True,True
20260825_163306,C:\Users\Sorin\OneDrive - Universitatea Vasile Alecsandri Bacau\Proiecte_Cercetare\FurduI\FSM_Achizitie\emi_dataset_analysis_windows\data\20260825_163306\synchronized_measurements.csv,48,2026-08-25 14:09:37+00:00,207.0,38.4,-2.725,,local_shading,,local shading event,True,True,True
20260825_163306,C:\Users\Sorin\OneDrive - Universitatea Vasile Alecsandri Bacau\Proiecte_Cercetare\FurduI\FSM_Achizitie\emi_dataset_analysis_windows\data\20260825_163306\synchronized_measurements.csv,49,2026-08-25 14:10:07+00:00,215.0,41.9,-2.707,,local_shading,,local shading event,True,True,True
20260825_163306,C:\Users\Sorin\OneDrive - Universitatea Vasile Alecsandri Bacau\Proiecte_Cercetare\FurduI\FSM_Achizitie\emi_dataset_analysis_windows\data\20260825_163306\synchronized_measurements.csv,50,2026-08-25 14:11:07+00:00,228.0,41.4,-2.673,,local_shading,,local shading event,True,True,True
20260825_163306,C:\Users\Sorin\OneDrive - Universitatea Vasile Alecsandri Bacau\Proiecte_Cercetare\FurduI\FSM_Achizitie\emi_dataset_analysis_windows\data\20260825_163306\synchronized_measurements.csv,51,2026-08-25 14:12:37+00:00,216.0,38.8,-2.627,,local_shading,,local shading event,True,True,True
20260825_163306,C:\Users\Sorin\OneDrive - Universitatea Vasile Alecsandri Bacau\Proiecte_Cercetare\FurduI\FSM_Achizitie\emi_dataset_analysis_windows\data\20260825_163306\synchronized_measurements.csv,52,2026-08-25 14:13:07+00:00,224.0,41.4,-2.607,,local_shading,,local shading event,True,True,True
20260825_163306,C:\Users\Sorin\OneDrive - Universitatea Vasile Alecsandri Bacau\Proiecte_Cercetare\FurduI\FSM_Achizitie\emi_dataset_analysis_windows\data\20260825_163306\synchronized_measurements.csv,53,2026-08-25 14:13:37+00:00,218.0,40.4,-2.585,,local_shading,,local shading event,True,True,True
20260825_163306,C:\Users\Sorin\OneDrive - Universitatea Vasile Alecsandri Bacau\Proiecte_Cercetare\FurduI\FSM_Achizitie\emi_dataset_analysis_windows\data\20260825_163306\synchronized_measurements.csv,54,2026-08-25 14:14:37+00:00,219.0,40.7,-2.552,,local_shading,,local shading event,True,True,True
20260825_163306,C:\Users\Sorin\OneDrive - Universitatea Vasile Alecsandri Bacau\Proiecte_Cercetare\FurduI\FSM_Achizitie\emi_dataset_analysis_windows\data\20260825_163306\synchronized_measurements.csv,55,2026-08-25 14:15:37+00:00,206.0,38.3,-2.518,,local_shading,,local shading event,True,True,True
20260825_163306,C:\Users\Sorin\OneDrive - Universitatea Vasile Alecsandri Bacau\Proiecte_Cercetare\FurduI\FSM_Achizitie\emi_dataset_analysis_windows\data\20260825_163306\synchronized_measurements.csv,56,2026-08-25 14:16:37+00:00,204.0,37.3,-2.481,,local_shading,,local shading event,True,True,True
20260825_163306,C:\Users\Sorin\OneDrive - Universitatea Vasile Alecsandri Bacau\Proiecte_Cercetare\FurduI\FSM_Achizitie\emi_dataset_analysis_windows\data\20260825_163306\synchronized_measurements.csv,57,2026-08-25 14:17:07+00:00,219.0,40.5,-2.284,,local_shading,,local shading event,True,True,True
20260825_163306,C:\Users\Sorin\OneDrive - Universitatea Vasile Alecsandri Bacau\Proiecte_Cercetare\FurduI\FSM_Achizitie\emi_dataset_analysis_windows\data\20260825_163306\synchronized_measurements.csv,58,2026-08-25 14:17:37+00:00,226.0,41.7,-2.444,,local_shading,,local shading event,True,True,True
20260825_163306,C:\Users\Sorin\OneDrive - Universitatea Vasile Alecsandri Bacau\Proiecte_Cercetare\FurduI\FSM_Achizitie\emi_dataset_analysis_windows\data\20260825_163306\synchronized_measurements.csv,59,2026-08-25 14:18:07+00:00,237.0,42.5,-2.419,,local_shading,,local shading event,True,True,True
20260825_163306,C:\Users\Sorin\OneDrive - Universitatea Vasile Alecsandri Bacau\Proiecte_Cercetare\FurduI\FSM_Achizitie\emi_dataset_analysis_windows\data\20260825_163306\synchronized_measurements.csv,60,2026-08-25 14:18:37+00:00,247.0,43.6,-2.404,,local_shading,,local shading event,True,True,True
20260825_163306,C:\Users\Sorin\OneDrive - Universitatea Vasile Alecsandri Bacau\Proiecte_Cercetare\FurduI\FSM_Achizitie\emi_dataset_analysis_windows\data\20260825_163306\synchronized_measurements.csv,61,2026-08-25 14:19:07+00:00,237.0,42.7,-2.381,,local_shading,,local shading event,True,True,True
20260825_163306,C:\Users\Sorin\OneDrive - Universitatea Vasile Alecsandri Bacau\Proiecte_Cercetare\FurduI\FSM_Achizitie\emi_dataset_analysis_windows\data\20260825_163306\synchronized_measurements.csv,62,2026-08-25 14:20:07+00:00,228.0,40.8,-2.343,,local_shading,,local shading event,True,True,True
20260825_163306,C:\Users\Sorin\OneDrive - Universitatea Vasile Alecsandri Bacau\Proiecte_Cercetare\FurduI\FSM_Achizitie\emi_dataset_analysis_windows\data\20260825_163306\synchronized_measurements.csv,63,2026-08-25 14:21:07+00:00,237.0,41.0,-2.314,,local_shading,,local shading event,True,True,True
20260825_163306,C:\Users\Sorin\OneDrive - Universitatea Vasile Alecsandri Bacau\Proiecte_Cercetare\FurduI\FSM_Achizitie\emi_dataset_analysis_windows\data\20260825_163306\synchronized_measurements.csv,64,2026-08-25 14:21:37+00:00,236.0,40.8,-2.294,,local_shading,,local shading event,True,True,True
20260825_163306,C:\Users\Sorin\OneDrive - Universitatea Vasile Alecsandri Bacau\Proiecte_Cercetare\FurduI\FSM_Achizitie\emi_dataset_analysis_windows\data\20260825_163306\synchronized_measurements.csv,65,2026-08-25 14:22:07+00:00,228.0,40.5,-2.273,,local_shading,,local shading event,True,True,True
20260825_163306,C:\Users\Sorin\OneDrive - Universitatea Vasile Alecsandri Bacau\Proiecte_Cercetare\FurduI\FSM_Achizitie\emi_dataset_analysis_windows\data\20260825_163306\synchronized_measurements.csv,66,2026-08-25 14:23:37+00:00,204.0,37.7,-2.233,,local_shading,,local shading event,True,True,True
20260825_163306,C:\Users\Sorin\OneDrive - Universitatea Vasile Alecsandri Bacau\Proiecte_Cercetare\FurduI\FSM_Achizitie\emi_dataset_analysis_windows\data\20260825_163306\synchronized_measurements.csv,67,2026-08-25 14:24:07+00:00,196.0,38.09,-2.216,,local_shading,,local shading event,True,True,True
20260825_163306,C:\Users\Sorin\OneDrive - Universitatea Vasile Alecsandri Bacau\Proiecte_Cercetare\FurduI\FSM_Achizitie\emi_dataset_analysis_windows\data\20260825_163306\synchronized_measurements.csv,68,2026-08-25 14:26:07+00:00,51.0,43.4,-2.148,,local_shading,,local shading event,True,True,True
20260825_163306,C:\Users\Sorin\OneDrive - Universitatea Vasile Alecsandri Bacau\Proiecte_Cercetare\FurduI\FSM_Achizitie\emi_dataset_analysis_windows\data\20260825_163306\synchronized_measurements.csv,69,2026-08-25 14:27:07+00:00,59.0,44.7,-2.122,,local_shading,,local shading event,True,True,True
20260825_163306,C:\Users\Sorin\OneDrive - Universitatea Vasile Alecsandri Bacau\Proiecte_Cercetare\FurduI\FSM_Achizitie\emi_dataset_analysis_windows\data\20260825_163306\synchronized_measurements.csv,70,2026-08-25 14:27:37+00:00,59.0,43.8,-2.098,,local_shading,,local shading event,True,True,True
20260825_163306,C:\Users\Sorin\OneDrive - Universitatea Vasile Alecsandri Bacau\Proiecte_Cercetare\FurduI\FSM_Achizitie\emi_dataset_analysis_windows\data\20260825_163306\synchronized_measurements.csv,71,2026-08-25 14:28:07+00:00,93.0,44.9,-2.075,,local_shading,,local shading event,True,True,True
20260825_163306,C:\Users\Sorin\OneDrive - Universitatea Vasile Alecsandri Bacau\Proiecte_Cercetare\FurduI\FSM_Achizitie\emi_dataset_analysis_windows\data\20260825_163306\synchronized_measurements.csv,72,2026-08-25 14:28:37+00:00,29.0,40.4,-2.055,,local_shading,,local shading event,True,True,True
20260825_163306,C:\Users\Sorin\OneDrive - Universitatea Vasile Alecsandri Bacau\Proiecte_Cercetare\FurduI\FSM_Achizitie\emi_dataset_analysis_windows\data\20260825_163306\synchronized_measurements.csv,73,2026-08-25 14:29:37+00:00,49.0,39.4,-2.016,,local_shading,,local shading event,True,True,True
20260825_163306,C:\Users\Sorin\OneDrive - Universitatea Vasile Alecsandri Bacau\Proiecte_Cercetare\FurduI\FSM_Achizitie\emi_dataset_analysis_windows\data\20260825_163306\synchronized_measurements.csv,74,2026-08-25 14:30:07+00:00,35.0,39.09,-1.995,,local_shading,,local shading event,True,True,True
20260825_163306,C:\Users\Sorin\OneDrive - Universitatea Vasile Alecsandri Bacau\Proiecte_Cercetare\FurduI\FSM_Achizitie\emi_dataset_analysis_windows\data\20260825_163306\synchronized_measurements.csv,75,2026-08-25 14:30:37+00:00,89.0,42.0,-1.841,,local_shading,,local shading event,True,True,True
20260825_163306,C:\Users\Sorin\OneDrive - Universitatea Vasile Alecsandri Bacau\Proiecte_Cercetare\FurduI\FSM_Achizitie\emi_dataset_analysis_windows\data\20260825_163306\synchronized_measurements.csv,76,2026-08-25 14:31:07+00:00,28.0,36.2,-1.957,,local_shading,,local shading event,True,True,True
20260825_163306,C:\Users\Sorin\OneDrive - Universitatea Vasile Alecsandri Bacau\Proiecte_Cercetare\FurduI\FSM_Achizitie\emi_dataset_analysis_windows\data\20260825_163306\synchronized_measurements.csv,77,2026-08-25 14:31:37+00:00,28.0,37.3,-1.936,,local_shading,,local shading event,True,True,True
20260825_163306,C:\Users\Sorin\OneDrive - Universitatea Vasile Alecsandri Bacau\Proiecte_Cercetare\FurduI\FSM_Achizitie\emi_dataset_analysis_windows\data\20260825_163306\synchronized_measurements.csv,78,2026-08-25 14:32:07+00:00,39.0,34.8,-1.916,,local_shading,,local shading event,True,True,True
20260825_163306,C:\Users\Sorin\OneDrive - Universitatea Vasile Alecsandri Bacau\Proiecte_Cercetare\FurduI\FSM_Achizitie\emi_dataset_analysis_windows\data\20260825_163306\synchronized_measurements.csv,79,2026-08-25 14:32:37+00:00,26.0,36.5,-1.897,,local_shading,,local shading event,True,True,True
20260825_163306,C:\Users\Sorin\OneDrive - Universitatea Vasile Alecsandri Bacau\Proiecte_Cercetare\FurduI\FSM_Achizitie\emi_dataset_analysis_windows\data\20260825_163306\synchronized_measurements.csv,80,2026-08-25 14:33:07+00:00,26.0,35.9,-1.874,,local_shading,,local shading event,True,True,True
20260825_163306,C:\Users\Sorin\OneDrive - Universitatea Vasile Alecsandri Bacau\Proiecte_Cercetare\FurduI\FSM_Achizitie\emi_dataset_analysis_windows\data\20260825_163306\synchronized_measurements.csv,81,2026-08-25 14:33:37+00:00,212.0,8.7,-1.857,,local_shading,,local shading event,True,True,True
20260825_163306,C:\Users\Sorin\OneDrive - Universitatea Vasile Alecsandri Bacau\Proiecte_Cercetare\FurduI\FSM_Achizitie\emi_dataset_analysis_windows\data\20260825_163306\synchronized_measurements.csv,82,2026-08-25 14:34:07+00:00,210.0,40.8,-1.84,,local_shading,,local shading event,True,True,True
20260825_163306,C:\Users\Sorin\OneDrive - Universitatea Vasile Alecsandri Bacau\Proiecte_Cercetare\FurduI\FSM_Achizitie\emi_dataset_analysis_windows\data\20260825_163306\synchronized_measurements.csv,83,2026-08-25 14:34:37+00:00,209.0,40.9,-1.822,,local_shading,,local shading event,True,True,True
20260825_163306,C:\Users\Sorin\OneDrive - Universitatea Vasile Alecsandri Bacau\Proiecte_Cercetare\FurduI\FSM_Achizitie\emi_dataset_analysis_windows\data\20260825_163306\synchronized_measurements.csv,84,2026-08-25 14:35:07+00:00,207.0,40.5,-1.796,,local_shading,,local shading event,True,True,True
20260825_163306,C:\Users\Sorin\OneDrive - Universitatea Vasile Alecsandri Bacau\Proiecte_Cercetare\FurduI\FSM_Achizitie\emi_dataset_analysis_windows\data\20260825_163306\synchronized_measurements.csv,85,2026-08-25 14:35:37+00:00,205.0,40.09,-1.775,,local_shading,,local shading event,True,True,True
20260825_163306,C:\Users\Sorin\OneDrive - Universitatea Vasile Alecsandri Bacau\Proiecte_Cercetare\FurduI\FSM_Achizitie\emi_dataset_analysis_windows\data\20260825_163306\synchronized_measurements.csv,86,2026-08-25 14:36:07+00:00,202.0,39.8,-1.759,,local_shading,,local shading event,True,True,True
20260825_173650,C:\Users\Sorin\OneDrive - Universitatea Vasile Alecsandri Bacau\Proiecte_Cercetare\FurduI\FSM_Achizitie\emi_dataset_analysis_windows\data\20260825_173650\synchronized_measurements.csv,2,2026-08-20 06:15:08+00:00,335.0,61.6,0.277,,unknown,,No metadata entry,True,True,True
20260825_173650,C:\Users\Sorin\OneDrive - Universitatea Vasile Alecsandri Bacau\Proiecte_Cercetare\FurduI\FSM_Achizitie\emi_dataset_analysis_windows\data\20260825_173650\synchronized_measurements.csv,3,2026-08-20 06:15:38+00:00,337.0,61.9,0.299,,unknown,,No metadata entry,True,True,True
20260825_173650,C:\Users\Sorin\OneDrive - Universitatea Vasile Alecsandri Bacau\Proiecte_Cercetare\FurduI\FSM_Achizitie\emi_dataset_analysis_windows\data\20260825_173650\synchronized_measurements.csv,4,2026-08-20 06:16:08+00:00,338.0,62.1,0.388,,unknown,,No metadata entry,True,True,True
20260825_173650,C:\Users\Sorin\OneDrive - Universitatea Vasile Alecsandri Bacau\Proiecte_Cercetare\FurduI\FSM_Achizitie\emi_dataset_analysis_windows\data\20260825_173650\synchronized_measurements.csv,5,2026-08-20 06:16:38+00:00,340.0,62.3,0.586,,unknown,,No metadata entry,True,True,True
20260825_173650,C:\Users\Sorin\OneDrive - Universitatea Vasile Alecsandri Bacau\Proiecte_Cercetare\FurduI\FSM_Achizitie\emi_dataset_analysis_windows\data\20260825_173650\synchronized_measurements.csv,6,2026-08-20 06:17:08+00:00,341.0,62.7,0.355,,unknown,,No metadata entry,True,True,True
20260825_173650,C:\Users\Sorin\OneDrive - Universitatea Vasile Alecsandri Bacau\Proiecte_Cercetare\FurduI\FSM_Achizitie\emi_dataset_analysis_windows\data\20260825_173650\synchronized_measurements.csv,7,2026-08-20 06:17:38+00:00,342.0,63.2,0.371,,unknown,,No metadata entry,True,True,True
20260825_173650,C:\Users\Sorin\OneDrive - Universitatea Vasile Alecsandri Bacau\Proiecte_Cercetare\FurduI\FSM_Achizitie\emi_dataset_analysis_windows\data\20260825_173650\synchronized_measurements.csv,8,2026-08-20 06:18:08+00:00,343.0,63.1,0.39,,unknown,,No metadata entry,True,True,True
20260825_173650,C:\Users\Sorin\OneDrive - Universitatea Vasile Alecsandri Bacau\Proiecte_Cercetare\FurduI\FSM_Achizitie\emi_dataset_analysis_windows\data\20260825_173650\synchronized_measurements.csv,9,2026-08-20 06:18:38+00:00,346.0,63.3,0.41,,unknown,,No metadata entry,True,True,True
20260825_173650,C:\Users\Sorin\OneDrive - Universitatea Vasile Alecsandri Bacau\Proiecte_Cercetare\FurduI\FSM_Achizitie\emi_dataset_analysis_windows\data\20260825_173650\synchronized_measurements.csv,10,2026-08-20 06:19:08+00:00,347.0,63.7,0.433,,unknown,,No metadata entry,True,True,True
20260825_173650,C:\Users\Sorin\OneDrive - Universitatea Vasile Alecsandri Bacau\Proiecte_Cercetare\FurduI\FSM_Achizitie\emi_dataset_analysis_windows\data\20260825_173650\synchronized_measurements.csv,11,2026-08-20 06:19:38+00:00,348.0,63.9,0.453,,unknown,,No metadata entry,True,True,True
20260825_173650,C:\Users\Sorin\OneDrive - Universitatea Vasile Alecsandri Bacau\Proiecte_Cercetare\FurduI\FSM_Achizitie\emi_dataset_analysis_windows\data\20260825_173650\synchronized_measurements.csv,12,2026-08-20 06:20:08+00:00,355.0,63.9,0.465,,unknown,,No metadata entry,True,True,True
20260825_173650,C:\Users\Sorin\OneDrive - Universitatea Vasile Alecsandri Bacau\Proiecte_Cercetare\FurduI\FSM_Achizitie\emi_dataset_analysis_windows\data\20260825_173650\synchronized_measurements.csv,13,2026-08-20 06:20:38+00:00,356.0,64.3,0.478,,unknown,,No metadata entry,True,True,True
20260825_173650,C:\Users\Sorin\OneDrive - Universitatea Vasile Alecsandri Bacau\Proiecte_Cercetare\FurduI\FSM_Achizitie\emi_dataset_analysis_windows\data\20260825_173650\synchronized_measurements.csv,14,2026-08-20 06:21:08+00:00,356.0,64.6,0.498,,unknown,,No metadata entry,True,True,True
20260825_173650,C:\Users\Sorin\OneDrive - Universitatea Vasile Alecsandri Bacau\Proiecte_Cercetare\FurduI\FSM_Achizitie\emi_dataset_analysis_windows\data\20260825_173650\synchronized_measurements.csv,15,2026-08-20 06:21:38+00:00,358.0,64.69,0.521,,unknown,,No metadata entry,True,True,True
20260825_173650,C:\Users\Sorin\OneDrive - Universitatea Vasile Alecsandri Bacau\Proiecte_Cercetare\FurduI\FSM_Achizitie\emi_dataset_analysis_windows\data\20260825_173650\synchronized_measurements.csv,16,2026-08-20 06:22:08+00:00,360.0,65.1,0.545,,unknown,,No metadata entry,True,True,True
20260825_173650,C:\Users\Sorin\OneDrive - Universitatea Vasile Alecsandri Bacau\Proiecte_Cercetare\FurduI\FSM_Achizitie\emi_dataset_analysis_windows\data\20260825_173650\synchronized_measurements.csv,17,2026-08-20 06:22:38+00:00,361.0,65.3,0.556,,unknown,,No metadata entry,True,True,True
20260825_173650,C:\Users\Sorin\OneDrive - Universitatea Vasile Alecsandri Bacau\Proiecte_Cercetare\FurduI\FSM_Achizitie\emi_dataset_analysis_windows\data\20260825_173650\synchronized_measurements.csv,18,2026-08-20 06:23:08+00:00,363.0,65.6,0.58,,unknown,,No metadata entry,True,True,True
20260825_173650,C:\Users\Sorin\OneDrive - Universitatea Vasile Alecsandri Bacau\Proiecte_Cercetare\FurduI\FSM_Achizitie\emi_dataset_analysis_windows\data\20260825_173650\synchronized_measurements.csv,19,2026-08-20 06:23:38+00:00,364.0,65.8,0.59,,unknown,,No metadata entry,True,True,True
20260825_173650,C:\Users\Sorin\OneDrive - Universitatea Vasile Alecsandri Bacau\Proiecte_Cercetare\FurduI\FSM_Achizitie\emi_dataset_analysis_windows\data\20260825_173650\synchronized_measurements.csv,20,2026-08-20 06:24:08+00:00,365.0,66.1,0.604,,unknown,,No metadata entry,True,True,True
20260825_173650,C:\Users\Sorin\OneDrive - Universitatea Vasile Alecsandri Bacau\Proiecte_Cercetare\FurduI\FSM_Achizitie\emi_dataset_analysis_windows\data\20260825_173650\synchronized_measurements.csv,21,2026-08-20 06:24:38+00:00,366.0,66.3,0.623,,unknown,,No metadata entry,True,True,True
20260825_173650,C:\Users\Sorin\OneDrive - Universitatea Vasile Alecsandri Bacau\Proiecte_Cercetare\FurduI\FSM_Achizitie\emi_dataset_analysis_windows\data\20260825_173650\synchronized_measurements.csv,22,2026-08-20 06:25:08+00:00,368.0,66.5,0.647,,unknown,,No metadata entry,True,True,True
20260825_173650,C:\Users\Sorin\OneDrive - Universitatea Vasile Alecsandri Bacau\Proiecte_Cercetare\FurduI\FSM_Achizitie\emi_dataset_analysis_windows\data\20260825_173650\synchronized_measurements.csv,23,2026-08-20 06:25:38+00:00,370.0,66.9,0.666,,unknown,,No metadata entry,True,True,True
20260825_173650,C:\Users\Sorin\OneDrive - Universitatea Vasile Alecsandri Bacau\Proiecte_Cercetare\FurduI\FSM_Achizitie\emi_dataset_analysis_windows\data\20260825_173650\synchronized_measurements.csv,24,2026-08-20 06:26:08+00:00,371.0,67.0,0.689,,unknown,,No metadata entry,True,True,True
20260825_173650,C:\Users\Sorin\OneDrive - Universitatea Vasile Alecsandri Bacau\Proiecte_Cercetare\FurduI\FSM_Achizitie\emi_dataset_analysis_windows\data\20260825_173650\synchronized_measurements.csv,25,2026-08-20 06:26:38+00:00,372.0,67.3,0.712,,unknown,,No metadata entry,True,True,True
20260825_173650,C:\Users\Sorin\OneDrive - Universitatea Vasile Alecsandri Bacau\Proiecte_Cercetare\FurduI\FSM_Achizitie\emi_dataset_analysis_windows\data\20260825_173650\synchronized_measurements.csv,26,2026-08-20 06:27:08+00:00,375.0,67.5,0.734,,unknown,,No metadata entry,True,True,True
20260825_173650,C:\Users\Sorin\OneDrive - Universitatea Vasile Alecsandri Bacau\Proiecte_Cercetare\FurduI\FSM_Achizitie\emi_dataset_analysis_windows\data\20260825_173650\synchronized_measurements.csv,27,2026-08-20 06:27:38+00:00,376.0,67.9,0.757,,unknown,,No metadata entry,True,True,True
20260825_173650,C:\Users\Sorin\OneDrive - Universitatea Vasile Alecsandri Bacau\Proiecte_Cercetare\FurduI\FSM_Achizitie\emi_dataset_analysis_windows\data\20260825_173650\synchronized_measurements.csv,28,2026-08-20 06:28:08+00:00,377.0,68.0,0.774,,unknown,,No metadata entry,True,True,True
20260825_173650,C:\Users\Sorin\OneDrive - Universitatea Vasile Alecsandri Bacau\Proiecte_Cercetare\FurduI\FSM_Achizitie\emi_dataset_analysis_windows\data\20260825_173650\synchronized_measurements.csv,29,2026-08-20 06:28:38+00:00,379.0,68.4,0.799,,unknown,,No metadata entry,True,True,True
20260825_173650,C:\Users\Sorin\OneDrive - Universitatea Vasile Alecsandri Bacau\Proiecte_Cercetare\FurduI\FSM_Achizitie\emi_dataset_analysis_windows\data\20260825_173650\synchronized_measurements.csv,30,2026-08-20 06:29:08+00:00,381.0,68.69,0.812,,unknown,,No metadata entry,True,True,True
20260825_173650,C:\Users\Sorin\OneDrive - Universitatea Vasile Alecsandri Bacau\Proiecte_Cercetare\FurduI\FSM_Achizitie\emi_dataset_analysis_windows\data\20260825_173650\synchronized_measurements.csv,31,2026-08-20 06:29:38+00:00,381.0,68.9,0.834,,unknown,,No metadata entry,True,True,True
20260825_173650,C:\Users\Sorin\OneDrive - Universitatea Vasile Alecsandri Bacau\Proiecte_Cercetare\FurduI\FSM_Achizitie\emi_dataset_analysis_windows\data\20260825_173650\synchronized_measurements.csv,32,2026-08-20 06:30:08+00:00,384.0,69.1,0.917,,unknown,,No metadata entry,True,True,True
20260825_173650,C:\Users\Sorin\OneDrive - Universitatea Vasile Alecsandri Bacau\Proiecte_Cercetare\FurduI\FSM_Achizitie\emi_dataset_analysis_windows\data\20260825_173650\synchronized_measurements.csv,33,2026-08-20 06:30:38+00:00,384.0,69.3,1.116,,unknown,,No metadata entry,True,True,True
20260825_173650,C:\Users\Sorin\OneDrive - Universitatea Vasile Alecsandri Bacau\Proiecte_Cercetare\FurduI\FSM_Achizitie\emi_dataset_analysis_windows\data\20260825_173650\synchronized_measurements.csv,34,2026-08-20 06:31:08+00:00,386.0,69.69,0.876,,unknown,,No metadata entry,True,True,True
20260825_173650,C:\Users\Sorin\OneDrive - Universitatea Vasile Alecsandri Bacau\Proiecte_Cercetare\FurduI\FSM_Achizitie\emi_dataset_analysis_windows\data\20260825_173650\synchronized_measurements.csv,35,2026-08-20 06:31:38+00:00,388.0,69.9,0.897,,unknown,,No metadata entry,True,True,True
20260825_173650,C:\Users\Sorin\OneDrive - Universitatea Vasile Alecsandri Bacau\Proiecte_Cercetare\FurduI\FSM_Achizitie\emi_dataset_analysis_windows\data\20260825_173650\synchronized_measurements.csv,36,2026-08-20 06:32:08+00:00,389.0,70.1,0.919,,unknown,,No metadata entry,True,True,True
20260825_173650,C:\Users\Sorin\OneDrive - Universitatea Vasile Alecsandri Bacau\Proiecte_Cercetare\FurduI\FSM_Achizitie\emi_dataset_analysis_windows\data\20260825_173650\synchronized_measurements.csv,37,2026-08-20 06:32:38+00:00,389.0,70.3,0.935,,unknown,,No metadata entry,True,True,True
20260825_173650,C:\Users\Sorin\OneDrive - Universitatea Vasile Alecsandri Bacau\Proiecte_Cercetare\FurduI\FSM_Achizitie\emi_dataset_analysis_windows\data\20260825_173650\synchronized_measurements.csv,38,2026-08-20 06:33:08+00:00,392.0,70.6,0.956,,unknown,,No metadata entry,True,True,True
20260825_173650,C:\Users\Sorin\OneDrive - Universitatea Vasile Alecsandri Bacau\Proiecte_Cercetare\FurduI\FSM_Achizitie\emi_dataset_analysis_windows\data\20260825_173650\synchronized_measurements.csv,39,2026-08-20 06:33:38+00:00,392.0,70.69,0.97,,unknown,,No metadata entry,True,True,True
20260825_173650,C:\Users\Sorin\OneDrive - Universitatea Vasile Alecsandri Bacau\Proiecte_Cercetare\FurduI\FSM_Achizitie\emi_dataset_analysis_windows\data\20260825_173650\synchronized_measurements.csv,40,2026-08-20 06:34:08+00:00,394.0,71.1,0.995,,unknown,,No metadata entry,True,True,True
20260825_173650,C:\Users\Sorin\OneDrive - Universitatea Vasile Alecsandri Bacau\Proiecte_Cercetare\FurduI\FSM_Achizitie\emi_dataset_analysis_windows\data\20260825_173650\synchronized_measurements.csv,41,2026-08-20 06:34:38+00:00,396.0,71.3,1.264,,unknown,,No metadata entry,True,True,True
20260825_173650,C:\Users\Sorin\OneDrive - Universitatea Vasile Alecsandri Bacau\Proiecte_Cercetare\FurduI\FSM_Achizitie\emi_dataset_analysis_windows\data\20260825_173650\synchronized_measurements.csv,42,2026-08-20 06:35:08+00:00,397.0,71.6,1.196,,unknown,,No metadata entry,True,True,True
20260825_173650,C:\Users\Sorin\OneDrive - Universitatea Vasile Alecsandri Bacau\Proiecte_Cercetare\FurduI\FSM_Achizitie\emi_dataset_analysis_windows\data\20260825_173650\synchronized_measurements.csv,43,2026-08-20 06:35:38+00:00,398.0,71.69,1.222,,unknown,,No metadata entry,True,True,True
20260825_173650,C:\Users\Sorin\OneDrive - Universitatea Vasile Alecsandri Bacau\Proiecte_Cercetare\FurduI\FSM_Achizitie\emi_dataset_analysis_windows\data\20260825_173650\synchronized_measurements.csv,44,2026-08-20 06:36:08+00:00,400.0,72.1,1.238,,unknown,,No metadata entry,True,True,True
20260825_173650,C:\Users\Sorin\OneDrive - Universitatea Vasile Alecsandri Bacau\Proiecte_Cercetare\FurduI\FSM_Achizitie\emi_dataset_analysis_windows\data\20260825_173650\synchronized_measurements.csv,45,2026-08-20 06:36:38+00:00,401.0,72.3,1.268,,unknown,,No metadata entry,True,True,True
20260825_173650,C:\Users\Sorin\OneDrive - Universitatea Vasile Alecsandri Bacau\Proiecte_Cercetare\FurduI\FSM_Achizitie\emi_dataset_analysis_windows\data\20260825_173650\synchronized_measurements.csv,46,2026-08-20 06:37:08+00:00,402.0,72.6,1.282,,unknown,,No metadata entry,True,True,True
20260825_173650,C:\Users\Sorin\OneDrive - Universitatea Vasile Alecsandri Bacau\Proiecte_Cercetare\FurduI\FSM_Achizitie\emi_dataset_analysis_windows\data\20260825_173650\synchronized_measurements.csv,47,2026-08-20 06:37:38+00:00,404.0,72.69,1.306,,unknown,,No metadata entry,True,True,True
20260825_173650,C:\Users\Sorin\OneDrive - Universitatea Vasile Alecsandri Bacau\Proiecte_Cercetare\FurduI\FSM_Achizitie\emi_dataset_analysis_windows\data\20260825_173650\synchronized_measurements.csv,48,2026-08-20 06:38:08+00:00,405.0,72.9,1.321,,unknown,,No metadata entry,True,True,True
20260825_173650,C:\Users\Sorin\OneDrive - Universitatea Vasile Alecsandri Bacau\Proiecte_Cercetare\FurduI\FSM_Achizitie\emi_dataset_analysis_windows\data\20260825_173650\synchronized_measurements.csv,49,2026-08-20 06:38:38+00:00,407.0,73.3,1.347,,unknown,,No metadata entry,True,True,True
20260825_173650,C:\Users\Sorin\OneDrive - Universitatea Vasile Alecsandri Bacau\Proiecte_Cercetare\FurduI\FSM_Achizitie\emi_dataset_analysis_windows\data\20260825_173650\synchronized_measurements.csv,50,2026-08-20 06:39:08+00:00,408.0,73.3,1.369,,unknown,,No metadata entry,True,True,True
20260825_173650,C:\Users\Sorin\OneDrive - Universitatea Vasile Alecsandri Bacau\Proiecte_Cercetare\FurduI\FSM_Achizitie\emi_dataset_analysis_windows\data\20260825_173650\synchronized_measurements.csv,51,2026-08-20 06:39:38+00:00,410.0,73.69,1.39,,unknown,,No metadata entry,True,True,True
20260825_173650,C:\Users\Sorin\OneDrive - Universitatea Vasile Alecsandri Bacau\Proiecte_Cercetare\FurduI\FSM_Achizitie\emi_dataset_analysis_windows\data\20260825_173650\synchronized_measurements.csv,52,2026-08-20 06:40:08+00:00,412.0,74.0,1.411,,unknown,,No metadata entry,True,True,True
20260825_173650,C:\Users\Sorin\OneDrive - Universitatea Vasile Alecsandri Bacau\Proiecte_Cercetare\FurduI\FSM_Achizitie\emi_dataset_analysis_windows\data\20260825_173650\synchronized_measurements.csv,53,2026-08-20 06:40:38+00:00,414.0,74.4,1.432,,unknown,,No metadata entry,True,True,True
20260825_173650,C:\Users\Sorin\OneDrive - Universitatea Vasile Alecsandri Bacau\Proiecte_Cercetare\FurduI\FSM_Achizitie\emi_dataset_analysis_windows\data\20260825_173650\synchronized_measurements.csv,54,2026-08-20 06:41:08+00:00,416.0,74.4,1.449,,unknown,,No metadata entry,True,True,True
20260825_173650,C:\Users\Sorin\OneDrive - Universitatea Vasile Alecsandri Bacau\Proiecte_Cercetare\FurduI\FSM_Achizitie\emi_dataset_analysis_windows\data\20260825_173650\synchronized_measurements.csv,55,2026-08-20 06:41:38+00:00,417.0,74.8,1.467,,unknown,,No metadata entry,True,True,True
20260825_173650,C:\Users\Sorin\OneDrive - Universitatea Vasile Alecsandri Bacau\Proiecte_Cercetare\FurduI\FSM_Achizitie\emi_dataset_analysis_windows\data\20260825_173650\synchronized_measurements.csv,56,2026-08-20 06:42:08+00:00,418.0,75.0,1.492,,unknown,,No metadata entry,True,True,True
20260825_173650,C:\Users\Sorin\OneDrive - Universitatea Vasile Alecsandri Bacau\Proiecte_Cercetare\FurduI\FSM_Achizitie\emi_dataset_analysis_windows\data\20260825_173650\synchronized_measurements.csv,57,2026-08-20 06:42:38+00:00,420.0,75.3,1.515,,unknown,,No metadata entry,True,True,True
20260825_173650,C:\Users\Sorin\OneDrive - Universitatea Vasile Alecsandri Bacau\Proiecte_Cercetare\FurduI\FSM_Achizitie\emi_dataset_analysis_windows\data\20260825_173650\synchronized_measurements.csv,58,2026-08-20 06:43:08+00:00,421.0,75.4,1.542,,unknown,,No metadata entry,True,True,True
20260825_173650,C:\Users\Sorin\OneDrive - Universitatea Vasile Alecsandri Bacau\Proiecte_Cercetare\FurduI\FSM_Achizitie\emi_dataset_analysis_windows\data\20260825_173650\synchronized_measurements.csv,59,2026-08-20 06:43:38+00:00,423.0,75.8,1.566,,unknown,,No metadata entry,True,True,True
20260825_173650,C:\Users\Sorin\OneDrive - Universitatea Vasile Alecsandri Bacau\Proiecte_Cercetare\FurduI\FSM_Achizitie\emi_dataset_analysis_windows\data\20260825_173650\synchronized_measurements.csv,60,2026-08-20 06:44:08+00:00,424.0,76.0,1.592,,unknown,,No metadata entry,True,True,True
20260825_173650,C:\Users\Sorin\OneDrive - Universitatea Vasile Alecsandri Bacau\Proiecte_Cercetare\FurduI\FSM_Achizitie\emi_dataset_analysis_windows\data\20260825_173650\synchronized_measurements.csv,61,2026-08-20 06:44:38+00:00,426.0,76.0,1.685,,unknown,,No metadata entry,True,True,True
20260825_173650,C:\Users\Sorin\OneDrive - Universitatea Vasile Alecsandri Bacau\Proiecte_Cercetare\FurduI\FSM_Achizitie\emi_dataset_analysis_windows\data\20260825_173650\synchronized_measurements.csv,62,2026-08-20 06:45:08+00:00,427.0,76.4,1.887,,unknown,,No metadata entry,True,True,True
20260825_173650,C:\Users\Sorin\OneDrive - Universitatea Vasile Alecsandri Bacau\Proiecte_Cercetare\FurduI\FSM_Achizitie\emi_dataset_analysis_windows\data\20260825_173650\synchronized_measurements.csv,63,2026-08-20 06:45:38+00:00,430.0,76.69,1.649,,unknown,,No metadata entry,True,True,True
20260825_173650,C:\Users\Sorin\OneDrive - Universitatea Vasile Alecsandri Bacau\Proiecte_Cercetare\FurduI\FSM_Achizitie\emi_dataset_analysis_windows\data\20260825_173650\synchronized_measurements.csv,64,2026-08-20 06:46:08+00:00,430.0,76.8,1.662,,unknown,,No metadata entry,True,True,True
20260825_173650,C:\Users\Sorin\OneDrive - Universitatea Vasile Alecsandri Bacau\Proiecte_Cercetare\FurduI\FSM_Achizitie\emi_dataset_analysis_windows\data\20260825_173650\synchronized_measurements.csv,65,2026-08-20 06:46:38+00:00,431.0,77.1,1.678,,unknown,,No metadata entry,True,True,True
20260825_173650,C:\Users\Sorin\OneDrive - Universitatea Vasile Alecsandri Bacau\Proiecte_Cercetare\FurduI\FSM_Achizitie\emi_dataset_analysis_windows\data\20260825_173650\synchronized_measurements.csv,66,2026-08-20 06:47:08+00:00,433.0,77.19,1.697,,unknown,,No metadata entry,True,True,True
20260825_173650,C:\Users\Sorin\OneDrive - Universitatea Vasile Alecsandri Bacau\Proiecte_Cercetare\FurduI\FSM_Achizitie\emi_dataset_analysis_windows\data\20260825_173650\synchronized_measurements.csv,67,2026-08-20 06:47:38+00:00,434.0,77.4,1.72,,unknown,,No metadata entry,True,True,True
20260825_173650,C:\Users\Sorin\OneDrive - Universitatea Vasile Alecsandri Bacau\Proiecte_Cercetare\FurduI\FSM_Achizitie\emi_dataset_analysis_windows\data\20260825_173650\synchronized_measurements.csv,68,2026-08-20 06:48:08+00:00,437.0,77.69,1.736,,unknown,,No metadata entry,True,True,True
20260825_173650,C:\Users\Sorin\OneDrive - Universitatea Vasile Alecsandri Bacau\Proiecte_Cercetare\FurduI\FSM_Achizitie\emi_dataset_analysis_windows\data\20260825_173650\synchronized_measurements.csv,69,2026-08-20 06:48:38+00:00,437.0,77.9,1.757,,unknown,,No metadata entry,True,True,True
20260825_173650,C:\Users\Sorin\OneDrive - Universitatea Vasile Alecsandri Bacau\Proiecte_Cercetare\FurduI\FSM_Achizitie\emi_dataset_analysis_windows\data\20260825_173650\synchronized_measurements.csv,70,2026-08-20 06:49:08+00:00,438.0,78.19,1.781,,unknown,,No metadata entry,True,True,True
20260825_173650,C:\Users\Sorin\OneDrive - Universitatea Vasile Alecsandri Bacau\Proiecte_Cercetare\FurduI\FSM_Achizitie\emi_dataset_analysis_windows\data\20260825_173650\synchronized_measurements.csv,71,2026-08-20 06:49:38+00:00,438.0,78.3,1.805,,unknown,,No metadata entry,True,True,True
20260825_173650,C:\Users\Sorin\OneDrive - Universitatea Vasile Alecsandri Bacau\Proiecte_Cercetare\FurduI\FSM_Achizitie\emi_dataset_analysis_windows\data\20260825_173650\synchronized_measurements.csv,72,2026-08-20 06:50:08+00:00,440.0,78.5,1.83,,unknown,,No metadata entry,True,True,True
20260825_173650,C:\Users\Sorin\OneDrive - Universitatea Vasile Alecsandri Bacau\Proiecte_Cercetare\FurduI\FSM_Achizitie\emi_dataset_analysis_windows\data\20260825_173650\synchronized_measurements.csv,73,2026-08-20 06:50:38+00:00,442.0,78.8,1.854,,unknown,,No metadata entry,True,True,True
20260825_173650,C:\Users\Sorin\OneDrive - Universitatea Vasile Alecsandri Bacau\Proiecte_Cercetare\FurduI\FSM_Achizitie\emi_dataset_analysis_windows\data\20260825_173650\synchronized_measurements.csv,74,2026-08-20 06:51:08+00:00,444.0,79.0,1.864,,unknown,,No metadata entry,True,True,True
20260825_173650,C:\Users\Sorin\OneDrive - Universitatea Vasile Alecsandri Bacau\Proiecte_Cercetare\FurduI\FSM_Achizitie\emi_dataset_analysis_windows\data\20260825_173650\synchronized_measurements.csv,75,2026-08-20 06:51:38+00:00,446.0,79.19,1.889,,unknown,,No metadata entry,True,True,True
20260825_173650,C:\Users\Sorin\OneDrive - Universitatea Vasile Alecsandri Bacau\Proiecte_Cercetare\FurduI\FSM_Achizitie\emi_dataset_analysis_windows\data\20260825_173650\synchronized_measurements.csv,76,2026-08-20 06:52:08+00:00,446.0,79.5,1.905,,unknown,,No metadata entry,True,True,True
20260825_173650,C:\Users\Sorin\OneDrive - Universitatea Vasile Alecsandri Bacau\Proiecte_Cercetare\FurduI\FSM_Achizitie\emi_dataset_analysis_windows\data\20260825_173650\synchronized_measurements.csv,77,2026-08-20 06:52:38+00:00,447.0,79.6,1.929,,unknown,,No metadata entry,True,True,True
20260825_173650,C:\Users\Sorin\OneDrive - Universitatea Vasile Alecsandri Bacau\Proiecte_Cercetare\FurduI\FSM_Achizitie\emi_dataset_analysis_windows\data\20260825_173650\synchronized_measurements.csv,78,2026-08-20 06:53:08+00:00,449.0,79.9,1.951,,unknown,,No metadata entry,True,True,True
20260825_173650,C:\Users\Sorin\OneDrive - Universitatea Vasile Alecsandri Bacau\Proiecte_Cercetare\FurduI\FSM_Achizitie\emi_dataset_analysis_windows\data\20260825_173650\synchronized_measurements.csv,79,2026-08-20 06:53:38+00:00,451.0,80.0,1.974,,unknown,,No metadata entry,True,True,True
20260825_173650,C:\Users\Sorin\OneDrive - Universitatea Vasile Alecsandri Bacau\Proiecte_Cercetare\FurduI\FSM_Achizitie\emi_dataset_analysis_windows\data\20260825_173650\synchronized_measurements.csv,80,2026-08-20 06:54:08+00:00,451.0,80.1,1.984,,unknown,,No metadata entry,True,True,True
20260825_173650,C:\Users\Sorin\OneDrive - Universitatea Vasile Alecsandri Bacau\Proiecte_Cercetare\FurduI\FSM_Achizitie\emi_dataset_analysis_windows\data\20260825_173650\synchronized_measurements.csv,81,2026-08-20 06:54:38+00:00,453.0,80.4,2.006,,unknown,,No metadata entry,True,True,True
20260825_173650,C:\Users\Sorin\OneDrive - Universitatea Vasile Alecsandri Bacau\Proiecte_Cercetare\FurduI\FSM_Achizitie\emi_dataset_analysis_windows\data\20260825_173650\synchronized_measurements.csv,82,2026-08-20 06:55:08+00:00,454.0,80.6,2.025,,unknown,,No metadata entry,True,True,True
20260825_173650,C:\Users\Sorin\OneDrive - Universitatea Vasile Alecsandri Bacau\Proiecte_Cercetare\FurduI\FSM_Achizitie\emi_dataset_analysis_windows\data\20260825_173650\synchronized_measurements.csv,83,2026-08-20 06:55:38+00:00,456.0,81.0,2.051,,unknown,,No metadata entry,True,True,True
20260825_173650,C:\Users\Sorin\OneDrive - Universitatea Vasile Alecsandri Bacau\Proiecte_Cercetare\FurduI\FSM_Achizitie\emi_dataset_analysis_windows\data\20260825_173650\synchronized_measurements.csv,84,2026-08-20 06:56:08+00:00,457.0,81.1,2.07,,unknown,,No metadata entry,True,True,True
20260825_173650,C:\Users\Sorin\OneDrive - Universitatea Vasile Alecsandri Bacau\Proiecte_Cercetare\FurduI\FSM_Achizitie\emi_dataset_analysis_windows\data\20260825_173650\synchronized_measurements.csv,85,2026-08-20 06:56:38+00:00,458.0,81.4,2.085,,unknown,,No metadata entry,True,True,True
20260825_173650,C:\Users\Sorin\OneDrive - Universitatea Vasile Alecsandri Bacau\Proiecte_Cercetare\FurduI\FSM_Achizitie\emi_dataset_analysis_windows\data\20260825_173650\synchronized_measurements.csv,86,2026-08-20 06:57:08+00:00,461.0,81.69,2.094,,unknown,,No metadata entry,True,True,True
20260825_173650,C:\Users\Sorin\OneDrive - Universitatea Vasile Alecsandri Bacau\Proiecte_Cercetare\FurduI\FSM_Achizitie\emi_dataset_analysis_windows\data\20260825_173650\synchronized_measurements.csv,87,2026-08-20 06:57:38+00:00,461.0,81.8,2.105,,unknown,,No metadata entry,True,True,True
20260825_173650,C:\Users\Sorin\OneDrive - Universitatea Vasile Alecsandri Bacau\Proiecte_Cercetare\FurduI\FSM_Achizitie\emi_dataset_analysis_windows\data\20260825_173650\synchronized_measurements.csv,88,2026-08-20 06:58:08+00:00,462.0,82.2,2.121,,unknown,,No metadata entry,True,True,True
20260825_173650,C:\Users\Sorin\OneDrive - Universitatea Vasile Alecsandri Bacau\Proiecte_Cercetare\FurduI\FSM_Achizitie\emi_dataset_analysis_windows\data\20260825_173650\synchronized_measurements.csv,89,2026-08-20 06:58:38+00:00,465.0,82.2,2.306,,unknown,,No metadata entry,True,True,True
20260825_173650,C:\Users\Sorin\OneDrive - Universitatea Vasile Alecsandri Bacau\Proiecte_Cercetare\FurduI\FSM_Achizitie\emi_dataset_analysis_windows\data\20260825_173650\synchronized_measurements.csv,90,2026-08-20 06:59:08+00:00,466.0,82.4,2.152,,unknown,,No metadata entry,True,True,True
20260825_173650,C:\Users\Sorin\OneDrive - Universitatea Vasile Alecsandri Bacau\Proiecte_Cercetare\FurduI\FSM_Achizitie\emi_dataset_analysis_windows\data\20260825_173650\synchronized_measurements.csv,91,2026-08-20 06:59:38+00:00,467.0,82.8,2.168,,unknown,,No metadata entry,True,True,True
20260825_173650,C:\Users\Sorin\OneDrive - Universitatea Vasile Alecsandri Bacau\Proiecte_Cercetare\FurduI\FSM_Achizitie\emi_dataset_analysis_windows\data\20260825_173650\synchronized_measurements.csv,92,2026-08-20 07:00:08+00:00,467.0,82.9,2.183,,unknown,,No metadata entry,True,True,True
20260825_173650,C:\Users\Sorin\OneDrive - Universitatea Vasile Alecsandri Bacau\Proiecte_Cercetare\FurduI\FSM_Achizitie\emi_dataset_analysis_windows\data\20260825_173650\synchronized_measurements.csv,93,2026-08-20 07:00:38+00:00,489.0,82.9,2.198,,unknown,,No metadata entry,True,True,True
20260825_173650,C:\Users\Sorin\OneDrive - Universitatea Vasile Alecsandri Bacau\Proiecte_Cercetare\FurduI\FSM_Achizitie\emi_dataset_analysis_windows\data\20260825_173650\synchronized_measurements.csv,94,2026-08-20 07:01:08+00:00,482.0,83.5,2.213,,unknown,,No metadata entry,True,True,True
20260825_173650,C:\Users\Sorin\OneDrive - Universitatea Vasile Alecsandri Bacau\Proiecte_Cercetare\FurduI\FSM_Achizitie\emi_dataset_analysis_windows\data\20260825_173650\synchronized_measurements.csv,95,2026-08-20 07:01:38+00:00,488.0,83.5,-7.772,,unknown,,No metadata entry,True,True,True
20260825_173650,C:\Users\Sorin\OneDrive - Universitatea Vasile Alecsandri Bacau\Proiecte_Cercetare\FurduI\FSM_Achizitie\emi_dataset_analysis_windows\data\20260825_173650\synchronized_measurements.csv,96,2026-08-20 07:02:08+00:00,478.0,83.6,-2.643,,unknown,,No metadata entry,True,True,True
20260825_173650,C:\Users\Sorin\OneDrive - Universitatea Vasile Alecsandri Bacau\Proiecte_Cercetare\FurduI\FSM_Achizitie\emi_dataset_analysis_windows\data\20260825_173650\synchronized_measurements.csv,97,2026-08-20 07:02:38+00:00,480.0,83.9,-2.623,,unknown,,No metadata entry,True,True,True
20260825_173650,C:\Users\Sorin\OneDrive - Universitatea Vasile Alecsandri Bacau\Proiecte_Cercetare\FurduI\FSM_Achizitie\emi_dataset_analysis_windows\data\20260825_173650\synchronized_measurements.csv,98,2026-08-20 07:03:08+00:00,482.0,84.1,-2.609,,unknown,,No metadata entry,True,True,True
20260825_173650,C:\Users\Sorin\OneDrive - Universitatea Vasile Alecsandri Bacau\Proiecte_Cercetare\FurduI\FSM_Achizitie\emi_dataset_analysis_windows\data\20260825_173650\synchronized_measurements.csv,99,2026-08-20 07:03:38+00:00,484.0,84.3,-2.598,,unknown,,No metadata entry,True,True,True
