timestamp,spm72_wm2,image,spm72_status,emi_timestamp,time_difference_s,node_id,temp_front,temp_rear,temp_pv_bifacial,current_front,current_rear,bme_temperature,bme_humidity,bme_pressure,arduino_uptime,series_id
2026-08-20T06:15:08.000Z,335,series/20260820_091508/20260820_091508.jpg,VALID,2026-08-20T06:15:08.277Z,0.277,1,35.5,34.75,26.75,38.7,61.6,28.13,51.48,997.2,400,S01
2026-08-20T06:15:38.000Z,337,series/20260820_091508/20260820_091538.jpg,VALID,2026-08-20T06:15:38.299Z,0.299,1,35.75,35.0,27.0,38.8,61.9,27.76,51.86,997.2,430,S01
2026-08-20T06:16:08.000Z,338,series/20260820_091508/20260820_091608.jpg,VALID,2026-08-20T06:16:08.388Z,0.388,1,36.0,35.25,27.0,39.0,62.1,28.11,51.22,997.2,460,S01
2026-08-20T06:16:38.000Z,340,series/20260820_091508/20260820_091638.jpg,VALID,2026-08-20T06:16:38.586Z,0.586,1,36.5,35.5,27.25,39.2,62.3,28.42,50.82,997.2,490,S01
2026-08-20T06:17:08.000Z,341,series/20260820_091508/20260820_091708.jpg,VALID,2026-08-20T06:17:08.355Z,0.355,1,36.75,35.75,27.25,39.4,62.7,28.68,50.49,997.2,515,S01
2026-08-20T06:17:38.000Z,342,series/20260820_091508/20260820_091738.jpg,VALID,2026-08-20T06:17:38.371Z,0.371,1,37.0,36.0,27.25,39.3,63.2,29.16,49.75,997.2,545,S01
2026-08-20T06:18:08.000Z,343,series/20260820_091508/20260820_091808.jpg,VALID,2026-08-20T06:18:08.390Z,0.39,1,37.25,36.25,27.5,39.4,63.1,28.9,49.89,997.2,575,S01
2026-08-20T06:18:38.000Z,346,series/20260820_091508/20260820_091838.jpg,VALID,2026-08-20T06:18:38.410Z,0.41,1,37.5,36.5,27.5,39.8,63.3,29.2,49.11,997.2,605,S01
2026-08-20T06:19:08.000Z,347,series/20260820_091508/20260820_091908.jpg,VALID,2026-08-20T06:19:08.433Z,0.433,1,37.75,36.75,27.75,39.9,63.7,29.7,48.61,997.2,635,S01
2026-08-20T06:19:38.000Z,348,series/20260820_091508/20260820_091938.jpg,VALID,2026-08-20T06:19:38.453Z,0.453,1,38.25,37.25,27.75,40.09,63.9,29.53,48.29,997.2,665,S01
2026-08-20T06:20:08.000Z,355,series/20260820_091508/20260820_092008.jpg,VALID,2026-08-20T06:20:08.465Z,0.465,1,38.25,37.5,27.25,40.2,63.9,28.96,49.09,997.2,695,S01
2026-08-20T06:20:38.000Z,356,series/20260820_091508/20260820_092038.jpg,VALID,2026-08-20T06:20:38.478Z,0.478,1,38.75,37.5,27.0,40.4,64.3,28.81,49.52,997.2,725,S01
2026-08-20T06:21:08.000Z,356,series/20260820_091508/20260820_092108.jpg,VALID,2026-08-20T06:21:08.498Z,0.498,1,38.75,37.75,26.5,40.59,64.6,28.81,49.71,997.2,755,S01
2026-08-20T06:21:38.000Z,358,series/20260820_091508/20260820_092138.jpg,VALID,2026-08-20T06:21:38.521Z,0.521,1,39.25,38.0,26.75,40.59,64.69,29.5,48.71,997.2,785,S01
2026-08-20T06:22:08.000Z,360,series/20260820_091508/20260820_092208.jpg,VALID,2026-08-20T06:22:08.545Z,0.545,1,39.25,38.25,26.75,40.9,65.1,29.35,48.76,997.2,815,S01
2026-08-20T06:22:38.000Z,361,series/20260820_091508/20260820_092238.jpg,VALID,2026-08-20T06:22:38.556Z,0.556,1,39.75,38.5,26.5,41.0,65.3,28.77,49.61,997.2,845,S01
2026-08-20T06:23:08.000Z,363,series/20260820_091508/20260820_092308.jpg,VALID,2026-08-20T06:23:08.580Z,0.58,1,39.75,38.5,25.75,41.2,65.6,27.76,51.3,997.2,875,S01
2026-08-20T06:23:38.000Z,364,series/20260820_091508/20260820_092338.jpg,VALID,2026-08-20T06:23:38.590Z,0.59,1,40.0,38.75,25.25,41.3,65.8,28.08,50.96,997.2,905,S01
2026-08-20T06:24:08.000Z,365,series/20260820_091508/20260820_092408.jpg,VALID,2026-08-20T06:24:08.604Z,0.604,1,40.0,38.75,25.5,41.4,66.1,28.82,49.88,997.2,935,S01
2026-08-20T06:24:38.000Z,366,series/20260820_091508/20260820_092438.jpg,VALID,2026-08-20T06:24:38.623Z,0.623,1,40.25,39.0,25.75,41.5,66.3,29.25,49.31,997.3,965,S01
2026-08-20T06:25:08.000Z,368,series/20260820_091508/20260820_092508.jpg,VALID,2026-08-20T06:25:08.647Z,0.647,1,40.5,39.0,26.0,41.7,66.5,29.54,48.83,997.2,995,S01
2026-08-20T06:25:38.000Z,370,series/20260820_091508/20260820_092538.jpg,VALID,2026-08-20T06:25:38.666Z,0.666,1,40.5,39.25,26.25,41.9,66.9,30.09,48.32,997.2,1025,S01
2026-08-20T06:26:08.000Z,371,series/20260820_091508/20260820_092608.jpg,VALID,2026-08-20T06:26:08.689Z,0.689,1,40.5,39.5,26.5,41.9,67.0,30.18,47.88,997.2,1055,S01
2026-08-20T06:26:38.000Z,372,series/20260820_091508/20260820_092638.jpg,VALID,2026-08-20T06:26:38.712Z,0.712,1,40.75,39.5,26.25,42.1,67.3,30.07,48.0,997.1,1085,S01
2026-08-20T06:27:08.000Z,375,series/20260820_091508/20260820_092708.jpg,VALID,2026-08-20T06:27:08.734Z,0.734,1,41.0,39.75,26.75,42.3,67.5,29.04,49.4,997.2,1115,S01
2026-08-20T06:27:38.000Z,376,series/20260820_091508/20260820_092738.jpg,VALID,2026-08-20T06:27:38.757Z,0.757,1,41.0,39.75,27.25,42.4,67.9,28.51,50.36,997.1,1145,S01
2026-08-20T06:28:08.000Z,377,series/20260820_091508/20260820_092808.jpg,VALID,2026-08-20T06:28:08.774Z,0.774,1,41.25,40.0,27.5,42.5,68.0,28.56,50.46,997.2,1175,S01
2026-08-20T06:28:38.000Z,379,series/20260820_091508/20260820_092838.jpg,VALID,2026-08-20T06:28:38.799Z,0.799,1,41.5,40.0,28.0,42.7,68.4,29.12,49.83,997.2,1205,S01
2026-08-20T06:29:08.000Z,381,series/20260820_091508/20260820_092908.jpg,VALID,2026-08-20T06:29:08.812Z,0.812,1,41.5,40.25,28.25,42.9,68.69,28.4,50.5,997.1,1235,S01
2026-08-20T06:29:38.000Z,381,series/20260820_091508/20260820_092938.jpg,VALID,2026-08-20T06:29:38.834Z,0.834,1,41.75,40.25,28.25,43.1,68.9,27.8,51.59,997.1,1265,S01
2026-08-20T06:30:08.000Z,384,series/20260820_091508/20260820_093008.jpg,VALID,2026-08-20T06:30:08.917Z,0.917,1,41.75,40.5,28.25,43.2,69.1,27.89,51.77,997.1,1295,S01
2026-08-20T06:30:38.000Z,384,series/20260820_091508/20260820_093038.jpg,VALID,2026-08-20T06:30:39.116Z,1.116,1,42.0,40.5,28.25,43.3,69.3,28.45,50.69,997.1,1325,S01
2026-08-20T06:31:08.000Z,386,series/20260820_091508/20260820_093108.jpg,VALID,2026-08-20T06:31:08.876Z,0.876,1,42.0,40.75,28.25,43.5,69.69,29.04,49.89,997.2,1350,S01
2026-08-20T06:31:38.000Z,388,series/20260820_091508/20260820_093138.jpg,VALID,2026-08-20T06:31:38.897Z,0.897,1,42.25,40.75,28.25,43.7,69.9,29.54,49.06,997.2,1380,S01
2026-08-20T06:32:08.000Z,389,series/20260820_091508/20260820_093208.jpg,VALID,2026-08-20T06:32:08.919Z,0.919,1,42.5,41.0,28.5,43.8,70.1,30.26,48.88,997.1,1410,S01
2026-08-20T06:32:38.000Z,389,series/20260820_091508/20260820_093238.jpg,VALID,2026-08-20T06:32:38.935Z,0.935,1,42.5,41.25,28.75,44.0,70.3,30.84,47.56,997.1,1440,S01
2026-08-20T06:33:08.000Z,392,series/20260820_091508/20260820_093308.jpg,VALID,2026-08-20T06:33:08.956Z,0.956,1,42.75,41.5,29.0,44.0,70.6,30.73,46.84,997.1,1470,S01
2026-08-20T06:33:38.000Z,392,series/20260820_091508/20260820_093338.jpg,VALID,2026-08-20T06:33:38.970Z,0.97,1,43.0,41.5,29.0,44.2,70.69,30.32,47.38,997.1,1500,S01
2026-08-20T06:34:08.000Z,394,series/20260820_091508/20260820_093408.jpg,VALID,2026-08-20T06:34:08.995Z,0.995,1,43.25,41.75,29.25,44.6,71.1,30.29,47.48,997.1,1530,S01
2026-08-20T06:34:38.000Z,396,series/20260820_091508/20260820_093438.jpg,VALID,2026-08-20T06:34:39.264Z,1.264,1,43.25,42.0,29.25,44.6,71.3,30.73,47.57,997.1,1560,S01
2026-08-20T06:35:08.000Z,397,series/20260820_091508/20260820_093508.jpg,VALID,2026-08-20T06:35:09.196Z,1.196,1,43.5,42.25,29.5,44.6,71.6,31.29,46.93,997.1,1590,S01
2026-08-20T06:35:38.000Z,398,series/20260820_091508/20260820_093538.jpg,VALID,2026-08-20T06:35:39.222Z,1.222,1,43.75,42.5,29.75,44.7,71.69,31.68,45.99,997.1,1620,S01
2026-08-20T06:36:08.000Z,400,series/20260820_091508/20260820_093608.jpg,VALID,2026-08-20T06:36:09.238Z,1.238,1,44.0,42.5,29.75,44.9,72.1,31.95,46.26,997.1,1650,S01
2026-08-20T06:36:38.000Z,401,series/20260820_091508/20260820_093638.jpg,VALID,2026-08-20T06:36:39.268Z,1.268,1,44.0,42.75,29.75,45.1,72.3,32.36,45.88,997.2,1680,S01
2026-08-20T06:37:08.000Z,402,series/20260820_091508/20260820_093708.jpg,VALID,2026-08-20T06:37:09.282Z,1.282,1,44.5,43.0,29.75,45.3,72.6,32.83,44.88,997.1,1710,S01
2026-08-20T06:37:38.000Z,404,series/20260820_091508/20260820_093738.jpg,VALID,2026-08-20T06:37:39.306Z,1.306,1,44.5,43.0,29.75,45.3,72.69,32.89,44.15,997.2,1740,S01
2026-08-20T06:38:08.000Z,405,series/20260820_091508/20260820_093808.jpg,VALID,2026-08-20T06:38:09.321Z,1.321,1,44.75,43.25,29.75,45.4,72.9,30.42,47.05,997.1,1770,S01
2026-08-20T06:38:38.000Z,407,series/20260820_091508/20260820_093838.jpg,VALID,2026-08-20T06:38:39.347Z,1.347,1,44.75,43.25,29.5,45.7,73.3,29.4,48.88,997.1,1800,S01
2026-08-20T06:39:08.000Z,408,series/20260820_091508/20260820_093908.jpg,VALID,2026-08-20T06:39:09.369Z,1.369,1,44.75,43.25,28.5,45.7,73.3,28.54,50.69,997.1,1830,S01
2026-08-20T06:39:38.000Z,410,series/20260820_091508/20260820_093938.jpg,VALID,2026-08-20T06:39:39.390Z,1.39,1,44.75,43.25,28.0,46.0,73.69,29.23,49.73,997.1,1860,S01
2026-08-20T06:40:08.000Z,412,series/20260820_091508/20260820_094008.jpg,VALID,2026-08-20T06:40:09.411Z,1.411,1,44.75,43.25,28.5,46.0,74.0,28.85,50.6,997.1,1890,S01
2026-08-20T06:40:38.000Z,414,series/20260820_091508/20260820_094038.jpg,VALID,2026-08-20T06:40:39.432Z,1.432,1,44.75,43.25,28.75,46.3,74.4,28.6,51.3,997.1,1920,S01
2026-08-20T06:41:08.000Z,416,series/20260820_091508/20260820_094108.jpg,VALID,2026-08-20T06:41:09.449Z,1.449,1,44.75,43.25,28.75,46.4,74.4,28.68,51.03,997.1,1950,S01
2026-08-20T06:41:38.000Z,417,series/20260820_091508/20260820_094138.jpg,VALID,2026-08-20T06:41:39.467Z,1.467,1,44.5,43.25,28.75,46.6,74.8,29.14,50.1,997.1,1980,S01
2026-08-20T06:42:08.000Z,418,series/20260820_091508/20260820_094208.jpg,VALID,2026-08-20T06:42:09.492Z,1.492,1,44.5,43.25,29.0,46.7,75.0,29.86,49.21,997.1,2010,S01
2026-08-20T06:42:38.000Z,420,series/20260820_091508/20260820_094238.jpg,VALID,2026-08-20T06:42:39.515Z,1.515,1,44.75,43.25,29.0,46.8,75.3,30.58,47.75,997.1,2040,S01
2026-08-20T06:43:08.000Z,421,series/20260820_091508/20260820_094308.jpg,VALID,2026-08-20T06:43:09.542Z,1.542,1,44.5,43.25,29.0,47.1,75.4,31.04,47.42,997.1,2070,S01
2026-08-20T06:43:38.000Z,423,series/20260820_091508/20260820_094338.jpg,VALID,2026-08-20T06:43:39.566Z,1.566,1,44.5,43.25,29.0,47.2,75.8,30.16,48.26,997.1,2100,S01
2026-08-20T06:44:08.000Z,424,series/20260820_091508/20260820_094408.jpg,VALID,2026-08-20T06:44:09.592Z,1.592,1,44.5,43.25,28.75,47.2,76.0,30.33,48.52,997.1,2130,S01
2026-08-20T06:44:38.000Z,426,series/20260820_091508/20260820_094438.jpg,VALID,2026-08-20T06:44:39.685Z,1.685,1,44.5,43.25,28.75,47.4,76.0,29.97,48.86,997.1,2160,S01
2026-08-20T06:45:08.000Z,427,series/20260820_091508/20260820_094508.jpg,VALID,2026-08-20T06:45:09.887Z,1.887,1,44.25,43.0,28.5,47.5,76.4,30.09,48.27,997.1,2190,S01
2026-08-20T06:45:38.000Z,430,series/20260820_091508/20260820_094538.jpg,VALID,2026-08-20T06:45:39.649Z,1.649,1,44.25,43.0,28.25,47.7,76.69,30.44,47.97,997.1,2215,S01
2026-08-20T06:46:08.000Z,430,series/20260820_091508/20260820_094608.jpg,VALID,2026-08-20T06:46:09.662Z,1.662,1,44.25,43.0,28.25,47.8,76.8,30.02,48.0,997.1,2245,S01
2026-08-20T06:46:38.000Z,431,series/20260820_091508/20260820_094638.jpg,VALID,2026-08-20T06:46:39.678Z,1.678,1,44.25,42.75,28.25,47.9,77.1,29.66,48.8,997.1,2275,S01
2026-08-20T06:47:08.000Z,433,series/20260820_091508/20260820_094708.jpg,VALID,2026-08-20T06:47:09.697Z,1.697,1,44.25,42.75,28.5,48.0,77.19,29.29,49.53,997.1,2305,S01
2026-08-20T06:47:38.000Z,434,series/20260820_091508/20260820_094738.jpg,VALID,2026-08-20T06:47:39.720Z,1.72,1,44.5,43.0,28.5,48.1,77.4,29.21,50.11,997.1,2335,S01
2026-08-20T06:48:08.000Z,437,series/20260820_091508/20260820_094808.jpg,VALID,2026-08-20T06:48:09.736Z,1.736,1,44.5,43.0,28.5,48.2,77.69,29.7,49.0,997.1,2365,S01
2026-08-20T06:48:38.000Z,437,series/20260820_091508/20260820_094838.jpg,VALID,2026-08-20T06:48:39.757Z,1.757,1,44.5,43.0,28.75,48.4,77.9,29.64,49.03,997.1,2395,S01
2026-08-20T06:49:08.000Z,438,series/20260820_091508/20260820_094908.jpg,VALID,2026-08-20T06:49:09.781Z,1.781,1,44.5,43.25,28.75,48.5,78.19,29.98,48.37,997.1,2425,S01
2026-08-20T06:49:38.000Z,438,series/20260820_091508/20260820_094938.jpg,VALID,2026-08-20T06:49:39.805Z,1.805,1,44.75,43.25,28.75,48.6,78.3,30.46,48.53,997.1,2455,S01
2026-08-20T06:50:08.000Z,440,series/20260820_091508/20260820_095008.jpg,VALID,2026-08-20T06:50:09.830Z,1.83,1,44.75,43.5,29.0,48.6,78.5,30.06,48.88,997.1,2485,S01
2026-08-20T06:50:38.000Z,442,series/20260820_091508/20260820_095038.jpg,VALID,2026-08-20T06:50:39.854Z,1.854,1,45.0,43.5,29.0,48.8,78.8,30.41,48.16,997.1,2515,S01
2026-08-20T06:51:08.000Z,444,series/20260820_091508/20260820_095108.jpg,VALID,2026-08-20T06:51:09.864Z,1.864,1,45.0,43.5,29.25,48.9,79.0,30.4,48.14,997.1,2545,S01
2026-08-20T06:51:38.000Z,446,series/20260820_091508/20260820_095138.jpg,VALID,2026-08-20T06:51:39.889Z,1.889,1,45.0,43.75,29.25,49.0,79.19,30.43,47.84,997.1,2575,S01
2026-08-20T06:52:08.000Z,446,series/20260820_091508/20260820_095208.jpg,VALID,2026-08-20T06:52:09.905Z,1.905,1,45.0,43.75,29.25,49.3,79.5,30.91,47.6,997.1,2605,S01
2026-08-20T06:52:38.000Z,447,series/20260820_091508/20260820_095238.jpg,VALID,2026-08-20T06:52:39.929Z,1.929,1,45.0,43.75,29.5,49.4,79.6,31.0,46.62,997.1,2635,S01
2026-08-20T06:53:08.000Z,449,series/20260820_091508/20260820_095308.jpg,VALID,2026-08-20T06:53:09.951Z,1.951,1,45.25,43.75,29.5,49.5,79.9,31.38,46.45,997.1,2665,S01
2026-08-20T06:53:38.000Z,451,series/20260820_091508/20260820_095338.jpg,VALID,2026-08-20T06:53:39.974Z,1.974,1,45.25,44.0,29.5,49.7,80.0,31.21,46.36,997.1,2695,S01
2026-08-20T06:54:08.000Z,451,series/20260820_091508/20260820_095408.jpg,VALID,2026-08-20T06:54:09.984Z,1.984,1,45.5,44.25,29.5,49.6,80.1,31.7,46.03,997.2,2725,S01
2026-08-20T06:54:38.000Z,453,series/20260820_091508/20260820_095438.jpg,VALID,2026-08-20T06:54:40.006Z,2.006,1,45.75,44.5,29.75,49.8,80.4,31.85,45.85,997.1,2755,S01
2026-08-20T06:55:08.000Z,454,series/20260820_091508/20260820_095508.jpg,VALID,2026-08-20T06:55:10.025Z,2.025,1,46.0,44.5,30.0,50.0,80.6,31.53,46.46,997.1,2785,S01
2026-08-20T06:55:38.000Z,456,series/20260820_091508/20260820_095538.jpg,VALID,2026-08-20T06:55:40.051Z,2.051,1,46.0,44.75,29.75,50.1,81.0,30.18,48.0,997.1,2815,S01
2026-08-20T06:56:08.000Z,457,series/20260820_091508/20260820_095608.jpg,VALID,2026-08-20T06:56:10.070Z,2.07,1,46.0,44.5,29.5,50.3,81.1,29.52,49.1,997.2,2845,S01
2026-08-20T06:56:38.000Z,458,series/20260820_091508/20260820_095638.jpg,VALID,2026-08-20T06:56:40.085Z,2.085,1,45.75,44.5,29.25,50.4,81.4,29.54,49.5,997.2,2875,S01
2026-08-20T06:57:08.000Z,461,series/20260820_091508/20260820_095708.jpg,VALID,2026-08-20T06:57:10.094Z,2.094,1,46.0,44.5,28.75,50.6,81.69,29.89,48.79,997.2,2905,S01
2026-08-20T06:57:38.000Z,461,series/20260820_091508/20260820_095738.jpg,VALID,2026-08-20T06:57:40.105Z,2.105,1,46.0,44.75,28.75,50.6,81.8,30.65,48.19,997.1,2935,S01
2026-08-20T06:58:08.000Z,462,series/20260820_091508/20260820_095808.jpg,VALID,2026-08-20T06:58:10.121Z,2.121,1,46.25,45.0,29.0,51.0,82.2,30.82,47.75,997.1,2965,S01
2026-08-20T06:58:38.000Z,465,series/20260820_091508/20260820_095838.jpg,VALID,2026-08-20T06:58:40.306Z,2.306,1,46.5,45.0,29.25,50.9,82.2,31.05,47.06,997.1,2995,S01
2026-08-20T06:59:08.000Z,466,series/20260820_091508/20260820_095908.jpg,VALID,2026-08-20T06:59:10.152Z,2.152,1,46.5,45.25,28.75,51.0,82.4,30.49,47.64,997.1,3020,S01
2026-08-20T06:59:38.000Z,467,series/20260820_091508/20260820_095938.jpg,VALID,2026-08-20T06:59:40.168Z,2.168,1,46.75,45.25,28.75,51.2,82.8,30.13,47.65,997.1,3050,S01
2026-08-20T07:00:08.000Z,467,series/20260820_091508/20260820_100008.jpg,VALID,2026-08-20T07:00:10.183Z,2.183,1,46.75,45.5,29.25,51.3,82.9,29.57,48.81,997.1,3080,S01
2026-08-20T07:00:38.000Z,489,series/20260820_091508/20260820_100038.jpg,VALID,2026-08-20T07:00:40.198Z,2.198,1,47.0,45.5,29.5,51.2,82.9,29.19,49.61,997.1,3110,S01
2026-08-20T07:01:08.000Z,482,series/20260820_091508/20260820_100108.jpg,VALID,2026-08-20T07:01:10.213Z,2.213,1,47.0,45.75,29.5,51.6,83.5,28.91,50.52,997.1,3140,S01
2026-08-20T07:01:38.000Z,488,series/20260820_091508/20260820_100138.jpg,VALID,2026-08-20T07:01:30.228Z,-7.772,1,47.0,45.75,29.75,51.7,83.5,28.65,51.13,997.1,3160,S01
2026-08-20T07:02:08.000Z,478,series/20260820_091508/20260820_100208.jpg,VALID,2026-08-20T07:02:05.357Z,-2.643,1,46.75,45.5,29.5,51.7,83.6,29.41,50.21,997.1,3195,S01
2026-08-20T07:02:38.000Z,480,series/20260820_091508/20260820_100238.jpg,VALID,2026-08-20T07:02:35.377Z,-2.623,1,46.75,45.5,29.25,51.9,83.9,28.33,50.75,997.1,3225,S01
2026-08-20T07:03:08.000Z,482,series/20260820_091508/20260820_100308.jpg,VALID,2026-08-20T07:03:05.391Z,-2.609,1,46.5,45.25,29.0,51.9,84.1,27.64,52.21,997.1,3255,S01
2026-08-20T07:03:38.000Z,484,series/20260820_091508/20260820_100338.jpg,VALID,2026-08-20T07:03:35.402Z,-2.598,1,46.25,45.0,28.75,52.1,84.3,27.68,52.24,997.1,3285,S01
2026-08-20T08:49:39.000Z,690,series/20260820_114939/20260820_114939.jpg,VALID,2026-08-20T08:49:41.373Z,2.373,1,54.75,53.75,34.25,64.5,113.6,31.07,44.55,996.8,765,S02
2026-08-20T08:50:09.000Z,693,series/20260820_114939/20260820_115009.jpg,VALID,2026-08-20T08:50:11.578Z,2.578,1,54.75,53.25,34.25,64.5,113.7,31.28,44.89,996.7,795,S02
2026-08-20T08:50:39.000Z,695,series/20260820_114939/20260820_115039.jpg,VALID,2026-08-20T08:50:41.329Z,2.329,1,54.5,53.25,34.25,64.69,113.8,31.22,45.0,996.8,820,S02
2026-08-20T08:51:09.000Z,697,series/20260820_114939/20260820_115109.jpg,VALID,2026-08-20T08:51:11.353Z,2.353,1,54.5,53.0,35.0,64.3,114.2,31.48,44.85,996.8,850,S02
2026-08-20T08:51:39.000Z,695,series/20260820_114939/20260820_115139.jpg,VALID,2026-08-20T08:51:41.366Z,2.366,1,54.5,53.0,35.75,60.6,114.2,31.46,45.65,996.7,880,S02
2026-08-20T08:52:09.000Z,695,series/20260820_114939/20260820_115209.jpg,VALID,2026-08-20T08:52:11.390Z,2.39,1,54.5,53.25,36.0,52.7,114.2,31.58,44.67,996.7,910,S02
2026-08-20T08:52:39.000Z,696,series/20260820_114939/20260820_115239.jpg,VALID,2026-08-20T08:52:41.409Z,2.409,1,54.5,53.5,36.0,40.0,114.3,31.65,44.53,996.7,940,S02
2026-08-20T08:53:09.000Z,696,series/20260820_114939/20260820_115309.jpg,VALID,2026-08-20T08:53:11.424Z,2.424,1,54.5,53.5,35.0,26.6,114.5,31.25,44.34,996.7,970,S02
2026-08-20T08:53:39.000Z,698,series/20260820_114939/20260820_115339.jpg,VALID,2026-08-20T08:53:41.440Z,2.44,1,54.0,53.0,34.75,16.1,114.6,31.03,44.64,996.7,1000,S02
2026-08-20T08:54:09.000Z,698,series/20260820_114939/20260820_115409.jpg,VALID,2026-08-20T08:54:11.454Z,2.454,1,53.0,52.75,34.0,10.1,114.5,30.92,44.61,996.7,1030,S02
2026-08-20T08:54:39.000Z,701,series/20260820_114939/20260820_115439.jpg,VALID,2026-08-20T08:54:41.462Z,2.462,1,52.0,52.25,34.0,7.6,114.5,30.96,45.01,996.7,1060,S02
2026-08-20T08:55:09.000Z,700,series/20260820_114939/20260820_115509.jpg,VALID,2026-08-20T08:55:11.476Z,2.476,1,50.75,52.0,34.0,7.0,114.9,30.85,44.99,996.7,1090,S02
2026-08-20T08:55:39.000Z,702,series/20260820_114939/20260820_115539.jpg,VALID,2026-08-20T08:55:41.490Z,2.49,1,49.5,52.0,33.75,6.9,114.9,30.44,45.19,996.8,1120,S02
2026-08-20T08:56:09.000Z,706,series/20260820_114939/20260820_115609.jpg,VALID,2026-08-20T08:56:11.505Z,2.505,1,48.25,51.75,34.25,6.8,115.2,30.69,45.53,996.7,1150,S02
2026-08-20T08:56:39.000Z,706,series/20260820_114939/20260820_115639.jpg,VALID,2026-08-20T08:56:41.517Z,2.517,1,47.0,52.0,34.5,6.8,115.1,30.93,45.44,996.8,1180,S02
2026-08-20T08:57:09.000Z,705,series/20260820_114939/20260820_115709.jpg,VALID,2026-08-20T08:57:11.530Z,2.53,1,46.0,52.0,34.5,7.7,115.2,31.13,44.72,996.7,1210,S02
2026-08-20T08:57:39.000Z,704,series/20260820_114939/20260820_115739.jpg,VALID,2026-08-20T08:57:41.546Z,2.546,1,45.0,52.25,34.75,12.1,115.1,31.21,44.5,996.7,1240,S02
2026-08-20T08:58:09.000Z,704,series/20260820_114939/20260820_115809.jpg,VALID,2026-08-20T08:58:11.558Z,2.558,1,44.25,52.25,35.25,21.2,115.4,31.39,44.68,996.7,1270,S02
2026-08-20T08:58:39.000Z,669,series/20260820_114939/20260820_115839.jpg,VALID,2026-08-20T08:58:41.570Z,2.57,1,43.25,52.5,35.5,34.4,115.5,31.55,45.14,996.7,1300,S02
2026-08-20T08:59:10.000Z,510,series/20260820_114939/20260820_115910.jpg,VALID,2026-08-20T08:59:11.577Z,1.577,1,42.75,52.75,36.25,47.5,115.5,31.85,44.43,996.7,1330,S02
2026-08-20T08:59:40.000Z,312,series/20260820_114939/20260820_115940.jpg,VALID,2026-08-20T08:59:41.587Z,1.587,1,42.5,53.0,36.75,57.3,115.5,31.43,43.93,996.7,1360,S02
2026-08-20T09:00:10.000Z,135,series/20260820_114939/20260820_120010.jpg,VALID,2026-08-20T09:00:11.591Z,1.591,1,42.75,53.5,37.25,62.9,115.7,31.17,44.64,996.7,1390,S02
2026-08-20T09:00:40.000Z,62,series/20260820_114939/20260820_120040.jpg,VALID,2026-08-20T09:00:41.605Z,1.605,1,43.0,53.75,36.75,65.1,115.8,31.08,44.51,996.8,1420,S02
2026-08-20T09:01:10.000Z,61,series/20260820_114939/20260820_120110.jpg,VALID,2026-08-20T09:01:11.620Z,1.62,1,43.5,53.75,36.25,65.4,115.7,31.14,44.98,996.7,1450,S02
2026-08-20T09:01:40.000Z,61,series/20260820_114939/20260820_120140.jpg,VALID,2026-08-20T09:01:41.637Z,1.637,1,44.0,54.0,36.25,65.5,115.9,31.5,44.21,996.8,1480,S02
2026-08-20T09:02:10.000Z,61,series/20260820_114939/20260820_120210.jpg,VALID,2026-08-20T09:02:11.650Z,1.65,1,44.75,54.0,36.75,65.6,114.0,31.73,44.11,996.7,1510,S02
2026-08-20T09:02:40.000Z,703,series/20260820_114939/20260820_120240.jpg,VALID,2026-08-20T09:02:41.665Z,1.665,1,45.5,54.25,36.75,65.0,115.0,31.93,43.39,996.7,1540,S02
2026-08-20T09:03:10.000Z,759,series/20260820_114939/20260820_120310.jpg,VALID,2026-08-20T09:03:11.867Z,1.867,1,46.25,54.5,37.25,5.1,118.3,31.78,43.83,996.7,1570,S02
2026-08-20T09:03:40.000Z,731,series/20260820_114939/20260820_120340.jpg,VALID,2026-08-20T09:03:31.675Z,-8.325,1,46.5,54.5,37.5,65.1,115.4,31.86,43.57,996.7,1585,S02
2026-08-20T09:04:10.000Z,731,series/20260820_114939/20260820_120410.jpg,VALID,2026-08-20T09:04:06.804Z,-3.196,1,47.0,54.75,37.5,65.5,115.7,31.99,43.55,996.7,1620,S02
2026-08-20T09:04:40.000Z,731,series/20260820_114939/20260820_120440.jpg,VALID,2026-08-20T09:04:36.819Z,-3.181,1,47.75,55.0,37.25,65.69,115.5,31.8,43.67,996.7,1650,S02
2026-08-20T09:05:10.000Z,730,series/20260820_114939/20260820_120510.jpg,VALID,2026-08-20T09:05:06.828Z,-3.172,1,48.5,55.25,37.0,65.69,115.4,31.83,43.08,996.7,1680,S02
2026-08-20T09:05:40.000Z,730,series/20260820_114939/20260820_120540.jpg,VALID,2026-08-20T09:05:36.839Z,-3.161,1,49.25,55.25,37.25,65.5,115.3,32.16,43.58,996.7,1710,S02
2026-08-20T09:06:10.000Z,731,series/20260820_114939/20260820_120610.jpg,VALID,2026-08-20T09:06:06.862Z,-3.138,1,49.75,55.5,37.75,65.6,115.5,31.85,43.65,996.7,1740,S02
2026-08-20T09:06:40.000Z,730,series/20260820_114939/20260820_120640.jpg,VALID,2026-08-20T09:06:36.873Z,-3.127,1,50.25,55.75,38.25,65.69,115.4,31.56,44.29,996.7,1770,S02
2026-08-20T09:07:10.000Z,732,series/20260820_114939/20260820_120710.jpg,VALID,2026-08-20T09:07:06.892Z,-3.108,1,50.75,56.0,38.5,65.8,115.6,31.41,44.05,996.7,1800,S02
2026-08-20T09:07:40.000Z,731,series/20260820_114939/20260820_120740.jpg,VALID,2026-08-20T09:07:36.904Z,-3.096,1,51.25,56.0,38.5,65.9,115.9,31.77,43.83,996.7,1830,S02
2026-08-20T09:08:10.000Z,733,series/20260820_114939/20260820_120810.jpg,VALID,2026-08-20T09:08:06.919Z,-3.081,1,51.75,56.25,38.5,66.0,116.1,32.0,43.57,996.7,1860,S02
2026-08-20T09:08:40.000Z,735,series/20260820_114939/20260820_120840.jpg,VALID,2026-08-20T09:08:36.935Z,-3.065,1,52.25,56.5,38.75,66.1,116.4,31.97,44.26,996.7,1890,S02
2026-08-20T09:09:10.000Z,736,series/20260820_114939/20260820_120910.jpg,VALID,2026-08-20T09:09:06.951Z,-3.049,1,52.75,56.75,38.25,66.19,116.4,31.99,44.14,996.7,1920,S02
2026-08-20T09:09:40.000Z,735,series/20260820_114939/20260820_120940.jpg,VALID,2026-08-20T09:09:36.966Z,-3.034,1,53.0,57.0,37.5,66.3,116.4,31.65,44.15,996.7,1950,S02
2026-08-20T09:10:10.000Z,738,series/20260820_114939/20260820_121010.jpg,VALID,2026-08-20T09:10:06.976Z,-3.024,1,53.5,57.0,37.5,66.5,116.5,31.63,43.75,996.7,1980,S02
2026-08-20T09:10:40.000Z,739,series/20260820_114939/20260820_121040.jpg,VALID,2026-08-20T09:10:36.992Z,-3.008,1,53.75,57.0,37.25,66.6,116.8,31.79,43.27,996.7,2010,S02
2026-08-20T09:11:10.000Z,741,series/20260820_114939/20260820_121110.jpg,VALID,2026-08-20T09:11:06.999Z,-3.001,1,54.0,57.0,37.0,66.8,117.2,31.95,44.05,996.7,2040,S02
2026-08-20T09:11:40.000Z,739,series/20260820_114939/20260820_121140.jpg,VALID,2026-08-20T09:11:37.012Z,-2.988,1,54.25,56.75,37.0,66.9,117.3,32.0,43.86,996.7,2070,S02
2026-08-20T09:12:10.000Z,744,series/20260820_114939/20260820_121210.jpg,VALID,2026-08-20T09:12:07.030Z,-2.97,1,54.5,56.75,37.25,67.3,118.1,32.15,43.65,996.7,2100,S02
2026-08-20T09:12:40.000Z,735,series/20260820_114939/20260820_121240.jpg,VALID,2026-08-20T09:12:37.043Z,-2.957,1,54.75,56.75,37.75,66.1,115.8,32.13,43.38,996.6,2130,S02
2026-08-20T09:13:10.000Z,742,series/20260820_114939/20260820_121310.jpg,VALID,2026-08-20T09:13:07.053Z,-2.947,1,55.0,56.75,38.25,66.69,117.2,32.24,42.82,996.6,2160,S02
2026-08-20T09:13:40.000Z,736,series/20260820_114939/20260820_121340.jpg,VALID,2026-08-20T09:13:37.059Z,-2.941,1,55.25,57.0,38.0,65.9,115.8,32.16,43.57,996.6,2190,S02
2026-08-20T09:14:40.000Z,740,series/20260820_114939/20260820_121440.jpg,VALID,2026-08-20T09:14:37.081Z,-2.919,1,55.75,57.25,38.5,66.9,117.2,32.11,43.31,996.6,2250,S02
2026-08-20T09:15:10.000Z,741,series/20260820_114939/20260820_121510.jpg,VALID,2026-08-20T09:15:07.091Z,-2.909,1,55.75,57.5,38.75,66.9,117.3,32.31,43.2,996.6,2280,S02
2026-08-20T09:15:40.000Z,743,series/20260820_114939/20260820_121540.jpg,VALID,2026-08-20T09:15:37.101Z,-2.899,1,56.0,57.5,38.0,66.9,117.5,32.37,43.08,996.6,2310,S02
2026-08-20T09:16:10.000Z,743,series/20260820_114939/20260820_121610.jpg,VALID,2026-08-20T09:16:07.117Z,-2.883,1,56.25,57.5,37.5,67.0,117.6,32.34,43.11,996.6,2340,S02
2026-08-20T09:16:40.000Z,745,series/20260820_114939/20260820_121640.jpg,VALID,2026-08-20T09:16:37.320Z,-2.68,1,56.5,57.5,37.0,67.19,117.6,32.27,43.46,996.6,2370,S02
2026-08-20T09:17:10.000Z,745,series/20260820_114939/20260820_121710.jpg,VALID,2026-08-20T09:17:07.146Z,-2.854,1,56.5,57.25,37.0,67.0,117.6,32.21,43.12,996.6,2395,S02
2026-08-20T09:17:40.000Z,748,series/20260820_114939/20260820_121740.jpg,VALID,2026-08-20T09:17:37.156Z,-2.844,1,56.5,57.25,36.75,67.3,117.8,32.05,43.57,996.6,2425,S02
2026-08-20T09:18:10.000Z,748,series/20260820_114939/20260820_121810.jpg,VALID,2026-08-20T09:18:07.167Z,-2.833,1,56.5,57.0,36.25,67.4,118.1,31.84,43.58,996.6,2455,S02
2026-08-20T09:18:40.000Z,749,series/20260820_114939/20260820_121840.jpg,VALID,2026-08-20T09:18:37.180Z,-2.82,1,56.5,56.75,35.75,67.3,117.9,31.73,43.45,996.5,2485,S02
2026-08-20T09:19:10.000Z,749,series/20260820_114939/20260820_121910.jpg,VALID,2026-08-20T09:19:07.196Z,-2.804,1,56.25,56.25,35.0,67.3,118.1,31.47,43.94,996.6,2515,S02
2026-08-20T09:19:40.000Z,751,series/20260820_114939/20260820_121940.jpg,VALID,2026-08-20T09:19:37.212Z,-2.788,1,56.0,55.5,35.25,67.4,118.0,31.77,44.03,996.6,2545,S02
2026-08-20T09:20:10.000Z,749,series/20260820_114939/20260820_122010.jpg,VALID,2026-08-20T09:20:07.227Z,-2.773,1,55.75,55.25,35.5,67.5,118.0,31.95,43.2,996.6,2575,S02
2026-08-20T09:20:40.000Z,750,series/20260820_114939/20260820_122040.jpg,VALID,2026-08-20T09:20:37.240Z,-2.76,1,55.75,54.75,35.25,67.3,117.8,31.86,43.18,996.6,2605,S02
2026-08-20T09:21:10.000Z,749,series/20260820_114939/20260820_122110.jpg,VALID,2026-08-20T09:21:07.258Z,-2.742,1,55.5,54.5,35.0,67.3,118.1,31.68,43.17,996.6,2635,S02
2026-08-20T09:21:40.000Z,750,series/20260820_114939/20260820_122140.jpg,VALID,2026-08-20T09:21:37.268Z,-2.732,1,55.25,54.0,34.75,67.3,117.9,31.65,43.32,996.6,2665,S02
2026-08-20T09:22:10.000Z,751,series/20260820_114939/20260820_122210.jpg,VALID,2026-08-20T09:22:07.279Z,-2.721,1,55.25,53.75,35.25,67.5,117.9,32.02,43.7,996.6,2695,S02
2026-08-20T09:22:40.000Z,752,series/20260820_114939/20260820_122240.jpg,VALID,2026-08-20T09:22:37.300Z,-2.7,1,55.25,53.75,35.75,67.5,118.0,32.09,42.62,996.6,2725,S02
2026-08-20T09:23:40.000Z,753,series/20260820_114939/20260820_122340.jpg,VALID,2026-08-20T09:23:37.330Z,-2.67,1,55.5,54.0,35.75,67.69,118.5,32.15,43.32,996.6,2785,S02
2026-08-20T09:24:10.000Z,754,series/20260820_114939/20260820_122410.jpg,VALID,2026-08-20T09:24:07.345Z,-2.655,1,55.5,54.0,35.75,67.8,118.7,32.15,43.12,996.6,2815,S02
2026-08-20T09:24:40.000Z,754,series/20260820_114939/20260820_122440.jpg,VALID,2026-08-20T09:24:37.358Z,-2.642,1,55.5,54.0,35.5,67.8,118.6,31.92,43.62,996.6,2845,S02
2026-08-20T09:25:10.000Z,755,series/20260820_114939/20260820_122510.jpg,VALID,2026-08-20T09:25:07.370Z,-2.63,1,55.75,54.0,35.5,67.9,118.8,32.18,43.47,996.6,2875,S02
2026-08-20T09:26:10.000Z,757,series/20260820_114939/20260820_122610.jpg,VALID,2026-08-20T09:26:07.405Z,-2.595,1,55.75,54.25,35.25,68.0,119.1,32.46,43.7,996.6,2935,S02
2026-08-20T09:26:40.000Z,758,series/20260820_114939/20260820_122640.jpg,VALID,2026-08-20T09:26:37.423Z,-2.577,1,55.75,54.25,35.5,68.1,119.0,32.54,42.31,996.6,2965,S02
2026-08-20T09:27:10.000Z,757,series/20260820_114939/20260820_122710.jpg,VALID,2026-08-20T09:27:07.440Z,-2.56,1,56.0,54.5,35.75,68.1,119.1,32.66,42.66,996.6,2995,S02
2026-08-20T09:27:40.000Z,759,series/20260820_114939/20260820_122740.jpg,VALID,2026-08-20T09:27:37.455Z,-2.545,1,56.25,54.75,36.25,68.19,119.3,32.57,42.47,996.6,3025,S02
2026-08-20T09:28:10.000Z,758,series/20260820_114939/20260820_122810.jpg,VALID,2026-08-20T09:28:07.471Z,-2.529,1,56.5,55.25,36.75,68.3,119.4,32.25,42.58,996.6,3055,S02
2026-08-20T09:28:40.000Z,758,series/20260820_114939/20260820_122840.jpg,VALID,2026-08-20T09:28:37.483Z,-2.517,1,56.75,55.75,37.0,68.19,119.1,32.09,42.75,996.5,3085,S02
2026-08-20T09:29:10.000Z,758,series/20260820_114939/20260820_122910.jpg,VALID,2026-08-20T09:29:07.498Z,-2.502,1,57.0,56.0,37.0,68.19,119.4,32.09,43.2,996.6,3115,S02
2026-08-20T09:29:40.000Z,760,series/20260820_114939/20260820_122940.jpg,VALID,2026-08-20T09:29:37.628Z,-2.372,1,57.25,56.5,36.75,68.4,119.6,32.39,44.46,996.6,3145,S02
2026-08-20T09:30:10.000Z,760,series/20260820_114939/20260820_123010.jpg,VALID,2026-08-20T09:30:07.830Z,-2.17,1,57.5,56.75,36.25,68.4,119.7,32.25,42.48,996.5,3175,S02
2026-08-20T09:30:40.000Z,761,series/20260820_114939/20260820_123040.jpg,VALID,2026-08-20T09:30:37.542Z,-2.458,1,57.5,57.0,36.0,68.3,119.6,32.25,43.44,996.6,3200,S02
2026-08-20T09:31:10.000Z,761,series/20260820_114939/20260820_123110.jpg,VALID,2026-08-20T09:31:07.551Z,-2.449,1,57.75,57.0,35.25,68.19,119.6,32.02,42.72,996.6,3230,S02
2026-08-20T09:31:40.000Z,760,series/20260820_114939/20260820_123140.jpg,VALID,2026-08-20T09:31:37.568Z,-2.432,1,57.75,57.0,35.25,68.4,119.5,32.5,42.93,996.6,3260,S02
2026-08-20T09:32:10.000Z,761,series/20260820_114939/20260820_123210.jpg,VALID,2026-08-20T09:32:07.583Z,-2.417,1,57.75,57.0,35.0,68.5,119.8,32.5,43.29,996.6,3290,S02
2026-08-20T09:32:40.000Z,762,series/20260820_114939/20260820_123240.jpg,VALID,2026-08-20T09:32:37.602Z,-2.398,1,58.0,57.0,34.75,68.5,119.8,32.71,42.88,996.6,3320,S02
2026-08-20T09:33:10.000Z,763,series/20260820_114939/20260820_123310.jpg,VALID,2026-08-20T09:33:07.613Z,-2.387,1,58.0,57.0,34.75,68.6,119.6,32.5,43.45,996.6,3350,S02
2026-08-20T09:33:40.000Z,764,series/20260820_114939/20260820_123340.jpg,VALID,2026-08-20T09:33:37.629Z,-2.371,1,58.0,57.25,34.5,68.6,119.8,32.25,43.21,996.6,3380,S02
2026-08-20T09:34:10.000Z,764,series/20260820_114939/20260820_123410.jpg,VALID,2026-08-20T09:34:07.643Z,-2.357,1,58.0,57.0,34.5,68.5,119.7,32.45,43.05,996.6,3410,S02
2026-08-20T09:34:40.000Z,763,series/20260820_114939/20260820_123440.jpg,VALID,2026-08-20T09:34:37.663Z,-2.337,1,58.0,57.0,34.75,68.69,120.0,32.43,43.13,996.5,3440,S02
2026-08-20T09:35:10.000Z,764,series/20260820_114939/20260820_123510.jpg,VALID,2026-08-20T09:35:07.679Z,-2.321,1,58.0,57.0,35.0,68.69,120.1,32.62,43.6,996.6,3470,S02
2026-08-20T09:35:40.000Z,765,series/20260820_114939/20260820_123540.jpg,VALID,2026-08-20T09:35:37.691Z,-2.309,1,58.0,57.25,35.25,68.8,120.1,32.88,43.83,996.5,3500,S02
2026-08-20T09:36:10.000Z,765,series/20260820_114939/20260820_123610.jpg,VALID,2026-08-20T09:36:07.702Z,-2.298,1,58.25,57.5,35.0,68.8,120.2,32.93,42.63,996.5,3530,S02
2026-08-20T09:36:40.000Z,767,series/20260820_114939/20260820_123640.jpg,VALID,2026-08-20T09:36:37.722Z,-2.278,1,58.25,57.5,34.75,68.6,120.2,32.65,42.27,996.5,3560,S02
2026-08-20T09:37:10.000Z,768,series/20260820_114939/20260820_123710.jpg,VALID,2026-08-20T09:37:07.736Z,-2.264,1,58.5,57.5,34.5,69.1,120.5,32.54,42.97,996.5,3590,S02
2026-08-20T09:37:40.000Z,771,series/20260820_114939/20260820_123740.jpg,VALID,2026-08-20T09:37:37.746Z,-2.254,1,58.5,57.25,34.75,69.1,120.8,32.58,44.46,996.4,3620,S02
2026-08-20T09:38:10.000Z,771,series/20260820_114939/20260820_123810.jpg,VALID,2026-08-20T09:38:07.759Z,-2.241,1,58.25,57.25,34.5,69.1,120.7,32.91,42.09,996.4,3650,S02
2026-08-20T09:38:40.000Z,771,series/20260820_114939/20260820_123840.jpg,VALID,2026-08-20T09:38:37.777Z,-2.223,1,58.0,57.25,34.5,69.1,121.0,32.36,43.41,996.5,3680,S02
2026-08-20T09:39:10.000Z,773,series/20260820_114939/20260820_123910.jpg,VALID,2026-08-20T09:39:07.790Z,-2.21,1,57.75,57.25,34.25,69.3,121.0,32.41,43.77,996.5,3710,S02
2026-08-20T09:39:40.000Z,774,series/20260820_114939/20260820_123940.jpg,VALID,2026-08-20T09:39:37.808Z,-2.192,1,57.75,57.25,34.25,69.5,121.2,32.72,43.35,996.5,3740,S02
2026-08-20T09:40:10.000Z,775,series/20260820_114939/20260820_124010.jpg,VALID,2026-08-20T09:40:07.816Z,-2.184,1,57.5,57.25,34.25,69.6,121.6,32.86,42.58,996.5,3770,S02
2026-08-20T09:40:40.000Z,776,series/20260820_114939/20260820_124040.jpg,VALID,2026-08-20T09:40:37.832Z,-2.168,1,57.75,57.25,34.5,69.6,121.7,32.84,42.43,996.5,3800,S02
2026-08-20T09:41:10.000Z,777,series/20260820_114939/20260820_124110.jpg,VALID,2026-08-20T09:41:07.848Z,-2.152,1,57.75,57.25,34.75,69.8,121.9,32.56,42.73,996.5,3830,S02
2026-08-20T09:41:40.000Z,779,series/20260820_114939/20260820_124140.jpg,VALID,2026-08-20T09:41:37.862Z,-2.138,1,57.75,57.5,34.75,70.0,122.2,32.72,43.08,996.5,3860,S02
2026-08-20T09:42:10.000Z,781,series/20260820_114939/20260820_124210.jpg,VALID,2026-08-20T09:42:07.871Z,-2.129,1,57.75,57.75,34.5,70.1,122.2,32.66,42.53,996.6,3890,S02
2026-08-20T09:42:40.000Z,783,series/20260820_114939/20260820_124240.jpg,VALID,2026-08-20T09:42:37.906Z,-2.094,1,57.75,57.5,33.75,70.19,122.6,31.96,43.0,996.5,3920,S02
2026-08-20T09:43:10.000Z,784,series/20260820_114939/20260820_124310.jpg,VALID,2026-08-20T09:43:08.111Z,-1.889,1,57.75,57.25,33.5,70.4,122.7,32.11,43.53,996.5,3950,S02
2026-08-20T09:44:10.000Z,783,series/20260820_114939/20260820_124410.jpg,VALID,2026-08-20T09:44:07.936Z,-2.064,1,57.5,56.75,34.0,70.3,122.4,32.41,42.43,996.6,4005,S02
2026-08-20T09:44:40.000Z,789,series/20260820_114939/20260820_124440.jpg,VALID,2026-08-20T09:44:37.954Z,-2.046,1,57.75,57.0,34.25,70.8,123.4,32.5,42.66,996.5,4035,S02
2026-08-20T09:45:10.000Z,791,series/20260820_114939/20260820_124510.jpg,VALID,2026-08-20T09:45:07.969Z,-2.031,1,57.75,57.25,34.25,71.1,123.5,32.41,42.96,996.5,4065,S02
2026-08-20T09:45:40.000Z,786,series/20260820_114939/20260820_124540.jpg,VALID,2026-08-20T09:45:37.980Z,-2.02,1,58.0,57.25,34.5,70.9,123.5,32.34,42.69,996.5,4095,S02
2026-08-20T12:13:36.000Z,756,series/20260820_151336/20260820_151336.jpg,VALID,2026-08-20T12:13:39.467Z,3.467,1,48.25,47.5,39.0,70.1,118.4,34.59,40.09,995.0,250,S03
2026-08-20T12:14:06.000Z,738,series/20260820_151336/20260820_151406.jpg,VALID,2026-08-20T12:14:09.485Z,3.485,1,49.0,48.25,39.25,69.0,116.3,34.58,39.83,995.0,280,S03
2026-08-20T12:14:36.000Z,721,series/20260820_151336/20260820_151436.jpg,VALID,2026-08-20T12:14:39.500Z,3.5,1,49.5,48.5,39.5,66.9,113.0,34.63,40.03,995.0,310,S03
2026-08-20T12:15:06.000Z,724,series/20260820_151336/20260820_151506.jpg,VALID,2026-08-20T12:15:09.518Z,3.518,1,50.25,49.25,40.0,67.4,113.6,34.99,39.69,995.0,340,S03
2026-08-20T12:15:36.000Z,702,series/20260820_151336/20260820_151536.jpg,VALID,2026-08-20T12:15:39.533Z,3.533,1,50.75,49.75,40.5,66.0,111.2,35.09,39.24,995.0,370,S03
2026-08-20T12:16:06.000Z,724,series/20260820_151336/20260820_151606.jpg,VALID,2026-08-20T12:16:09.549Z,3.549,1,51.5,50.0,40.5,67.4,113.6,35.0,39.31,995.0,400,S03
2026-08-20T12:16:36.000Z,714,series/20260820_151336/20260820_151636.jpg,VALID,2026-08-20T12:16:39.566Z,3.566,1,52.0,50.5,41.0,66.69,112.4,35.53,39.07,995.0,430,S03
2026-08-20T12:17:06.000Z,719,series/20260820_151336/20260820_151706.jpg,VALID,2026-08-20T12:17:09.583Z,3.583,1,52.5,51.0,41.5,67.19,113.3,35.91,38.34,995.0,460,S03
2026-08-20T12:17:36.000Z,726,series/20260820_151336/20260820_151736.jpg,VALID,2026-08-20T12:17:39.597Z,3.597,1,53.25,51.75,42.0,67.9,114.4,36.02,37.81,995.0,490,S03
2026-08-20T12:18:06.000Z,725,series/20260820_151336/20260820_151806.jpg,VALID,2026-08-20T12:18:09.614Z,3.614,1,53.75,52.5,42.5,67.9,114.4,36.0,38.24,995.0,520,S03
2026-08-20T12:18:36.000Z,725,series/20260820_151336/20260820_151836.jpg,VALID,2026-08-20T12:18:39.625Z,3.625,1,54.5,53.25,42.5,68.0,114.6,35.73,37.29,995.0,550,S03
2026-08-20T12:19:06.000Z,725,series/20260820_151336/20260820_151906.jpg,VALID,2026-08-20T12:19:09.636Z,3.636,1,54.75,53.5,42.75,67.8,114.4,35.81,37.74,995.0,580,S03
2026-08-20T12:19:36.000Z,723,series/20260820_151336/20260820_151936.jpg,VALID,2026-08-20T12:19:39.654Z,3.654,1,55.0,53.75,43.25,67.69,114.1,36.06,37.51,995.0,610,S03
2026-08-20T12:20:06.000Z,723,series/20260820_151336/20260820_152006.jpg,VALID,2026-08-20T12:20:09.667Z,3.667,1,55.5,54.0,43.25,67.8,114.4,35.75,38.23,995.0,640,S03
2026-08-20T12:20:36.000Z,725,series/20260820_151336/20260820_152036.jpg,VALID,2026-08-20T12:20:39.685Z,3.685,1,55.75,54.25,43.5,67.9,114.4,36.03,38.04,994.9,670,S03
2026-08-20T12:21:06.000Z,725,series/20260820_151336/20260820_152106.jpg,VALID,2026-08-20T12:21:09.695Z,3.695,1,56.0,54.5,43.0,68.0,114.6,35.5,38.45,994.9,700,S03
2026-08-20T12:21:36.000Z,727,series/20260820_151336/20260820_152136.jpg,VALID,2026-08-20T12:21:39.705Z,3.705,1,56.25,54.5,43.25,68.1,114.7,35.66,38.52,995.0,730,S03
2026-08-20T12:22:06.000Z,728,series/20260820_151336/20260820_152206.jpg,VALID,2026-08-20T12:22:09.722Z,3.722,1,56.25,54.5,44.0,68.3,115.1,36.04,38.32,994.9,760,S03
2026-08-20T12:22:36.000Z,731,series/20260820_151336/20260820_152236.jpg,VALID,2026-08-20T12:22:39.740Z,3.74,1,56.5,54.75,44.25,68.5,115.5,36.08,38.44,995.0,790,S03
2026-08-20T12:23:06.000Z,732,series/20260820_151336/20260820_152306.jpg,VALID,2026-08-20T12:23:09.760Z,3.76,1,56.75,55.0,44.75,68.69,115.7,36.14,38.31,994.9,820,S03
2026-08-20T12:23:36.000Z,733,series/20260820_151336/20260820_152336.jpg,VALID,2026-08-20T12:23:39.775Z,3.775,1,57.0,55.25,45.0,68.69,115.9,36.31,38.08,995.0,850,S03
2026-08-20T12:24:06.000Z,730,series/20260820_151336/20260820_152406.jpg,VALID,2026-08-20T12:24:09.791Z,3.791,1,57.25,55.5,45.0,68.6,115.3,36.3,37.98,994.9,880,S03
2026-08-20T12:24:36.000Z,730,series/20260820_151336/20260820_152436.jpg,VALID,2026-08-20T12:24:39.937Z,3.937,1,57.5,56.0,45.25,68.5,115.5,36.43,37.93,995.0,910,S03
2026-08-20T12:25:06.000Z,729,series/20260820_151336/20260820_152506.jpg,VALID,2026-08-20T12:25:09.822Z,3.822,1,57.5,56.25,45.25,68.5,115.5,36.38,37.44,995.0,935,S03
2026-08-20T12:25:36.000Z,724,series/20260820_151336/20260820_152536.jpg,VALID,2026-08-20T12:25:39.832Z,3.832,1,57.75,56.75,45.75,68.19,114.9,36.38,37.45,995.0,965,S03
2026-08-20T12:26:06.000Z,711,series/20260820_151336/20260820_152606.jpg,VALID,2026-08-20T12:26:09.847Z,3.847,1,58.0,57.0,46.0,67.3,113.4,36.22,37.64,995.0,995,S03
2026-08-20T12:26:36.000Z,685,series/20260820_151336/20260820_152636.jpg,VALID,2026-08-20T12:26:39.863Z,3.863,1,58.0,57.5,46.5,65.5,110.1,36.38,37.43,995.0,1025,S03
2026-08-20T12:27:06.000Z,610,series/20260820_151336/20260820_152706.jpg,VALID,2026-08-20T12:27:09.882Z,3.882,1,58.25,57.75,46.5,58.0,97.8,36.28,37.88,995.0,1055,S03
2026-08-20T12:27:36.000Z,203,series/20260820_151336/20260820_152736.jpg,VALID,2026-08-20T12:27:39.900Z,3.9,1,58.25,57.5,45.75,20.29,33.9,36.14,38.37,995.0,1085,S03
2026-08-20T12:28:06.000Z,105,series/20260820_151336/20260820_152806.jpg,VALID,2026-08-20T12:28:09.912Z,3.912,1,57.5,56.75,44.25,11.2,18.6,35.55,38.55,994.9,1115,S03
2026-08-20T12:28:36.000Z,189,series/20260820_151336/20260820_152836.jpg,VALID,2026-08-20T12:28:39.930Z,3.93,1,56.25,55.25,42.75,16.29,27.2,35.41,39.01,994.9,1145,S03
2026-08-20T12:29:06.000Z,586,series/20260820_151336/20260820_152906.jpg,VALID,2026-08-20T12:29:09.948Z,3.948,1,55.25,53.75,42.5,55.1,92.7,35.36,39.14,994.9,1175,S03
2026-08-20T12:29:36.000Z,654,series/20260820_151336/20260820_152936.jpg,VALID,2026-08-20T12:29:39.965Z,3.965,1,54.75,53.25,43.25,61.5,103.4,35.53,38.87,995.0,1205,S03
2026-08-20T12:30:06.000Z,624,series/20260820_151336/20260820_153006.jpg,VALID,2026-08-20T12:30:09.972Z,3.972,1,54.75,53.25,44.0,58.8,99.0,35.71,38.48,995.0,1235,S03
2026-08-20T12:30:36.000Z,699,series/20260820_151336/20260820_153036.jpg,VALID,2026-08-20T12:30:39.982Z,3.982,1,54.75,53.25,44.25,65.69,110.6,35.24,39.02,994.9,1265,S03
2026-08-20T12:31:06.000Z,696,series/20260820_151336/20260820_153106.jpg,VALID,2026-08-20T12:31:09.997Z,3.997,1,54.75,53.25,44.25,65.6,110.3,35.56,38.49,995.0,1295,S03
2026-08-20T12:31:36.000Z,713,series/20260820_151336/20260820_153136.jpg,VALID,2026-08-20T12:31:40.009Z,4.009,1,54.75,53.0,45.5,67.0,112.9,36.06,38.0,995.0,1325,S03
2026-08-20T12:32:06.000Z,717,series/20260820_151336/20260820_153206.jpg,VALID,2026-08-20T12:32:10.028Z,4.028,1,54.75,53.25,45.75,67.6,113.5,35.96,38.08,995.0,1355,S03
2026-08-20T12:32:36.000Z,715,series/20260820_151336/20260820_153236.jpg,VALID,2026-08-20T12:32:40.039Z,4.039,1,55.0,53.25,46.0,67.3,113.1,35.84,37.99,995.0,1385,S03
2026-08-20T12:33:06.000Z,713,series/20260820_151336/20260820_153306.jpg,VALID,2026-08-20T12:33:10.058Z,4.058,1,55.25,53.5,46.25,67.19,113.0,35.75,38.28,995.0,1415,S03
2026-08-20T12:33:36.000Z,711,series/20260820_151336/20260820_153336.jpg,VALID,2026-08-20T12:33:40.067Z,4.067,1,55.25,53.5,46.75,67.1,113.0,36.12,37.81,995.0,1445,S03
2026-08-20T12:34:06.000Z,705,series/20260820_151336/20260820_153406.jpg,VALID,2026-08-20T12:34:10.080Z,4.08,1,55.5,53.75,47.25,66.6,112.0,36.45,37.59,995.0,1475,S03
2026-08-20T12:34:36.000Z,679,series/20260820_151336/20260820_153436.jpg,VALID,2026-08-20T12:34:40.099Z,4.099,1,55.75,54.25,48.0,63.9,107.5,36.7,37.61,995.0,1505,S03
2026-08-20T12:35:06.000Z,585,series/20260820_151336/20260820_153506.jpg,VALID,2026-08-20T12:35:10.115Z,4.115,1,56.0,54.5,48.5,53.4,89.5,36.87,37.07,995.0,1535,S03
2026-08-20T12:35:36.000Z,634,series/20260820_151336/20260820_153536.jpg,VALID,2026-08-20T12:35:40.127Z,4.127,1,56.25,55.0,48.25,60.8,102.1,37.3,37.0,994.9,1565,S03
2026-08-20T12:36:06.000Z,699,series/20260820_151336/20260820_153606.jpg,VALID,2026-08-20T12:36:10.141Z,4.141,1,56.25,55.25,48.5,66.19,111.3,36.75,36.72,994.9,1595,S03
2026-08-20T12:36:36.000Z,707,series/20260820_151336/20260820_153636.jpg,VALID,2026-08-20T12:36:40.159Z,4.159,1,56.5,55.25,48.5,66.69,112.4,36.49,37.1,995.0,1625,S03
2026-08-20T12:37:06.000Z,710,series/20260820_151336/20260820_153706.jpg,VALID,2026-08-20T12:37:10.177Z,4.177,1,56.5,55.25,48.5,67.3,113.1,36.11,37.26,995.0,1655,S03
2026-08-20T12:38:06.000Z,448,series/20260820_151336/20260820_153806.jpg,VALID,2026-08-20T12:38:10.495Z,4.495,1,55.75,54.5,47.0,40.3,67.69,35.57,37.97,995.0,1715,S03
2026-08-20T12:38:36.000Z,556,series/20260820_151336/20260820_153836.jpg,VALID,2026-08-20T12:38:40.225Z,4.225,1,55.5,54.0,46.75,53.1,89.4,35.91,38.0,995.0,1740,S03
2026-08-20T12:39:06.000Z,483,series/20260820_151336/20260820_153906.jpg,VALID,2026-08-20T12:39:10.243Z,4.243,1,55.25,53.75,47.0,46.0,77.19,36.48,37.07,995.0,1770,S03
2026-08-20T12:39:36.000Z,624,series/20260820_151336/20260820_153936.jpg,VALID,2026-08-20T12:39:40.261Z,4.261,1,55.25,53.75,46.75,59.4,99.7,36.05,37.91,995.0,1800,S03
2026-08-20T12:40:06.000Z,679,series/20260820_151336/20260820_154006.jpg,VALID,2026-08-20T12:40:10.279Z,4.279,1,55.25,53.75,46.75,64.1,107.6,35.82,38.01,994.9,1830,S03
2026-08-20T12:40:36.000Z,672,series/20260820_151336/20260820_154036.jpg,VALID,2026-08-20T12:40:40.291Z,4.291,1,55.25,53.5,47.5,63.7,106.8,36.23,37.56,995.0,1860,S03
2026-08-20T12:41:06.000Z,678,series/20260820_151336/20260820_154106.jpg,VALID,2026-08-20T12:41:10.311Z,4.311,1,55.25,53.5,47.75,64.0,107.6,36.22,37.85,995.0,1890,S03
2026-08-20T12:41:36.000Z,684,series/20260820_151336/20260820_154136.jpg,VALID,2026-08-20T12:41:40.327Z,4.327,1,55.25,53.5,47.5,64.69,108.8,35.79,38.33,994.9,1920,S03
2026-08-20T12:42:06.000Z,681,series/20260820_151336/20260820_154206.jpg,VALID,2026-08-20T12:42:10.343Z,4.343,1,55.25,53.5,47.0,64.5,108.3,35.47,38.68,994.9,1950,S03
2026-08-20T12:42:36.000Z,677,series/20260820_151336/20260820_154236.jpg,VALID,2026-08-20T12:42:40.360Z,4.36,1,55.25,53.25,47.25,64.19,107.9,35.63,38.22,994.9,1980,S03
2026-08-20T12:43:06.000Z,675,series/20260820_151336/20260820_154306.jpg,VALID,2026-08-20T12:43:10.378Z,4.378,1,55.25,53.25,47.5,64.0,107.6,35.66,38.17,994.9,2010,S03
2026-08-20T12:43:36.000Z,673,series/20260820_151336/20260820_154336.jpg,VALID,2026-08-20T12:43:40.397Z,4.397,1,55.25,53.25,46.75,63.9,107.2,35.28,38.49,994.6,2040,S03
2026-08-20T12:44:06.000Z,671,series/20260820_151336/20260820_154406.jpg,VALID,2026-08-20T12:44:10.414Z,4.414,1,55.0,52.75,46.5,63.6,106.9,35.41,38.8,994.9,2070,S03
2026-08-20T12:44:36.000Z,669,series/20260820_151336/20260820_154436.jpg,VALID,2026-08-20T12:44:40.431Z,4.431,1,54.75,52.25,46.75,63.5,106.5,35.39,38.74,994.8,2100,S03
2026-08-20T12:45:06.000Z,667,series/20260820_151336/20260820_154506.jpg,VALID,2026-08-20T12:45:00.444Z,-5.556,1,54.5,52.25,46.75,63.3,106.3,35.12,38.74,994.9,2120,S03
2026-08-20T12:45:36.000Z,666,series/20260820_151336/20260820_154536.jpg,VALID,2026-08-20T12:45:35.579Z,-0.421,1,54.5,52.0,46.0,63.2,106.2,35.4,38.72,994.9,2155,S03
2026-08-20T12:46:06.000Z,666,series/20260820_151336/20260820_154606.jpg,VALID,2026-08-20T12:46:05.603Z,-0.397,1,54.5,52.0,45.5,63.2,106.3,34.97,39.24,994.8,2185,S03
2026-08-20T12:46:36.000Z,666,series/20260820_151336/20260820_154636.jpg,VALID,2026-08-20T12:46:35.619Z,-0.381,1,54.25,52.0,45.75,63.2,106.1,35.31,38.88,994.9,2215,S03
2026-08-20T12:47:06.000Z,664,series/20260820_151336/20260820_154706.jpg,VALID,2026-08-20T12:47:05.641Z,-0.359,1,54.5,52.0,46.0,63.2,106.0,35.32,38.6,994.8,2245,S03
2026-08-20T12:47:36.000Z,664,series/20260820_151336/20260820_154736.jpg,VALID,2026-08-20T12:47:35.657Z,-0.343,1,54.25,52.0,45.75,62.9,105.5,35.07,39.19,994.9,2275,S03
2026-08-20T12:48:06.000Z,663,series/20260820_151336/20260820_154806.jpg,VALID,2026-08-20T12:48:05.674Z,-0.326,1,54.25,51.75,45.75,63.1,105.9,35.11,39.1,994.8,2305,S03
2026-08-20T12:48:36.000Z,669,series/20260820_151336/20260820_154836.jpg,VALID,2026-08-20T12:48:35.690Z,-0.31,1,54.25,51.75,46.0,63.1,105.9,35.25,38.78,994.8,2335,S03
2026-08-20T12:49:06.000Z,663,series/20260820_151336/20260820_154906.jpg,VALID,2026-08-20T12:49:05.714Z,-0.286,1,54.5,52.0,45.5,63.3,105.8,35.22,39.04,994.8,2365,S03
2026-08-20T12:49:36.000Z,665,series/20260820_151336/20260820_154936.jpg,VALID,2026-08-20T12:49:35.727Z,-0.273,1,54.5,51.75,45.5,63.4,106.1,35.4,38.8,994.8,2395,S03
2026-08-20T12:50:06.000Z,650,series/20260820_151336/20260820_155006.jpg,VALID,2026-08-20T12:50:05.741Z,-0.259,1,54.5,51.75,46.25,61.5,103.1,35.84,38.17,994.9,2425,S03
2026-08-20T12:50:36.000Z,487,series/20260820_151336/20260820_155036.jpg,VALID,2026-08-20T12:50:35.755Z,-0.245,1,54.5,51.75,46.25,46.0,77.1,35.78,37.76,994.9,2455,S03
2026-08-20T12:51:06.000Z,447,series/20260820_151336/20260820_155106.jpg,VALID,2026-08-20T12:51:05.791Z,-0.209,1,54.25,51.75,45.5,44.9,75.1,35.55,38.2,994.9,2485,S03
2026-08-20T12:51:36.000Z,414,series/20260820_151336/20260820_155136.jpg,VALID,2026-08-20T12:51:35.997Z,-0.003,1,54.0,51.5,45.25,40.4,67.6,35.55,37.96,994.8,2515,S03
2026-08-20T12:52:06.000Z,466,series/20260820_151336/20260820_155206.jpg,VALID,2026-08-20T12:52:05.818Z,-0.182,1,53.75,51.25,44.75,44.9,75.1,35.52,38.33,994.9,2540,S03
2026-08-20T12:52:36.000Z,597,series/20260820_151336/20260820_155236.jpg,VALID,2026-08-20T12:52:35.830Z,-0.17,1,53.5,50.75,44.75,53.8,90.1,35.5,38.51,994.8,2570,S03
2026-08-20T12:53:06.000Z,622,series/20260820_151336/20260820_155306.jpg,VALID,2026-08-20T12:53:05.849Z,-0.151,1,53.25,50.75,45.25,59.3,99.5,35.91,38.27,994.9,2600,S03
2026-08-20T12:53:36.000Z,619,series/20260820_151336/20260820_155336.jpg,VALID,2026-08-20T12:53:35.861Z,-0.139,1,53.25,50.75,45.5,53.1,88.9,36.12,37.74,994.9,2630,S03
2026-08-20T12:54:06.000Z,592,series/20260820_151336/20260820_155406.jpg,VALID,2026-08-20T12:54:05.875Z,-0.125,1,53.25,50.75,45.75,58.9,98.5,35.96,37.78,994.9,2660,S03
2026-08-20T12:54:36.000Z,325,series/20260820_151336/20260820_155436.jpg,VALID,2026-08-20T12:54:35.891Z,-0.109,1,53.25,51.0,45.5,38.8,64.6,35.8,37.99,994.8,2690,S03
2026-08-20T12:55:06.000Z,416,series/20260820_151336/20260820_155506.jpg,VALID,2026-08-20T12:55:05.913Z,-0.087,1,53.0,50.75,44.75,34.09,57.0,35.82,37.86,994.9,2720,S03
2026-08-20T12:55:36.000Z,469,series/20260820_151336/20260820_155536.jpg,VALID,2026-08-20T12:55:35.926Z,-0.074,1,52.75,50.5,44.75,45.6,76.19,35.93,37.76,994.8,2750,S03
2026-08-20T12:56:06.000Z,556,series/20260820_151336/20260820_155606.jpg,VALID,2026-08-20T12:56:05.946Z,-0.054,1,52.5,50.25,44.5,51.2,85.7,35.53,37.89,994.8,2780,S03
2026-08-20T12:56:36.000Z,594,series/20260820_151336/20260820_155636.jpg,VALID,2026-08-20T12:56:35.961Z,-0.039,1,52.5,50.25,44.75,56.4,94.3,35.82,37.86,994.8,2810,S03
2026-08-20T12:57:06.000Z,493,series/20260820_151336/20260820_155706.jpg,VALID,2026-08-20T12:57:05.977Z,-0.023,1,52.5,50.25,45.25,49.3,82.4,35.95,37.65,994.8,2840,S03
2026-08-20T12:57:36.000Z,548,series/20260820_151336/20260820_155736.jpg,VALID,2026-08-20T12:57:35.997Z,-0.003,1,52.5,50.25,45.5,52.2,87.3,35.98,38.06,994.8,2870,S03
2026-08-20T12:58:06.000Z,506,series/20260820_151336/20260820_155806.jpg,VALID,2026-08-20T12:58:06.011Z,0.011,1,52.75,50.25,45.5,49.5,82.8,35.97,37.75,994.8,2900,S03
2026-08-20T12:58:36.000Z,371,series/20260820_151336/20260820_155836.jpg,VALID,2026-08-20T12:58:36.023Z,0.023,1,52.75,50.25,45.25,35.9,60.1,35.79,38.08,994.8,2930,S03
2026-08-20T12:59:06.000Z,554,series/20260820_151336/20260820_155906.jpg,VALID,2026-08-20T12:59:06.049Z,0.049,1,52.75,50.25,45.25,52.1,87.2,36.15,37.39,994.8,2960,S03
2026-08-20T12:59:36.000Z,547,series/20260820_151336/20260820_155936.jpg,VALID,2026-08-20T12:59:36.058Z,0.058,1,52.75,50.25,45.75,52.7,88.2,36.04,37.31,994.8,2990,S03
2026-08-20T13:00:06.000Z,501,series/20260820_151336/20260820_160006.jpg,VALID,2026-08-20T13:00:06.074Z,0.074,1,52.75,50.5,46.0,49.6,83.1,36.25,37.59,994.8,3020,S03
2026-08-20T13:00:36.000Z,568,series/20260820_151336/20260820_160036.jpg,VALID,2026-08-20T13:00:36.087Z,0.087,1,52.75,50.5,46.25,54.8,91.6,36.78,37.04,994.8,3050,S03
2026-08-20T13:01:06.000Z,623,series/20260820_151336/20260820_160106.jpg,VALID,2026-08-20T13:01:06.108Z,0.108,1,52.75,50.5,46.25,59.5,99.7,36.12,36.95,994.8,3080,S03
2026-08-20T13:01:36.000Z,626,series/20260820_151336/20260820_160136.jpg,VALID,2026-08-20T13:01:36.127Z,0.127,1,53.0,50.75,45.75,59.5,99.5,35.78,37.64,994.8,3110,S03
2026-08-20T13:02:06.000Z,352,series/20260820_151336/20260820_160206.jpg,VALID,2026-08-20T13:02:06.145Z,0.145,1,53.0,51.0,45.25,32.4,54.0,35.82,38.05,994.9,3140,S03
2026-08-20T13:02:36.000Z,582,series/20260820_151336/20260820_160236.jpg,VALID,2026-08-20T13:02:36.165Z,0.165,1,53.0,50.75,45.0,55.3,92.4,36.04,37.55,994.8,3170,S03
2026-08-20T13:03:06.000Z,582,series/20260820_151336/20260820_160306.jpg,VALID,2026-08-20T13:03:06.183Z,0.183,1,53.0,50.75,45.0,53.5,89.8,36.3,37.3,994.8,3200,S03
2026-08-20T13:03:36.000Z,637,series/20260820_151336/20260820_160336.jpg,VALID,2026-08-20T13:03:36.204Z,0.204,1,53.0,51.0,45.0,60.4,101.0,36.03,37.45,994.8,3230,S03
2026-08-20T13:04:06.000Z,651,series/20260820_151336/20260820_160406.jpg,VALID,2026-08-20T13:04:06.221Z,0.221,1,53.25,51.0,44.75,62.5,104.5,35.91,37.25,994.9,3260,S03
2026-08-20T13:04:36.000Z,658,series/20260820_151336/20260820_160436.jpg,VALID,2026-08-20T13:04:36.348Z,0.348,1,53.5,51.25,45.0,63.2,105.6,36.34,36.94,994.8,3290,S03
2026-08-20T13:05:06.000Z,653,series/20260820_151336/20260820_160506.jpg,VALID,2026-08-20T13:05:06.554Z,0.554,1,53.75,51.5,45.5,62.6,104.6,36.5,37.44,994.8,3320,S03
2026-08-20T13:05:36.000Z,645,series/20260820_151336/20260820_160536.jpg,VALID,2026-08-20T13:05:36.275Z,0.275,1,54.0,51.75,45.5,62.1,103.7,36.37,37.3,994.8,3345,S03
2026-08-20T13:06:06.000Z,648,series/20260820_151336/20260820_160606.jpg,VALID,2026-08-20T13:06:06.285Z,0.285,1,54.5,52.25,45.75,62.3,104.2,36.78,36.66,994.8,3375,S03
2026-08-20T13:06:36.000Z,645,series/20260820_151336/20260820_160636.jpg,VALID,2026-08-20T13:06:36.295Z,0.295,1,54.75,52.5,46.25,62.2,103.9,37.18,36.68,994.8,3405,S03
2026-08-20T13:07:06.000Z,640,series/20260820_151336/20260820_160706.jpg,VALID,2026-08-20T13:07:11.445Z,5.445,1,55.0,53.0,46.5,61.9,103.4,37.59,36.51,994.8,3440,S03
2026-08-20T13:07:36.000Z,638,series/20260820_151336/20260820_160736.jpg,VALID,2026-08-20T13:07:31.455Z,-4.545,1,55.25,53.25,46.5,61.8,103.1,37.68,36.26,994.8,3460,S03
2026-08-20T13:08:06.000Z,637,series/20260820_151336/20260820_160806.jpg,VALID,2026-08-20T13:08:01.467Z,-4.533,1,55.75,53.5,47.0,61.6,102.6,38.23,35.82,994.8,3490,S03
2026-08-20T13:08:36.000Z,636,series/20260820_151336/20260820_160836.jpg,VALID,2026-08-20T13:08:31.482Z,-4.518,1,56.0,54.0,47.0,61.5,102.7,37.96,35.92,994.8,3520,S03
2026-08-20T13:09:06.000Z,628,series/20260820_151336/20260820_160906.jpg,VALID,2026-08-20T13:09:01.502Z,-4.498,1,56.25,54.5,47.25,60.9,101.8,38.07,36.34,994.8,3550,S03
2026-08-20T13:09:36.000Z,619,series/20260820_151336/20260820_160936.jpg,VALID,2026-08-20T13:09:31.522Z,-4.478,1,56.75,54.75,47.25,60.5,101.0,37.39,36.69,994.8,3580,S03
2026-08-20T13:10:06.000Z,623,series/20260820_151336/20260820_161006.jpg,VALID,2026-08-20T13:10:01.532Z,-4.468,1,57.0,55.0,47.25,59.4,99.2,37.04,36.75,994.8,3610,S03
2026-08-20T13:10:36.000Z,623,series/20260820_151336/20260820_161036.jpg,VALID,2026-08-20T13:10:31.548Z,-4.452,1,57.0,55.0,47.0,60.5,100.9,37.38,36.6,994.8,3640,S03
2026-08-20T13:11:06.000Z,623,series/20260820_151336/20260820_161106.jpg,VALID,2026-08-20T13:11:01.566Z,-4.434,1,57.25,55.0,46.5,60.4,100.8,36.45,37.34,994.8,3670,S03
2026-08-20T13:11:36.000Z,620,series/20260820_151336/20260820_161136.jpg,VALID,2026-08-20T13:11:31.585Z,-4.415,1,57.25,55.0,46.5,60.2,100.4,36.77,37.37,994.8,3700,S03
2026-08-20T13:12:06.000Z,615,series/20260820_151336/20260820_161206.jpg,VALID,2026-08-20T13:12:01.607Z,-4.393,1,57.25,54.75,46.5,59.7,99.2,36.79,36.87,994.9,3730,S03
2026-08-20T13:12:36.000Z,612,series/20260820_151336/20260820_161236.jpg,VALID,2026-08-20T13:12:31.627Z,-4.373,1,57.0,54.5,46.25,59.4,99.0,36.62,36.94,994.8,3760,S03
2026-08-20T13:13:06.000Z,611,series/20260820_151336/20260820_161306.jpg,VALID,2026-08-20T13:13:01.647Z,-4.353,1,56.5,54.0,46.25,59.2,98.8,36.57,36.83,994.8,3790,S03
2026-08-20T13:13:36.000Z,608,series/20260820_151336/20260820_161336.jpg,VALID,2026-08-20T13:13:31.659Z,-4.341,1,56.25,53.5,46.0,58.9,98.0,36.31,37.12,994.8,3820,S03
2026-08-20T13:14:06.000Z,606,series/20260820_151336/20260820_161406.jpg,VALID,2026-08-20T13:14:01.676Z,-4.324,1,55.75,53.0,46.0,58.9,97.8,36.55,36.78,994.8,3850,S03
2026-08-20T13:14:36.000Z,605,series/20260820_151336/20260820_161436.jpg,VALID,2026-08-20T13:14:31.694Z,-4.306,1,55.5,52.75,46.25,58.5,97.5,36.75,37.04,994.8,3880,S03
2026-08-20T13:15:06.000Z,602,series/20260820_151336/20260820_161506.jpg,VALID,2026-08-20T13:15:01.716Z,-4.284,1,55.25,52.75,46.25,58.5,97.5,36.38,36.88,994.8,3910,S03
2026-08-20T13:15:36.000Z,598,series/20260820_151336/20260820_161536.jpg,VALID,2026-08-20T13:15:31.728Z,-4.272,1,55.25,52.75,45.5,58.2,96.8,35.91,37.73,994.8,3940,S03
2026-08-20T13:16:07.000Z,598,series/20260820_151336/20260820_161607.jpg,VALID,2026-08-20T13:16:11.753Z,4.753,1,55.0,52.5,44.75,57.9,96.5,35.75,37.61,994.8,3980,S03
2026-08-20T13:16:37.000Z,598,series/20260820_151336/20260820_161637.jpg,VALID,2026-08-20T13:16:41.765Z,4.765,1,54.75,52.0,45.0,57.9,96.2,36.13,37.28,994.8,4010,S03
2026-08-20T13:17:07.000Z,583,series/20260820_151336/20260820_161707.jpg,VALID,2026-08-20T13:17:11.786Z,4.786,1,54.75,51.75,44.75,56.7,94.2,35.77,37.72,994.9,4040,S03
2026-08-20T13:17:37.000Z,591,series/20260820_151336/20260820_161737.jpg,VALID,2026-08-20T13:17:41.800Z,4.8,1,54.5,51.5,44.25,57.5,95.6,35.56,37.82,994.8,4070,S03
2026-08-20T13:18:07.000Z,594,series/20260820_151336/20260820_161807.jpg,VALID,2026-08-20T13:18:11.938Z,4.938,1,54.25,51.25,44.5,57.7,95.9,35.74,37.79,994.9,4100,S03
2026-08-20T13:18:37.000Z,595,series/20260820_151336/20260820_161837.jpg,VALID,2026-08-20T13:18:32.068Z,-4.932,1,54.25,51.0,44.5,57.6,95.9,35.77,37.41,994.9,4120,S03
2026-08-20T13:19:07.000Z,595,series/20260820_151336/20260820_161907.jpg,VALID,2026-08-20T13:19:11.862Z,4.862,1,54.0,50.75,44.75,57.7,95.9,36.0,37.61,994.8,4155,S03
2026-08-20T13:19:37.000Z,597,series/20260820_151336/20260820_161937.jpg,VALID,2026-08-20T13:19:31.869Z,-5.131,1,54.0,50.75,44.75,57.6,95.7,35.93,37.48,994.9,4175,S03
2026-08-20T13:20:07.000Z,597,series/20260820_151336/20260820_162007.jpg,VALID,2026-08-20T13:20:11.896Z,4.896,1,54.0,50.5,44.75,58.0,96.5,36.07,37.68,994.8,4215,S03
2026-08-20T13:20:37.000Z,597,series/20260820_151336/20260820_162037.jpg,VALID,2026-08-20T13:20:41.907Z,4.907,1,53.75,50.75,45.25,58.0,96.5,36.34,37.52,994.8,4245,S03
2026-08-20T13:21:07.000Z,581,series/20260820_151336/20260820_162107.jpg,VALID,2026-08-20T13:21:11.928Z,4.928,1,54.0,50.75,46.0,56.6,94.1,36.68,37.15,994.8,4275,S03
2026-08-20T13:21:37.000Z,532,series/20260820_151336/20260820_162137.jpg,VALID,2026-08-20T13:21:41.945Z,4.945,1,54.0,51.0,45.75,51.7,86.1,36.15,37.46,994.8,4305,S03
2026-08-20T13:22:07.000Z,531,series/20260820_151336/20260820_162207.jpg,VALID,2026-08-20T13:22:11.966Z,4.966,1,54.0,51.0,45.5,51.8,85.9,36.39,37.71,994.8,4335,S03
2026-08-20T13:22:37.000Z,520,series/20260820_151336/20260820_162237.jpg,VALID,2026-08-20T13:22:41.985Z,4.985,1,54.0,50.75,46.0,50.7,84.2,36.89,37.34,994.8,4365,S03
2026-08-20T13:23:07.000Z,374,series/20260820_151336/20260820_162307.jpg,VALID,2026-08-20T13:23:01.999Z,-5.001,1,54.0,51.0,46.0,38.0,63.0,36.7,36.87,994.8,4385,S03
2026-08-20T13:23:37.000Z,468,series/20260820_151336/20260820_162337.jpg,VALID,2026-08-20T13:23:32.014Z,-4.986,1,53.75,50.75,45.75,39.0,64.8,36.63,37.1,994.8,4415,S03
2026-08-20T13:24:37.000Z,265,series/20260820_151336/20260820_162437.jpg,VALID,2026-08-20T13:24:32.054Z,-4.946,1,53.25,50.25,44.75,30.0,49.7,36.21,37.78,994.8,4475,S03
2026-08-20T13:25:07.000Z,513,series/20260820_151336/20260820_162507.jpg,VALID,2026-08-20T13:25:02.064Z,-4.936,1,52.75,49.75,44.5,44.8,74.4,36.58,37.18,994.8,4505,S03
2026-08-20T13:25:37.000Z,589,series/20260820_151336/20260820_162537.jpg,VALID,2026-08-20T13:25:32.076Z,-4.924,1,52.5,49.5,45.0,57.5,95.6,36.84,37.0,994.7,4535,S03
2026-08-20T13:26:07.000Z,579,series/20260820_151336/20260820_162607.jpg,VALID,2026-08-20T13:26:02.095Z,-4.905,1,52.5,49.75,45.0,57.6,95.6,36.38,37.51,994.8,4565,S03
2026-08-20T13:26:37.000Z,579,series/20260820_151336/20260820_162637.jpg,VALID,2026-08-20T13:26:32.116Z,-4.884,1,52.75,49.75,45.0,56.7,94.3,36.28,37.48,994.8,4595,S03
2026-08-20T13:27:07.000Z,548,series/20260820_151336/20260820_162707.jpg,VALID,2026-08-20T13:27:02.132Z,-4.868,1,52.75,50.0,45.0,54.3,90.1,36.21,37.15,994.7,4625,S03
2026-08-20T13:27:37.000Z,394,series/20260820_151336/20260820_162737.jpg,VALID,2026-08-20T13:27:32.137Z,-4.863,1,52.75,50.0,45.25,40.09,66.5,36.46,36.87,994.8,4655,S03
2026-08-20T13:28:07.000Z,491,series/20260820_151336/20260820_162807.jpg,VALID,2026-08-20T13:28:02.154Z,-4.846,1,52.75,49.75,44.75,45.6,75.6,36.37,37.03,994.7,4685,S03
2026-08-20T13:28:37.000Z,477,series/20260820_151336/20260820_162837.jpg,VALID,2026-08-20T13:28:32.174Z,-4.826,1,52.25,49.5,45.0,48.9,81.0,36.45,36.87,994.8,4715,S03
2026-08-20T13:29:07.000Z,532,series/20260820_151336/20260820_162907.jpg,VALID,2026-08-20T13:29:02.195Z,-4.805,1,52.25,49.5,44.5,50.8,84.3,36.02,37.2,994.7,4745,S03
2026-08-20T13:29:37.000Z,577,series/20260820_151336/20260820_162937.jpg,VALID,2026-08-20T13:29:32.216Z,-4.784,1,52.25,49.5,44.75,55.4,92.0,36.5,37.09,994.8,4775,S03
2026-08-20T13:30:07.000Z,588,series/20260820_151336/20260820_163007.jpg,VALID,2026-08-20T13:30:02.235Z,-4.765,1,52.25,49.5,45.5,57.7,95.7,37.02,36.83,994.8,4805,S03
2026-08-20T13:31:07.000Z,604,series/20260820_151336/20260820_163107.jpg,VALID,2026-08-20T13:31:02.268Z,-4.732,1,52.5,50.0,45.75,58.8,97.3,36.48,36.88,994.8,4865,S03
2026-08-20T13:32:07.000Z,605,series/20260820_151336/20260820_163207.jpg,VALID,2026-08-20T13:32:02.615Z,-4.385,1,52.75,50.25,46.25,58.9,97.5,37.18,36.49,994.8,4925,S03
2026-08-20T13:32:37.000Z,600,series/20260820_151336/20260820_163237.jpg,VALID,2026-08-20T13:32:32.328Z,-4.672,1,53.0,50.5,46.75,57.6,95.4,37.27,36.13,994.7,4950,S03
2026-08-20T13:33:07.000Z,608,series/20260820_151336/20260820_163307.jpg,VALID,2026-08-20T13:33:02.346Z,-4.654,1,53.25,50.75,47.0,59.1,98.0,37.41,36.17,994.7,4980,S03
2026-08-20T13:33:37.000Z,613,series/20260820_151336/20260820_163337.jpg,VALID,2026-08-20T13:33:32.363Z,-4.637,1,53.5,51.0,47.0,58.6,97.1,37.22,36.49,994.8,5010,S03
2026-08-20T13:34:07.000Z,562,series/20260820_151336/20260820_163407.jpg,VALID,2026-08-20T13:34:02.383Z,-4.617,1,53.75,51.25,47.25,58.8,97.4,37.16,36.44,994.7,5040,S03
2026-08-20T13:34:37.000Z,574,series/20260820_151336/20260820_163437.jpg,VALID,2026-08-20T13:34:32.405Z,-4.595,1,53.75,51.5,46.5,60.6,100.4,36.5,36.77,994.8,5070,S03
2026-08-20T13:35:07.000Z,326,series/20260820_151336/20260820_163507.jpg,VALID,2026-08-20T13:35:02.419Z,-4.581,1,54.0,51.5,45.5,40.8,67.69,36.05,37.39,994.8,5100,S03
2026-08-20T13:35:37.000Z,275,series/20260820_151336/20260820_163537.jpg,VALID,2026-08-20T13:35:32.435Z,-4.565,1,53.5,51.0,44.5,30.3,50.0,36.0,37.27,994.8,5130,S03
2026-08-20T13:36:07.000Z,313,series/20260820_151336/20260820_163607.jpg,VALID,2026-08-20T13:36:02.455Z,-4.545,1,53.0,50.25,43.5,24.7,40.7,35.9,37.86,994.7,5160,S03
2026-08-20T13:36:37.000Z,340,series/20260820_151336/20260820_163637.jpg,VALID,2026-08-20T13:36:32.469Z,-4.531,1,52.25,49.75,43.0,30.5,50.3,35.61,37.27,994.7,5190,S03
2026-08-20T13:37:37.000Z,347,series/20260820_151336/20260820_163737.jpg,VALID,2026-08-20T13:37:32.503Z,-4.497,1,51.0,48.5,41.5,30.9,51.0,35.75,37.08,994.7,5250,S03
2026-08-20T13:38:07.000Z,349,series/20260820_151336/20260820_163807.jpg,VALID,2026-08-20T13:38:02.526Z,-4.474,1,50.75,48.0,41.25,33.5,55.2,35.52,37.47,994.7,5280,S03
2026-08-20T13:38:37.000Z,369,series/20260820_151336/20260820_163837.jpg,VALID,2026-08-20T13:38:32.542Z,-4.458,1,50.25,47.75,40.5,33.7,55.6,34.95,37.65,994.7,5310,S03
2026-08-20T13:39:37.000Z,316,series/20260820_151336/20260820_163937.jpg,VALID,2026-08-20T13:39:32.571Z,-4.429,1,49.5,46.75,40.75,36.7,60.4,35.13,37.59,994.7,5370,S03
2026-08-20T13:40:07.000Z,323,series/20260820_151336/20260820_164007.jpg,VALID,2026-08-20T13:40:02.591Z,-4.409,1,49.0,46.25,40.25,30.6,50.3,35.08,37.86,994.7,5400,S03
2026-08-20T13:40:37.000Z,256,series/20260820_151336/20260820_164037.jpg,VALID,2026-08-20T13:40:32.611Z,-4.389,1,48.5,46.0,40.0,26.9,44.2,35.21,38.0,994.7,5430,S03
2026-08-20T13:41:07.000Z,370,series/20260820_151336/20260820_164107.jpg,VALID,2026-08-20T13:41:02.631Z,-4.369,1,48.25,45.5,40.0,33.7,55.5,35.34,38.18,994.7,5460,S03
2026-08-20T13:41:37.000Z,506,series/20260820_151336/20260820_164137.jpg,VALID,2026-08-20T13:41:32.651Z,-4.349,1,48.0,45.25,40.25,45.6,75.19,35.11,37.76,994.7,5490,S03
2026-08-20T13:42:07.000Z,416,series/20260820_151336/20260820_164207.jpg,VALID,2026-08-20T13:42:02.668Z,-4.332,1,48.0,45.25,40.25,45.2,74.5,35.0,37.78,994.7,5520,S03
2026-08-20T13:42:37.000Z,467,series/20260820_151336/20260820_164237.jpg,VALID,2026-08-20T13:42:32.690Z,-4.31,1,47.75,45.0,40.0,43.7,72.0,34.87,38.37,994.7,5550,S03
2026-08-20T13:43:07.000Z,527,series/20260820_151336/20260820_164307.jpg,VALID,2026-08-20T13:43:02.705Z,-4.295,1,47.5,45.0,40.5,50.9,84.0,35.23,37.98,994.7,5580,S03
2026-08-20T13:43:37.000Z,542,series/20260820_151336/20260820_164337.jpg,VALID,2026-08-20T13:43:32.723Z,-4.277,1,47.5,45.0,41.25,53.8,88.8,35.72,37.55,994.8,5610,S03
2026-08-20T13:44:07.000Z,548,series/20260820_151336/20260820_164407.jpg,VALID,2026-08-20T13:44:02.735Z,-4.265,1,47.75,45.0,41.75,53.8,88.7,35.48,37.71,994.7,5640,S03
2026-08-20T13:44:37.000Z,548,series/20260820_151336/20260820_164437.jpg,VALID,2026-08-20T13:44:32.758Z,-4.242,1,48.0,45.5,42.0,53.3,88.0,35.68,37.29,994.8,5670,S03
2026-08-20T13:45:07.000Z,531,series/20260820_151336/20260820_164507.jpg,VALID,2026-08-20T13:45:02.945Z,-4.055,1,48.25,45.5,42.5,53.4,88.0,36.04,37.38,994.8,5700,S03
2026-08-20T13:46:07.000Z,544,series/20260820_151336/20260820_164607.jpg,VALID,2026-08-20T13:46:02.818Z,-4.182,1,48.5,46.0,43.0,53.4,88.1,36.06,37.37,994.8,5755,S03
2026-08-20T13:46:37.000Z,551,series/20260820_151336/20260820_164637.jpg,VALID,2026-08-20T13:46:32.839Z,-4.161,1,48.75,46.25,43.75,53.5,88.1,36.63,37.1,994.8,5785,S03
2026-08-20T13:47:07.000Z,550,series/20260820_151336/20260820_164707.jpg,VALID,2026-08-20T13:47:02.861Z,-4.139,1,49.25,46.75,44.0,53.8,88.7,36.93,36.48,994.8,5815,S03
2026-08-20T13:47:37.000Z,550,series/20260820_151336/20260820_164737.jpg,VALID,2026-08-20T13:47:32.882Z,-4.118,1,49.5,47.0,44.5,54.0,89.1,37.47,36.0,994.8,5845,S03
2026-08-20T13:48:07.000Z,549,series/20260820_151336/20260820_164807.jpg,VALID,2026-08-20T13:48:02.903Z,-4.097,1,49.75,47.25,45.0,54.2,89.3,36.95,36.38,994.8,5875,S03
2026-08-20T13:48:37.000Z,546,series/20260820_151336/20260820_164837.jpg,VALID,2026-08-20T13:48:32.925Z,-4.075,1,50.0,47.75,45.25,54.1,89.3,37.18,36.39,994.8,5905,S03
2026-08-20T13:49:07.000Z,551,series/20260820_151336/20260820_164907.jpg,VALID,2026-08-20T13:49:02.947Z,-4.053,1,50.5,48.25,46.0,54.2,89.4,37.55,36.01,994.8,5935,S03
2026-08-20T13:49:37.000Z,552,series/20260820_151336/20260820_164937.jpg,VALID,2026-08-20T13:49:32.968Z,-4.032,1,50.75,48.5,46.0,54.2,89.4,37.0,36.12,994.8,5965,S03
2026-08-20T13:50:07.000Z,554,series/20260820_151336/20260820_165007.jpg,VALID,2026-08-20T13:50:02.978Z,-4.022,1,51.0,48.75,46.0,54.6,89.9,37.07,36.03,994.8,5995,S03
2026-08-20T13:50:37.000Z,541,series/20260820_151336/20260820_165037.jpg,VALID,2026-08-20T13:50:33.000Z,-4.0,1,51.0,49.0,46.25,52.2,85.8,37.27,36.04,994.7,6025,S03
2026-08-20T13:51:07.000Z,505,series/20260820_151336/20260820_165107.jpg,VALID,2026-08-20T13:51:03.021Z,-3.979,1,51.25,49.0,46.5,46.9,77.19,38.18,35.79,994.7,6055,S03
2026-08-20T13:51:37.000Z,546,series/20260820_151336/20260820_165137.jpg,VALID,2026-08-20T13:51:33.044Z,-3.956,1,51.5,49.25,47.25,54.4,89.4,38.07,35.2,994.7,6085,S03
2026-08-20T13:52:07.000Z,537,series/20260820_151336/20260820_165207.jpg,VALID,2026-08-20T13:52:03.064Z,-3.936,1,51.75,49.75,47.5,53.3,87.7,38.16,35.43,994.7,6115,S03
2026-08-20T13:52:37.000Z,529,series/20260820_151336/20260820_165237.jpg,VALID,2026-08-20T13:52:33.080Z,-3.92,1,52.0,50.0,47.5,52.5,86.4,38.16,35.21,994.8,6145,S03
2026-08-20T13:53:07.000Z,524,series/20260820_151336/20260820_165307.jpg,VALID,2026-08-20T13:53:03.093Z,-3.907,1,52.25,50.0,47.25,52.0,85.7,37.74,35.85,994.7,6175,S03
2026-08-20T13:53:37.000Z,519,series/20260820_151336/20260820_165337.jpg,VALID,2026-08-20T13:53:33.117Z,-3.883,1,52.25,50.25,46.75,51.7,85.0,37.09,36.27,994.7,6205,S03
2026-08-20T13:54:07.000Z,514,series/20260820_151336/20260820_165407.jpg,VALID,2026-08-20T13:54:03.135Z,-3.865,1,52.25,50.25,46.75,51.2,84.1,36.9,36.6,994.7,6235,S03
2026-08-20T13:54:37.000Z,506,series/20260820_151336/20260820_165437.jpg,VALID,2026-08-20T13:54:33.154Z,-3.846,1,52.5,50.25,45.75,50.4,82.7,36.07,37.22,994.7,6265,S03
2026-08-20T13:55:07.000Z,501,series/20260820_151336/20260820_165507.jpg,VALID,2026-08-20T13:55:03.179Z,-3.821,1,52.25,50.0,45.75,50.1,82.3,36.56,37.31,994.7,6295,S03
2026-08-20T13:55:37.000Z,499,series/20260820_151336/20260820_165537.jpg,VALID,2026-08-20T13:55:33.198Z,-3.802,1,52.25,50.0,46.5,49.9,81.9,37.4,36.92,994.7,6325,S03
2026-08-20T13:56:07.000Z,497,series/20260820_151336/20260820_165607.jpg,VALID,2026-08-20T13:56:03.223Z,-3.777,1,52.5,50.0,46.75,49.6,81.6,37.49,36.58,994.8,6355,S03
2026-08-20T13:56:37.000Z,496,series/20260820_151336/20260820_165637.jpg,VALID,2026-08-20T13:56:33.243Z,-3.757,1,52.5,50.0,46.25,49.5,81.3,36.46,36.66,994.8,6385,S03
2026-08-20T13:57:07.000Z,492,series/20260820_151336/20260820_165707.jpg,VALID,2026-08-20T13:57:03.265Z,-3.735,1,52.5,50.0,45.75,49.2,80.8,36.36,37.46,994.7,6415,S03
2026-08-20T13:57:37.000Z,493,series/20260820_151336/20260820_165737.jpg,VALID,2026-08-20T13:57:33.287Z,-3.713,1,52.25,49.75,46.0,49.2,80.69,36.96,36.93,994.8,6445,S03
2026-08-20T13:58:07.000Z,493,series/20260820_151336/20260820_165807.jpg,VALID,2026-08-20T13:58:03.314Z,-3.686,1,52.25,49.5,46.25,49.2,80.69,37.18,36.4,994.7,6475,S03
2026-08-20T13:58:37.000Z,493,series/20260820_151336/20260820_165837.jpg,VALID,2026-08-20T13:58:33.479Z,-3.521,1,52.0,49.5,45.75,49.1,80.69,36.59,36.99,994.7,6505,S03
2026-08-20T13:59:07.000Z,492,series/20260820_151336/20260820_165907.jpg,VALID,2026-08-20T13:59:03.354Z,-3.646,1,52.0,49.5,45.25,49.2,80.69,36.18,37.28,994.7,6530,S03
2026-08-20T13:59:37.000Z,491,series/20260820_151336/20260820_165937.jpg,VALID,2026-08-20T13:59:33.369Z,-3.631,1,52.0,49.25,44.75,49.1,80.6,36.27,37.37,994.8,6560,S03
2026-08-20T14:00:07.000Z,485,series/20260820_151336/20260820_170007.jpg,VALID,2026-08-20T14:00:03.391Z,-3.609,1,51.75,49.0,45.0,48.3,78.9,36.7,37.12,994.7,6590,S03
2026-08-20T14:00:37.000Z,460,series/20260820_151336/20260820_170037.jpg,VALID,2026-08-20T14:00:33.418Z,-3.582,1,51.75,49.0,45.5,48.4,79.19,36.62,36.98,994.7,6620,S03
2026-08-20T14:01:07.000Z,375,series/20260820_151336/20260820_170107.jpg,VALID,2026-08-20T14:01:03.432Z,-3.568,1,51.75,49.0,45.75,41.1,67.3,36.79,36.86,994.7,6650,S03
2026-08-20T14:01:37.000Z,271,series/20260820_151336/20260820_170137.jpg,VALID,2026-08-20T14:01:33.452Z,-3.548,1,51.75,48.75,44.75,30.5,50.0,36.0,37.45,994.7,6680,S03
2026-08-20T14:02:07.000Z,294,series/20260820_151336/20260820_170207.jpg,VALID,2026-08-20T14:02:03.464Z,-3.536,1,51.25,48.5,43.25,25.2,41.3,35.66,37.76,994.7,6710,S03
2026-08-20T14:02:37.000Z,321,series/20260820_151336/20260820_170237.jpg,VALID,2026-08-20T14:02:33.487Z,-3.513,1,50.75,47.75,42.5,36.09,59.1,35.62,37.78,994.7,6740,S03
2026-08-20T14:03:37.000Z,200,series/20260820_151336/20260820_170337.jpg,VALID,2026-08-20T14:03:33.531Z,-3.469,1,49.75,46.75,41.75,19.79,32.3,35.68,37.81,994.7,6800,S03
2026-08-20T14:04:07.000Z,266,series/20260820_151336/20260820_170407.jpg,VALID,2026-08-20T14:04:03.550Z,-3.45,1,49.0,46.0,41.25,26.6,43.4,35.82,37.57,994.7,6830,S03
2026-08-20T14:04:37.000Z,453,series/20260820_151336/20260820_170437.jpg,VALID,2026-08-20T14:04:33.554Z,-3.446,1,48.5,45.75,41.5,37.7,62.6,35.83,37.73,994.7,6860,S03
2026-08-20T14:05:07.000Z,482,series/20260820_151336/20260820_170507.jpg,VALID,2026-08-20T14:05:03.581Z,-3.419,1,48.25,45.5,42.0,43.6,76.9,35.74,37.4,994.6,6890,S03
2026-08-20T14:05:37.000Z,483,series/20260820_151336/20260820_170537.jpg,VALID,2026-08-20T14:05:33.602Z,-3.398,1,48.25,45.25,42.25,47.9,78.5,35.71,37.45,994.7,6920,S03
2026-08-20T14:06:07.000Z,477,series/20260820_151336/20260820_170607.jpg,VALID,2026-08-20T14:06:03.619Z,-3.381,1,48.25,45.5,42.75,47.3,77.3,35.91,37.19,994.6,6950,S03
2026-08-20T14:06:37.000Z,405,series/20260820_151336/20260820_170637.jpg,VALID,2026-08-20T14:06:33.647Z,-3.353,1,48.25,45.5,43.25,41.2,67.3,36.4,36.87,994.7,6980,S03
2026-08-20T14:07:07.000Z,304,series/20260820_151336/20260820_170707.jpg,VALID,2026-08-20T14:07:03.668Z,-3.332,1,48.25,45.5,43.5,32.7,53.4,36.47,36.77,994.7,7010,S03
2026-08-20T14:07:37.000Z,136,series/20260820_151336/20260820_170737.jpg,VALID,2026-08-20T14:07:33.683Z,-3.317,1,48.25,45.5,42.75,16.29,26.7,35.88,37.05,994.6,7040,S03
2026-08-20T14:08:07.000Z,127,series/20260820_151336/20260820_170807.jpg,VALID,2026-08-20T14:08:03.707Z,-3.293,1,47.75,45.25,41.25,14.4,23.5,35.31,37.67,994.6,7070,S03
2026-08-20T14:08:37.000Z,167,series/20260820_151336/20260820_170837.jpg,VALID,2026-08-20T14:08:33.724Z,-3.276,1,47.25,44.75,40.25,16.9,27.7,35.23,38.04,994.6,7100,S03
2026-08-20T14:09:07.000Z,174,series/20260820_151336/20260820_170907.jpg,VALID,2026-08-20T14:09:03.744Z,-3.256,1,46.5,44.0,39.75,18.7,30.5,35.28,38.2,994.6,7130,S03
2026-08-20T14:09:37.000Z,98,series/20260820_151336/20260820_170937.jpg,VALID,2026-08-20T14:09:33.758Z,-3.242,1,46.0,43.75,39.75,11.3,18.5,35.29,38.44,994.6,7160,S03
2026-08-20T14:10:07.000Z,82,series/20260820_151336/20260820_171007.jpg,VALID,2026-08-20T14:10:03.768Z,-3.232,1,45.5,43.25,39.0,9.39,15.4,35.07,38.49,994.5,7190,S03
2026-08-20T14:10:37.000Z,72,series/20260820_151336/20260820_171037.jpg,VALID,2026-08-20T14:10:33.789Z,-3.211,1,45.0,42.75,38.5,8.39,13.6,34.89,38.54,994.5,7220,S03
2026-08-20T14:11:07.000Z,72,series/20260820_151336/20260820_171107.jpg,VALID,2026-08-20T14:11:03.815Z,-3.185,1,44.25,42.0,38.0,7.8,12.7,34.88,38.61,994.5,7250,S03
2026-08-20T14:11:37.000Z,78,series/20260820_151336/20260820_171137.jpg,VALID,2026-08-20T14:11:33.835Z,-3.165,1,43.5,41.5,37.75,8.5,13.7,34.9,38.59,994.5,7280,S03
2026-08-20T14:12:07.000Z,111,series/20260820_151336/20260820_171207.jpg,VALID,2026-08-20T14:12:04.038Z,-2.962,1,43.0,41.0,37.5,16.6,17.2,34.79,38.56,994.5,7310,S03
2026-08-20T14:12:37.000Z,147,series/20260820_151336/20260820_171237.jpg,VALID,2026-08-20T14:12:33.877Z,-3.123,1,42.5,40.75,37.25,23.3,25.8,34.78,38.73,994.5,7335,S03
2026-08-21T07:06:31.000Z,464,series/20260821_100631/20260821_100631.jpg,VALID,2026-08-21T07:06:34.900Z,3.9,1,35.25,35.25,25.5,75.4,74.9,27.07,58.55,996.4,585,S04
2026-08-21T07:07:01.000Z,466,series/20260821_100631/20260821_100701.jpg,VALID,2026-08-21T07:07:04.914Z,3.914,1,35.75,35.75,25.5,75.8,75.3,27.18,58.86,996.4,615,S04
2026-08-21T07:07:31.000Z,466,series/20260821_100631/20260821_100731.jpg,VALID,2026-08-21T07:07:34.930Z,3.93,1,36.0,36.0,25.5,75.8,75.3,27.41,58.34,996.4,645,S04
2026-08-21T07:08:01.000Z,467,series/20260821_100631/20260821_100801.jpg,VALID,2026-08-21T07:08:04.946Z,3.946,1,36.25,36.25,25.5,75.8,75.3,26.9,59.46,996.4,675,S04
2026-08-21T07:08:31.000Z,468,series/20260821_100631/20260821_100831.jpg,VALID,2026-08-21T07:08:34.962Z,3.962,1,36.5,36.5,25.75,76.0,75.5,26.62,60.38,996.5,705,S04
2026-08-21T07:09:01.000Z,471,series/20260821_100631/20260821_100901.jpg,VALID,2026-08-21T07:09:04.974Z,3.974,1,36.75,36.75,25.75,76.3,76.0,26.89,59.58,996.4,735,S04
2026-08-21T07:09:31.000Z,470,series/20260821_100631/20260821_100931.jpg,VALID,2026-08-21T07:09:34.991Z,3.991,1,36.75,37.0,25.75,76.19,75.9,27.37,58.66,996.4,765,S04
2026-08-21T07:10:01.000Z,474,series/20260821_100631/20260821_101001.jpg,VALID,2026-08-21T07:10:05.007Z,4.007,1,37.0,37.0,25.75,77.0,76.5,27.31,57.96,996.4,795,S04
2026-08-21T07:10:31.000Z,476,series/20260821_100631/20260821_101031.jpg,VALID,2026-08-21T07:10:35.023Z,4.023,1,37.25,37.25,25.5,77.19,76.9,27.67,57.34,996.4,825,S04
2026-08-21T07:11:01.000Z,478,series/20260821_100631/20260821_101101.jpg,VALID,2026-08-21T07:11:05.035Z,4.035,1,37.5,37.5,25.75,77.4,77.0,27.93,57.2,996.4,855,S04
2026-08-21T07:11:31.000Z,478,series/20260821_100631/20260821_101131.jpg,VALID,2026-08-21T07:11:35.045Z,4.045,1,37.5,37.75,25.75,77.8,77.3,27.8,57.62,996.4,885,S04
2026-08-21T07:12:01.000Z,479,series/20260821_100631/20260821_101201.jpg,VALID,2026-08-21T07:12:05.063Z,4.063,1,37.75,38.0,25.75,77.69,77.3,27.71,57.61,996.4,915,S04
2026-08-21T07:12:31.000Z,482,series/20260821_100631/20260821_101231.jpg,VALID,2026-08-21T07:12:35.076Z,4.076,1,38.0,38.25,26.0,78.1,77.69,27.08,58.5,996.4,945,S04
2026-08-21T07:13:01.000Z,482,series/20260821_100631/20260821_101301.jpg,VALID,2026-08-21T07:13:05.091Z,4.091,1,38.0,38.25,26.0,78.3,77.8,26.87,59.16,996.4,975,S04
2026-08-21T07:13:31.000Z,484,series/20260821_100631/20260821_101331.jpg,VALID,2026-08-21T07:13:35.103Z,4.103,1,38.25,38.5,26.0,78.5,78.0,26.74,58.98,996.4,1005,S04
2026-08-21T07:14:01.000Z,485,series/20260821_100631/20260821_101401.jpg,VALID,2026-08-21T07:14:05.122Z,4.122,1,38.5,38.5,26.25,78.69,78.19,26.84,59.44,996.4,1035,S04
2026-08-21T07:14:31.000Z,486,series/20260821_100631/20260821_101431.jpg,VALID,2026-08-21T07:14:35.136Z,4.136,1,38.5,38.75,26.25,78.8,78.4,27.37,58.63,996.4,1065,S04
2026-08-21T07:15:01.000Z,487,series/20260821_100631/20260821_101501.jpg,VALID,2026-08-21T07:15:05.303Z,4.303,1,38.75,39.0,26.25,79.0,78.69,27.82,57.38,996.4,1095,S04
2026-08-21T07:15:31.000Z,490,series/20260821_100631/20260821_101531.jpg,VALID,2026-08-21T07:15:35.159Z,4.159,1,39.0,39.0,26.25,79.4,79.1,27.66,57.54,996.4,1120,S04
2026-08-21T07:16:31.000Z,494,series/20260821_100631/20260821_101631.jpg,VALID,2026-08-21T07:16:35.181Z,4.181,1,39.25,39.5,26.25,80.1,79.6,28.14,56.83,996.4,1180,S04
2026-08-21T07:17:01.000Z,496,series/20260821_100631/20260821_101701.jpg,VALID,2026-08-21T07:17:05.197Z,4.197,1,39.5,39.5,26.25,80.3,79.8,28.26,56.3,996.4,1210,S04
2026-08-21T07:18:01.000Z,498,series/20260821_100631/20260821_101801.jpg,VALID,2026-08-21T07:18:05.230Z,4.23,1,39.75,40.0,26.5,80.8,80.5,28.28,55.95,996.3,1270,S04
2026-08-21T07:18:31.000Z,501,series/20260821_100631/20260821_101831.jpg,VALID,2026-08-21T07:18:35.246Z,4.246,1,40.0,40.0,26.5,81.3,80.9,28.44,55.84,996.4,1300,S04
2026-08-21T07:19:31.000Z,500,series/20260821_100631/20260821_101931.jpg,VALID,2026-08-21T07:19:35.274Z,4.274,1,40.25,40.25,26.5,81.1,80.69,28.62,55.01,996.3,1360,S04
2026-08-21T07:20:01.000Z,504,series/20260821_100631/20260821_102001.jpg,VALID,2026-08-21T07:20:05.284Z,4.284,1,40.5,40.5,26.75,81.9,81.5,28.33,55.68,996.3,1390,S04
2026-08-21T07:20:31.000Z,505,series/20260821_100631/20260821_102031.jpg,VALID,2026-08-21T07:20:35.299Z,4.299,1,40.75,40.75,26.75,81.9,81.6,27.87,56.78,996.3,1420,S04
2026-08-21T07:21:01.000Z,503,series/20260821_100631/20260821_102101.jpg,VALID,2026-08-21T07:21:05.313Z,4.313,1,40.75,40.75,26.75,81.3,81.0,28.3,56.77,996.3,1450,S04
2026-08-21T07:21:31.000Z,505,series/20260821_100631/20260821_102131.jpg,VALID,2026-08-21T07:21:35.325Z,4.325,1,41.0,41.0,26.75,81.9,81.4,28.24,55.77,996.3,1480,S04
2026-08-21T07:22:01.000Z,508,series/20260821_100631/20260821_102201.jpg,VALID,2026-08-21T07:22:05.341Z,4.341,1,41.0,41.0,26.75,67.9,81.9,28.53,55.89,996.3,1510,S04
2026-08-21T07:22:31.000Z,509,series/20260821_100631/20260821_102231.jpg,VALID,2026-08-21T07:22:35.355Z,4.355,1,41.0,41.0,26.75,59.3,82.2,28.42,55.77,996.3,1540,S04
2026-08-21T07:23:01.000Z,507,series/20260821_100631/20260821_102301.jpg,VALID,2026-08-21T07:23:05.369Z,4.369,1,41.0,41.0,26.75,58.9,81.6,28.72,55.34,996.3,1570,S04
2026-08-21T07:23:31.000Z,507,series/20260821_100631/20260821_102331.jpg,VALID,2026-08-21T07:23:35.379Z,4.379,1,41.0,41.25,27.0,59.0,81.5,28.7,55.21,996.3,1600,S04
2026-08-21T07:24:01.000Z,509,series/20260821_100631/20260821_102401.jpg,VALID,2026-08-21T07:24:05.395Z,4.395,1,41.25,41.25,27.0,82.1,82.1,29.04,54.64,996.4,1630,S04
2026-08-21T07:24:31.000Z,510,series/20260821_100631/20260821_102431.jpg,VALID,2026-08-21T07:24:35.412Z,4.412,1,41.25,41.5,27.0,59.6,82.2,28.83,54.76,996.4,1660,S04
2026-08-21T07:25:01.000Z,508,series/20260821_100631/20260821_102501.jpg,VALID,2026-08-21T07:25:05.427Z,4.427,1,41.5,41.5,27.0,59.3,81.8,29.35,54.09,996.3,1690,S04
2026-08-21T07:25:31.000Z,506,series/20260821_100631/20260821_102531.jpg,VALID,2026-08-21T07:25:35.443Z,4.443,1,41.75,41.75,27.25,58.8,81.3,29.75,53.36,996.3,1720,S04
2026-08-21T07:26:01.000Z,509,series/20260821_100631/20260821_102601.jpg,VALID,2026-08-21T07:26:05.460Z,4.46,1,42.0,42.0,27.25,59.4,82.0,29.52,53.64,996.4,1750,S04
2026-08-21T07:26:31.000Z,515,series/20260821_100631/20260821_102631.jpg,VALID,2026-08-21T07:26:35.470Z,4.47,1,42.25,42.0,27.25,59.8,82.9,29.19,54.6,996.3,1780,S04
2026-08-21T07:27:01.000Z,510,series/20260821_100631/20260821_102701.jpg,VALID,2026-08-21T07:27:05.481Z,4.481,1,42.25,42.0,27.0,54.1,82.2,28.61,54.95,996.4,1810,S04
2026-08-21T07:27:31.000Z,513,series/20260821_100631/20260821_102731.jpg,VALID,2026-08-21T07:27:35.495Z,4.495,1,42.25,42.25,27.25,59.7,82.4,28.63,55.1,996.4,1840,S04
2026-08-21T07:28:01.000Z,511,series/20260821_100631/20260821_102801.jpg,VALID,2026-08-21T07:28:05.511Z,4.511,1,42.25,42.25,27.25,59.5,82.2,28.22,55.55,996.4,1870,S04
2026-08-21T07:28:31.000Z,515,series/20260821_100631/20260821_102831.jpg,VALID,2026-08-21T07:28:35.676Z,4.676,1,42.25,42.25,27.25,60.0,83.0,28.37,55.33,996.4,1900,S04
2026-08-21T07:29:01.000Z,522,series/20260821_100631/20260821_102901.jpg,VALID,2026-08-21T07:29:05.538Z,4.538,1,42.25,42.0,27.25,60.5,83.8,28.41,55.32,996.3,1925,S04
2026-08-21T07:29:31.000Z,523,series/20260821_100631/20260821_102931.jpg,VALID,2026-08-21T07:29:35.551Z,4.551,1,42.25,42.0,27.5,60.4,84.2,28.71,55.17,996.4,1955,S04
2026-08-21T07:30:01.000Z,515,series/20260821_100631/20260821_103001.jpg,VALID,2026-08-21T07:30:05.559Z,4.559,1,42.25,42.25,27.5,49.4,82.7,29.06,54.37,996.4,1985,S04
2026-08-21T07:30:31.000Z,520,series/20260821_100631/20260821_103031.jpg,VALID,2026-08-21T07:30:35.571Z,4.571,1,42.5,42.5,27.5,49.7,83.5,29.2,53.82,996.3,2015,S04
2026-08-21T07:31:01.000Z,528,series/20260821_100631/20260821_103101.jpg,VALID,2026-08-21T07:31:05.584Z,4.584,1,42.75,42.5,27.5,50.5,85.0,28.93,54.65,996.4,2045,S04
2026-08-21T07:31:31.000Z,528,series/20260821_100631/20260821_103131.jpg,VALID,2026-08-21T07:31:35.597Z,4.597,1,43.0,42.75,27.75,50.6,84.9,29.45,54.0,996.3,2075,S04
2026-08-21T07:32:01.000Z,518,series/20260821_100631/20260821_103201.jpg,VALID,2026-08-21T07:32:05.612Z,4.612,1,43.0,42.75,27.5,49.5,83.0,29.89,53.38,996.4,2105,S04
2026-08-21T07:32:31.000Z,524,series/20260821_100631/20260821_103231.jpg,VALID,2026-08-21T07:32:35.628Z,4.628,1,43.25,43.0,27.75,50.0,84.0,29.85,53.15,996.3,2135,S04
2026-08-21T07:33:01.000Z,528,series/20260821_100631/20260821_103301.jpg,VALID,2026-08-21T07:33:05.644Z,4.644,1,43.5,43.25,27.75,50.6,84.9,29.47,52.8,996.3,2165,S04
2026-08-21T07:33:31.000Z,528,series/20260821_100631/20260821_103331.jpg,VALID,2026-08-21T07:33:35.660Z,4.66,1,43.5,43.25,27.75,50.5,84.9,29.54,53.24,996.3,2195,S04
2026-08-21T07:34:01.000Z,523,series/20260821_100631/20260821_103401.jpg,VALID,2026-08-21T07:34:05.675Z,4.675,1,43.75,43.5,27.75,50.1,84.0,29.6,53.63,996.3,2225,S04
2026-08-21T07:34:31.000Z,531,series/20260821_100631/20260821_103431.jpg,VALID,2026-08-21T07:34:35.691Z,4.691,1,43.75,43.5,28.0,50.8,85.2,29.74,52.85,996.3,2255,S04
2026-08-21T07:35:01.000Z,536,series/20260821_100631/20260821_103501.jpg,VALID,2026-08-21T07:35:05.708Z,4.708,1,44.0,43.5,28.0,51.4,86.1,29.38,53.38,996.3,2285,S04
2026-08-21T07:35:31.000Z,529,series/20260821_100631/20260821_103531.jpg,VALID,2026-08-21T07:35:35.722Z,4.722,1,44.0,43.75,28.0,50.6,84.9,29.47,53.99,996.4,2315,S04
2026-08-21T07:36:01.000Z,529,series/20260821_100631/20260821_103601.jpg,VALID,2026-08-21T07:36:05.735Z,4.735,1,44.0,43.75,28.0,50.5,84.8,29.54,52.97,996.3,2345,S04
2026-08-21T07:36:31.000Z,537,series/20260821_100631/20260821_103631.jpg,VALID,2026-08-21T07:36:35.745Z,4.745,1,44.0,43.75,28.25,51.4,86.2,29.59,52.46,996.3,2375,S04
2026-08-21T07:37:01.000Z,535,series/20260821_100631/20260821_103701.jpg,VALID,2026-08-21T07:37:05.755Z,4.755,1,44.25,44.0,28.25,51.2,85.7,29.59,53.05,996.3,2405,S04
2026-08-21T07:37:31.000Z,532,series/20260821_100631/20260821_103731.jpg,VALID,2026-08-21T07:37:35.770Z,4.77,1,44.25,44.0,28.25,50.6,85.0,29.53,53.43,996.3,2435,S04
2026-08-21T07:38:01.000Z,528,series/20260821_100631/20260821_103801.jpg,VALID,2026-08-21T07:38:05.776Z,4.776,1,44.25,44.0,28.25,50.2,84.2,28.37,55.37,996.3,2465,S04
2026-08-21T07:38:31.000Z,531,series/20260821_100631/20260821_103831.jpg,VALID,2026-08-21T07:38:35.795Z,4.795,1,44.25,44.0,28.25,50.4,84.6,27.7,57.02,996.3,2495,S04
2026-08-21T07:39:01.000Z,530,series/20260821_100631/20260821_103901.jpg,VALID,2026-08-21T07:39:05.802Z,4.802,1,44.0,43.75,28.5,50.3,84.5,28.28,56.32,996.3,2525,S04
2026-08-21T07:39:31.000Z,534,series/20260821_100631/20260821_103931.jpg,VALID,2026-08-21T07:39:35.813Z,4.813,1,43.75,43.75,28.5,50.9,85.3,28.71,54.76,996.3,2555,S04
2026-08-21T07:40:01.000Z,528,series/20260821_100631/20260821_104001.jpg,VALID,2026-08-21T07:40:05.825Z,4.825,1,43.75,43.75,28.5,50.1,84.1,29.03,53.86,996.3,2585,S04
2026-08-21T07:40:31.000Z,526,series/20260821_100631/20260821_104031.jpg,VALID,2026-08-21T07:40:35.838Z,4.838,1,44.0,43.75,28.5,49.8,83.6,28.67,54.44,996.3,2615,S04
2026-08-21T07:41:01.000Z,531,series/20260821_100631/20260821_104101.jpg,VALID,2026-08-21T07:41:05.854Z,4.854,1,43.75,43.75,28.5,50.4,84.4,28.27,55.69,996.4,2645,S04
2026-08-21T07:41:31.000Z,535,series/20260821_100631/20260821_104131.jpg,VALID,2026-08-21T07:41:35.884Z,4.884,1,43.75,43.5,28.5,50.7,85.2,28.54,54.99,996.4,2675,S04
2026-08-21T07:42:01.000Z,541,series/20260821_100631/20260821_104201.jpg,VALID,2026-08-21T07:41:56.021Z,-4.979,1,43.75,43.5,28.5,51.4,86.3,28.74,55.05,996.4,2695,S04
2026-08-21T07:42:31.000Z,544,series/20260821_100631/20260821_104231.jpg,VALID,2026-08-21T07:42:35.893Z,4.893,1,43.75,43.5,28.5,61.5,86.7,28.96,53.87,996.3,2730,S04
2026-08-21T07:43:01.000Z,545,series/20260821_100631/20260821_104301.jpg,VALID,2026-08-21T07:43:05.905Z,4.905,1,43.75,43.5,28.5,51.8,87.0,28.61,54.15,996.3,2760,S04
2026-08-21T07:43:31.000Z,547,series/20260821_100631/20260821_104331.jpg,VALID,2026-08-21T07:43:35.922Z,4.922,1,43.75,43.5,28.25,52.1,87.5,29.09,53.79,996.3,2790,S04
2026-08-21T07:44:01.000Z,555,series/20260821_100631/20260821_104401.jpg,VALID,2026-08-21T07:44:05.937Z,4.937,1,43.75,43.5,28.25,52.8,88.7,28.83,53.87,996.3,2820,S04
2026-08-21T07:44:31.000Z,553,series/20260821_100631/20260821_104431.jpg,VALID,2026-08-21T07:44:35.956Z,4.956,1,43.75,43.5,28.25,52.7,88.4,29.21,53.79,996.3,2850,S04
2026-08-21T07:45:01.000Z,553,series/20260821_100631/20260821_104501.jpg,VALID,2026-08-21T07:45:05.970Z,4.97,1,43.75,43.5,28.25,52.6,88.5,29.74,53.13,996.3,2880,S04
2026-08-21T07:45:31.000Z,555,series/20260821_100631/20260821_104531.jpg,VALID,2026-08-21T07:45:35.980Z,4.98,1,44.0,43.75,28.25,52.9,88.7,29.98,52.32,996.3,2910,S04
2026-08-21T07:46:01.000Z,559,series/20260821_100631/20260821_104601.jpg,VALID,2026-08-21T07:46:05.997Z,4.997,1,44.0,43.75,28.25,53.2,89.5,29.95,52.53,996.3,2940,S04
2026-08-21T07:46:31.000Z,561,series/20260821_100631/20260821_104631.jpg,VALID,2026-08-21T07:46:26.012Z,-4.988,1,44.25,43.75,28.25,53.0,89.1,30.26,52.06,996.3,2960,S04
2026-08-21T07:47:01.000Z,568,series/20260821_100631/20260821_104701.jpg,VALID,2026-08-21T07:46:56.026Z,-4.974,1,44.25,44.0,28.25,54.1,90.9,30.62,51.53,996.3,2990,S04
2026-08-21T07:47:31.000Z,561,series/20260821_100631/20260821_104731.jpg,VALID,2026-08-21T07:47:26.046Z,-4.954,1,44.5,44.25,28.25,53.4,89.6,30.43,51.45,996.3,3020,S04
2026-08-21T07:48:01.000Z,564,series/20260821_100631/20260821_104801.jpg,VALID,2026-08-21T07:47:56.056Z,-4.944,1,44.75,44.25,28.25,53.6,90.1,30.61,51.37,996.3,3050,S04
2026-08-21T07:48:31.000Z,561,series/20260821_100631/20260821_104831.jpg,VALID,2026-08-21T07:48:26.068Z,-4.932,1,44.75,44.5,28.25,53.4,89.7,29.88,52.17,996.3,3080,S04
2026-08-21T07:49:01.000Z,556,series/20260821_100631/20260821_104901.jpg,VALID,2026-08-21T07:48:56.076Z,-4.924,1,44.75,44.5,28.25,53.1,89.2,29.97,52.34,996.3,3110,S04
2026-08-21T07:49:31.000Z,555,series/20260821_100631/20260821_104931.jpg,VALID,2026-08-21T07:49:26.092Z,-4.908,1,44.75,44.5,28.25,52.9,89.0,29.8,52.43,996.3,3140,S04
2026-08-21T07:50:01.000Z,556,series/20260821_100631/20260821_105001.jpg,VALID,2026-08-21T07:49:56.103Z,-4.897,1,44.75,44.5,28.5,52.7,88.8,29.48,53.16,996.3,3170,S04
2026-08-21T07:50:31.000Z,560,series/20260821_100631/20260821_105031.jpg,VALID,2026-08-21T07:50:26.115Z,-4.885,1,44.75,44.5,28.5,52.7,88.6,29.56,53.09,996.3,3200,S04
2026-08-21T07:51:01.000Z,561,series/20260821_100631/20260821_105101.jpg,VALID,2026-08-21T07:50:56.129Z,-4.871,1,44.5,44.25,28.5,53.1,89.2,29.4,53.66,996.3,3230,S04
2026-08-21T07:51:31.000Z,559,series/20260821_100631/20260821_105131.jpg,VALID,2026-08-21T07:51:26.148Z,-4.852,1,44.5,44.25,28.5,52.9,88.8,28.68,54.81,996.3,3260,S04
2026-08-21T07:52:01.000Z,556,series/20260821_100631/20260821_105201.jpg,VALID,2026-08-21T07:51:56.163Z,-4.837,1,44.5,44.25,28.5,52.3,87.9,29.31,54.19,996.2,3290,S04
2026-08-21T07:52:31.000Z,561,series/20260821_100631/20260821_105231.jpg,VALID,2026-08-21T07:52:26.181Z,-4.819,1,44.5,44.25,28.5,52.8,88.9,29.64,53.17,996.2,3320,S04
2026-08-21T07:53:01.000Z,567,series/20260821_100631/20260821_105301.jpg,VALID,2026-08-21T07:52:56.195Z,-4.805,1,44.5,44.5,28.5,53.6,90.1,30.08,52.64,996.2,3350,S04
2026-08-21T07:53:31.000Z,568,series/20260821_100631/20260821_105331.jpg,VALID,2026-08-21T07:53:26.214Z,-4.786,1,44.75,44.5,28.5,53.8,90.4,30.08,52.3,996.2,3380,S04
2026-08-21T07:54:01.000Z,571,series/20260821_100631/20260821_105401.jpg,VALID,2026-08-21T07:53:56.217Z,-4.783,1,44.75,44.5,28.5,54.0,90.8,30.0,52.52,996.3,3410,S04
2026-08-21T07:54:31.000Z,574,series/20260821_100631/20260821_105431.jpg,VALID,2026-08-21T07:54:26.225Z,-4.775,1,44.75,44.75,28.75,54.3,91.3,29.79,52.57,996.2,3440,S04
2026-08-21T07:55:01.000Z,572,series/20260821_100631/20260821_105501.jpg,VALID,2026-08-21T07:54:56.246Z,-4.754,1,45.0,44.75,28.75,54.2,91.1,29.07,54.16,996.3,3470,S04
2026-08-21T07:55:31.000Z,571,series/20260821_100631/20260821_105531.jpg,VALID,2026-08-21T07:55:26.450Z,-4.55,1,45.0,44.75,28.75,54.2,91.1,29.62,53.73,996.2,3500,S04
2026-08-21T07:56:01.000Z,589,series/20260821_100631/20260821_105601.jpg,VALID,2026-08-21T07:55:56.274Z,-4.726,1,45.0,44.75,29.0,54.0,90.7,29.7,53.58,996.2,3525,S04
2026-08-21T07:56:31.000Z,570,series/20260821_100631/20260821_105631.jpg,VALID,2026-08-21T07:56:26.291Z,-4.709,1,45.25,45.0,29.0,54.1,90.9,29.87,52.65,996.2,3555,S04
2026-08-21T07:57:01.000Z,572,series/20260821_100631/20260821_105701.jpg,VALID,2026-08-21T07:56:56.299Z,-4.701,1,45.25,45.0,29.0,53.8,90.6,29.56,52.97,996.2,3585,S04
2026-08-21T07:57:31.000Z,575,series/20260821_100631/20260821_105731.jpg,VALID,2026-08-21T07:57:26.310Z,-4.69,1,45.25,45.0,29.0,54.1,90.9,29.69,53.18,996.2,3615,S04
2026-08-21T07:58:01.000Z,575,series/20260821_100631/20260821_105801.jpg,VALID,2026-08-21T07:57:56.321Z,-4.679,1,45.25,45.0,29.0,54.4,91.5,28.96,53.99,996.2,3645,S04
2026-08-21T07:58:31.000Z,570,series/20260821_100631/20260821_105831.jpg,VALID,2026-08-21T07:58:26.338Z,-4.662,1,45.25,45.0,28.75,53.7,90.4,29.06,54.1,996.3,3675,S04
2026-08-21T07:59:01.000Z,566,series/20260821_100631/20260821_105901.jpg,VALID,2026-08-21T07:58:56.349Z,-4.651,1,45.25,45.0,28.75,52.9,89.2,29.3,54.0,996.2,3705,S04
2026-08-21T07:59:31.000Z,571,series/20260821_100631/20260821_105931.jpg,VALID,2026-08-21T07:59:26.369Z,-4.631,1,45.25,45.0,28.75,53.2,89.4,29.14,54.26,996.2,3735,S04
2026-08-21T08:00:01.000Z,575,series/20260821_100631/20260821_110001.jpg,VALID,2026-08-21T07:59:56.376Z,-4.624,1,45.0,44.75,28.75,54.0,91.0,28.82,54.75,996.2,3765,S04
2026-08-21T08:00:31.000Z,575,series/20260821_100631/20260821_110031.jpg,VALID,2026-08-21T08:00:26.390Z,-4.61,1,45.0,44.75,29.0,53.9,90.6,28.15,56.15,996.3,3795,S04
2026-08-21T08:01:01.000Z,577,series/20260821_100631/20260821_110101.jpg,VALID,2026-08-21T08:00:56.402Z,-4.598,1,44.75,44.75,29.0,54.1,91.1,28.52,55.94,996.2,3825,S04
2026-08-21T08:01:31.000Z,580,series/20260821_100631/20260821_110131.jpg,VALID,2026-08-21T08:01:26.420Z,-4.58,1,44.75,44.5,28.75,54.5,91.7,28.63,55.21,996.2,3855,S04
2026-08-21T08:02:01.000Z,580,series/20260821_100631/20260821_110201.jpg,VALID,2026-08-21T08:01:56.432Z,-4.568,1,44.75,44.5,28.75,54.5,91.7,28.79,54.98,996.2,3885,S04
2026-08-21T08:02:31.000Z,582,series/20260821_100631/20260821_110231.jpg,VALID,2026-08-21T08:02:26.451Z,-4.549,1,44.75,44.5,28.75,54.5,91.8,28.98,54.98,996.3,3915,S04
2026-08-21T08:03:01.000Z,584,series/20260821_100631/20260821_110301.jpg,VALID,2026-08-21T08:02:56.461Z,-4.539,1,44.75,44.5,28.75,54.9,92.5,29.0,54.63,996.2,3945,S04
2026-08-21T08:03:31.000Z,585,series/20260821_100631/20260821_110331.jpg,VALID,2026-08-21T08:03:26.482Z,-4.518,1,44.75,44.5,28.75,54.9,92.6,29.06,54.86,996.2,3975,S04
2026-08-21T08:04:01.000Z,587,series/20260821_100631/20260821_110401.jpg,VALID,2026-08-21T08:03:56.498Z,-4.502,1,44.75,44.5,28.75,55.3,92.9,29.26,54.05,996.2,4005,S04
2026-08-21T08:04:31.000Z,590,series/20260821_100631/20260821_110431.jpg,VALID,2026-08-21T08:04:26.511Z,-4.489,1,44.75,44.5,28.75,55.3,93.1,29.31,53.76,996.2,4035,S04
2026-08-21T08:05:01.000Z,592,series/20260821_100631/20260821_110501.jpg,VALID,2026-08-21T08:04:56.524Z,-4.476,1,44.75,44.5,28.5,55.6,93.7,29.51,53.44,996.2,4065,S04
2026-08-21T08:05:31.000Z,593,series/20260821_100631/20260821_110531.jpg,VALID,2026-08-21T08:05:26.546Z,-4.454,1,44.75,44.5,28.5,55.6,93.8,29.7,53.07,996.1,4095,S04
2026-08-21T08:06:01.000Z,595,series/20260821_100631/20260821_110601.jpg,VALID,2026-08-21T08:05:56.559Z,-4.441,1,45.0,44.5,28.5,55.9,94.2,29.81,53.62,996.2,4125,S04
2026-08-21T08:06:31.000Z,593,series/20260821_100631/20260821_110631.jpg,VALID,2026-08-21T08:06:26.577Z,-4.423,1,45.0,44.5,28.75,55.7,93.8,29.83,52.79,996.2,4155,S04
2026-08-21T08:07:01.000Z,593,series/20260821_100631/20260821_110701.jpg,VALID,2026-08-21T08:06:56.582Z,-4.418,1,45.0,44.75,28.75,55.4,93.3,29.9,52.99,996.2,4185,S04
2026-08-21T08:07:31.000Z,591,series/20260821_100631/20260821_110731.jpg,VALID,2026-08-21T08:07:26.603Z,-4.397,1,45.0,44.75,28.75,55.6,93.8,29.91,53.43,996.1,4215,S04
2026-08-21T08:08:01.000Z,591,series/20260821_100631/20260821_110801.jpg,VALID,2026-08-21T08:07:56.619Z,-4.381,1,45.0,45.0,28.75,55.3,93.2,30.07,52.75,996.1,4245,S04
2026-08-21T08:08:31.000Z,591,series/20260821_100631/20260821_110831.jpg,VALID,2026-08-21T08:08:26.694Z,-4.306,1,45.0,45.0,28.75,55.3,93.1,30.03,52.85,996.1,4275,S04
2026-08-21T08:09:01.000Z,593,series/20260821_100631/20260821_110901.jpg,VALID,2026-08-21T08:08:56.895Z,-4.105,1,45.25,45.0,28.75,55.7,94.1,30.24,52.58,996.1,4305,S04
2026-08-21T08:09:32.000Z,592,series/20260821_100631/20260821_110932.jpg,VALID,2026-08-21T08:09:36.663Z,4.663,1,45.25,45.0,28.75,55.4,93.3,30.24,52.43,996.1,4340,S04
2026-08-21T08:10:02.000Z,592,series/20260821_100631/20260821_111002.jpg,VALID,2026-08-21T08:10:06.680Z,4.68,1,45.0,45.0,29.0,55.3,93.2,30.29,52.39,996.1,4370,S04
2026-08-21T08:10:32.000Z,598,series/20260821_100631/20260821_111032.jpg,VALID,2026-08-21T08:10:36.698Z,4.698,1,45.0,45.0,29.0,56.0,94.4,30.4,52.1,996.1,4400,S04
2026-08-21T08:11:02.000Z,597,series/20260821_100631/20260821_111102.jpg,VALID,2026-08-21T08:11:06.706Z,4.706,1,45.0,45.0,29.0,55.8,94.1,30.17,52.15,996.1,4430,S04
2026-08-21T08:11:32.000Z,598,series/20260821_100631/20260821_111132.jpg,VALID,2026-08-21T08:11:36.723Z,4.723,1,45.0,45.0,29.0,55.8,94.2,29.55,53.15,996.1,4460,S04
2026-08-21T08:12:02.000Z,601,series/20260821_100631/20260821_111202.jpg,VALID,2026-08-21T08:12:06.733Z,4.733,1,45.0,45.0,29.0,56.2,94.6,29.61,52.83,996.0,4490,S04
2026-08-21T08:12:32.000Z,599,series/20260821_100631/20260821_111232.jpg,VALID,2026-08-21T08:12:36.750Z,4.75,1,45.0,44.75,29.0,56.0,94.5,29.65,52.79,996.0,4520,S04
2026-08-21T08:13:02.000Z,593,series/20260821_100631/20260821_111302.jpg,VALID,2026-08-21T08:13:06.762Z,4.762,1,44.75,44.75,29.0,55.2,93.2,29.67,52.92,996.1,4550,S04
2026-08-21T08:13:32.000Z,597,series/20260821_100631/20260821_111332.jpg,VALID,2026-08-21T08:13:36.763Z,4.763,1,44.75,44.75,29.0,55.6,93.8,29.36,53.03,996.0,4580,S04
2026-08-21T08:14:02.000Z,594,series/20260821_100631/20260821_111402.jpg,VALID,2026-08-21T08:14:06.773Z,4.773,1,44.75,44.75,29.0,55.3,93.4,29.61,52.78,996.0,4610,S04
2026-08-21T08:14:32.000Z,597,series/20260821_100631/20260821_111432.jpg,VALID,2026-08-21T08:14:36.789Z,4.789,1,44.75,44.75,29.0,55.5,93.8,29.09,53.6,996.1,4640,S04
2026-08-21T08:15:02.000Z,600,series/20260821_100631/20260821_111502.jpg,VALID,2026-08-21T08:15:06.802Z,4.802,1,44.75,44.75,29.0,56.0,94.3,29.2,53.78,996.1,4670,S04
2026-08-21T08:15:32.000Z,599,series/20260821_100631/20260821_111532.jpg,VALID,2026-08-21T08:15:36.818Z,4.818,1,44.5,44.5,29.0,55.8,94.0,29.2,53.53,996.0,4700,S04
2026-08-21T08:16:02.000Z,598,series/20260821_100631/20260821_111602.jpg,VALID,2026-08-21T08:16:06.834Z,4.834,1,44.5,44.5,28.75,55.5,93.8,29.35,53.61,996.0,4730,S04
2026-08-21T08:16:32.000Z,596,series/20260821_100631/20260821_111632.jpg,VALID,2026-08-21T08:16:36.852Z,4.852,1,44.5,44.25,29.0,55.2,93.2,28.95,53.98,996.1,4760,S04
2026-08-21T08:17:02.000Z,593,series/20260821_100631/20260821_111702.jpg,VALID,2026-08-21T08:17:06.869Z,4.869,1,44.5,44.25,29.0,54.9,92.8,29.37,53.66,996.1,4790,S04
2026-08-21T08:17:32.000Z,589,series/20260821_100631/20260821_111732.jpg,VALID,2026-08-21T08:17:36.885Z,4.885,1,44.25,44.25,28.75,54.6,92.0,29.62,52.75,996.0,4820,S04
2026-08-21T08:18:02.000Z,587,series/20260821_100631/20260821_111802.jpg,VALID,2026-08-21T08:18:06.902Z,4.902,1,44.5,44.5,28.75,54.2,91.4,29.77,52.64,996.0,4850,S04
2026-08-21T08:18:32.000Z,583,series/20260821_100631/20260821_111832.jpg,VALID,2026-08-21T08:18:36.915Z,4.915,1,44.5,44.25,28.75,53.8,90.8,29.7,52.3,995.9,4880,S04
2026-08-21T08:19:02.000Z,579,series/20260821_100631/20260821_111902.jpg,VALID,2026-08-21T08:19:06.925Z,4.925,1,44.25,44.25,28.75,53.4,90.1,29.85,52.17,996.0,4910,S04
2026-08-21T08:56:55.000Z,662,series/20260821_115655/20260821_115655.jpg,VALID,2026-08-21T08:56:58.117Z,3.117,1,47.75,47.75,31.0,61.3,103.9,31.19,50.12,995.7,7165,S05
2026-08-21T08:57:25.000Z,663,series/20260821_115655/20260821_115725.jpg,VALID,2026-08-21T08:57:28.135Z,3.135,1,47.5,47.5,30.75,61.3,103.8,31.06,49.71,995.7,7195,S05
2026-08-21T08:57:55.000Z,661,series/20260821_115655/20260821_115755.jpg,VALID,2026-08-21T08:57:58.152Z,3.152,1,47.25,47.25,30.75,61.2,103.6,31.29,49.68,995.8,7225,S05
2026-08-21T08:58:25.000Z,660,series/20260821_115655/20260821_115825.jpg,VALID,2026-08-21T08:58:28.165Z,3.165,1,47.25,47.25,30.75,61.1,103.3,31.3,49.86,995.8,7255,S05
2026-08-21T08:58:55.000Z,661,series/20260821_115655/20260821_115855.jpg,VALID,2026-08-21T08:58:58.175Z,3.175,1,47.25,47.25,30.75,61.1,103.4,31.14,49.89,995.8,7285,S05
2026-08-21T08:59:25.000Z,664,series/20260821_115655/20260821_115925.jpg,VALID,2026-08-21T08:59:28.196Z,3.196,1,47.0,47.25,30.75,61.3,103.8,31.06,50.21,995.8,7315,S05
2026-08-21T08:59:55.000Z,658,series/20260821_115655/20260821_115955.jpg,VALID,2026-08-21T08:59:58.215Z,3.215,1,47.0,47.25,30.75,60.7,102.8,30.81,50.38,995.8,7345,S05
2026-08-21T09:00:25.000Z,659,series/20260821_115655/20260821_120025.jpg,VALID,2026-08-21T09:00:28.234Z,3.234,1,46.75,47.0,30.75,60.7,102.7,30.95,50.43,995.8,7375,S05
2026-08-21T09:00:55.000Z,659,series/20260821_115655/20260821_120055.jpg,VALID,2026-08-21T09:00:58.251Z,3.251,1,46.5,46.75,30.5,60.7,102.8,30.13,51.21,995.8,7405,S05
2026-08-21T09:01:25.000Z,660,series/20260821_115655/20260821_120125.jpg,VALID,2026-08-21T09:01:28.264Z,3.264,1,46.25,46.5,30.5,60.7,102.9,30.41,50.96,995.8,7435,S05
2026-08-21T09:01:55.000Z,661,series/20260821_115655/20260821_120155.jpg,VALID,2026-08-21T09:01:58.275Z,3.275,1,45.75,46.25,30.5,60.8,103.1,30.58,50.8,995.8,7465,S05
2026-08-21T09:02:25.000Z,663,series/20260821_115655/20260821_120225.jpg,VALID,2026-08-21T09:02:28.443Z,3.443,1,45.75,46.0,30.5,61.1,103.4,30.35,51.28,995.8,7495,S05
2026-08-21T09:02:55.000Z,663,series/20260821_115655/20260821_120255.jpg,VALID,2026-08-21T09:02:58.312Z,3.312,1,45.5,46.0,30.5,61.1,103.5,30.57,50.6,995.8,7520,S05
2026-08-21T09:03:25.000Z,663,series/20260821_115655/20260821_120325.jpg,VALID,2026-08-21T09:03:28.333Z,3.333,1,45.5,46.0,30.5,61.0,103.4,30.51,50.26,995.8,7550,S05
2026-08-21T09:03:55.000Z,665,series/20260821_115655/20260821_120355.jpg,VALID,2026-08-21T09:03:58.352Z,3.352,1,45.25,45.75,30.25,61.2,103.8,30.64,50.41,995.7,7580,S05
2026-08-21T09:04:25.000Z,669,series/20260821_115655/20260821_120425.jpg,VALID,2026-08-21T09:04:28.368Z,3.368,1,45.25,45.75,30.5,61.7,104.6,30.52,50.59,995.8,7610,S05
2026-08-21T09:04:55.000Z,667,series/20260821_115655/20260821_120455.jpg,VALID,2026-08-21T09:04:58.386Z,3.386,1,45.25,45.75,30.5,61.5,104.1,30.5,50.54,995.7,7640,S05
2026-08-21T09:05:25.000Z,664,series/20260821_115655/20260821_120525.jpg,VALID,2026-08-21T09:05:28.405Z,3.405,1,45.25,45.75,30.25,61.2,103.6,30.81,49.98,995.8,7670,S05
2026-08-21T09:05:55.000Z,664,series/20260821_115655/20260821_120555.jpg,VALID,2026-08-21T09:05:58.415Z,3.415,1,45.25,45.75,30.25,61.1,103.5,31.12,50.05,995.7,7700,S05
2026-08-21T09:06:25.000Z,666,series/20260821_115655/20260821_120625.jpg,VALID,2026-08-21T09:06:28.435Z,3.435,1,45.25,45.75,30.25,61.3,103.9,31.26,49.41,995.7,7730,S05
2026-08-21T09:06:55.000Z,671,series/20260821_115655/20260821_120655.jpg,VALID,2026-08-21T09:06:58.448Z,3.448,1,45.5,46.0,30.25,61.9,105.0,31.55,49.45,995.8,7760,S05
2026-08-21T09:07:25.000Z,673,series/20260821_115655/20260821_120725.jpg,VALID,2026-08-21T09:07:28.463Z,3.463,1,45.5,46.0,30.5,62.1,105.3,31.54,49.11,995.7,7790,S05
2026-08-21T09:07:55.000Z,677,series/20260821_115655/20260821_120755.jpg,VALID,2026-08-21T09:07:58.480Z,3.48,1,45.75,46.0,30.25,62.4,105.8,31.4,49.35,995.7,7820,S05
2026-08-21T09:08:25.000Z,677,series/20260821_115655/20260821_120825.jpg,VALID,2026-08-21T09:08:28.499Z,3.499,1,45.5,46.0,30.5,62.4,105.7,31.33,49.44,995.7,7850,S05
2026-08-21T09:08:55.000Z,674,series/20260821_115655/20260821_120855.jpg,VALID,2026-08-21T09:08:58.516Z,3.516,1,45.5,46.0,30.5,62.1,105.3,30.74,50.16,995.7,7880,S05
2026-08-21T09:09:25.000Z,674,series/20260821_115655/20260821_120925.jpg,VALID,2026-08-21T09:09:28.531Z,3.531,1,45.5,46.0,30.5,62.0,105.1,30.92,50.32,995.7,7910,S05
2026-08-21T09:09:55.000Z,670,series/20260821_115655/20260821_120955.jpg,VALID,2026-08-21T09:09:58.539Z,3.539,1,45.5,46.0,30.5,61.7,104.6,30.96,50.53,995.7,7940,S05
2026-08-21T09:10:25.000Z,669,series/20260821_115655/20260821_121025.jpg,VALID,2026-08-21T09:10:28.560Z,3.56,1,45.5,46.0,30.5,61.5,104.3,30.84,50.11,995.7,7970,S05
2026-08-21T09:10:55.000Z,670,series/20260821_115655/20260821_121055.jpg,VALID,2026-08-21T09:10:58.567Z,3.567,1,45.5,46.0,30.5,61.6,104.4,30.79,50.6,995.7,8000,S05
2026-08-21T09:11:25.000Z,668,series/20260821_115655/20260821_121125.jpg,VALID,2026-08-21T09:11:28.586Z,3.586,1,45.25,46.0,30.5,61.4,104.2,30.99,50.49,995.7,8030,S05
2026-08-21T09:11:55.000Z,669,series/20260821_115655/20260821_121155.jpg,VALID,2026-08-21T09:11:58.605Z,3.605,1,45.5,46.0,30.5,61.4,104.1,31.24,49.71,995.7,8060,S05
2026-08-21T09:12:25.000Z,672,series/20260821_115655/20260821_121225.jpg,VALID,2026-08-21T09:12:28.618Z,3.618,1,45.5,46.0,30.5,61.7,104.6,31.34,49.63,995.7,8090,S05
2026-08-21T09:12:55.000Z,671,series/20260821_115655/20260821_121255.jpg,VALID,2026-08-21T09:12:58.637Z,3.637,1,45.75,46.0,30.75,61.7,104.6,31.62,49.85,995.7,8120,S05
2026-08-21T09:13:25.000Z,672,series/20260821_115655/20260821_121325.jpg,VALID,2026-08-21T09:13:28.654Z,3.654,1,45.75,46.25,30.75,61.9,104.8,31.95,49.0,995.7,8150,S05
2026-08-21T09:13:55.000Z,672,series/20260821_115655/20260821_121355.jpg,VALID,2026-08-21T09:13:58.673Z,3.673,1,46.25,46.5,30.75,61.9,104.8,32.03,48.68,995.7,8180,S05
2026-08-21T09:14:25.000Z,672,series/20260821_115655/20260821_121425.jpg,VALID,2026-08-21T09:14:28.689Z,3.689,1,46.25,46.75,30.75,61.9,104.8,32.27,48.57,995.7,8210,S05
2026-08-21T09:14:55.000Z,670,series/20260821_115655/20260821_121455.jpg,VALID,2026-08-21T09:14:58.700Z,3.7,1,46.75,46.75,31.0,61.7,104.6,32.31,48.42,995.7,8240,S05
2026-08-21T09:15:25.000Z,672,series/20260821_115655/20260821_121525.jpg,VALID,2026-08-21T09:15:28.718Z,3.718,1,47.0,47.0,31.0,61.7,104.8,32.43,48.13,995.6,8270,S05
2026-08-21T09:15:55.000Z,674,series/20260821_115655/20260821_121555.jpg,VALID,2026-08-21T09:15:58.908Z,3.908,1,47.0,47.25,31.0,62.0,105.1,32.16,48.23,995.7,8300,S05
2026-08-21T09:16:25.000Z,676,series/20260821_115655/20260821_121625.jpg,VALID,2026-08-21T09:16:28.742Z,3.742,1,47.0,47.25,31.0,62.1,105.5,32.02,48.47,995.6,8325,S05
2026-08-21T09:16:55.000Z,676,series/20260821_115655/20260821_121655.jpg,VALID,2026-08-21T09:16:58.743Z,3.743,1,47.0,47.25,31.0,62.2,105.4,31.38,49.43,995.6,8355,S05
2026-08-21T09:17:25.000Z,678,series/20260821_115655/20260821_121725.jpg,VALID,2026-08-21T09:17:28.756Z,3.756,1,47.0,47.25,31.0,62.3,105.5,31.08,50.09,995.6,8385,S05
2026-08-21T09:17:55.000Z,676,series/20260821_115655/20260821_121755.jpg,VALID,2026-08-21T09:17:58.764Z,3.764,1,46.75,47.0,31.0,62.1,105.2,31.37,49.33,995.6,8415,S05
2026-08-21T09:18:25.000Z,677,series/20260821_115655/20260821_121825.jpg,VALID,2026-08-21T09:18:28.776Z,3.776,1,46.75,47.0,31.0,62.3,105.6,31.18,49.84,995.7,8445,S05
2026-08-21T09:18:55.000Z,676,series/20260821_115655/20260821_121855.jpg,VALID,2026-08-21T09:18:58.785Z,3.785,1,46.75,47.0,31.0,62.1,105.2,31.18,49.46,995.6,8475,S05
2026-08-21T09:19:25.000Z,675,series/20260821_115655/20260821_121925.jpg,VALID,2026-08-21T09:19:28.798Z,3.798,1,46.5,47.0,31.0,61.9,104.8,31.49,49.44,995.6,8505,S05
2026-08-21T09:19:55.000Z,673,series/20260821_115655/20260821_121955.jpg,VALID,2026-08-21T09:19:58.799Z,3.799,1,46.5,47.0,30.75,61.7,104.8,31.55,49.29,995.6,8535,S05
2026-08-21T09:20:25.000Z,675,series/20260821_115655/20260821_122025.jpg,VALID,2026-08-21T09:20:28.814Z,3.814,1,46.5,46.75,30.75,61.9,105.1,31.28,49.55,995.5,8565,S05
2026-08-21T09:20:55.000Z,676,series/20260821_115655/20260821_122055.jpg,VALID,2026-08-21T09:20:58.826Z,3.826,1,46.25,46.75,31.0,62.0,105.2,31.24,49.75,995.5,8595,S05
2026-08-21T09:21:25.000Z,676,series/20260821_115655/20260821_122125.jpg,VALID,2026-08-21T09:21:28.838Z,3.838,1,46.25,46.75,30.75,62.1,105.1,31.43,49.56,995.5,8625,S05
2026-08-21T09:21:55.000Z,678,series/20260821_115655/20260821_122155.jpg,VALID,2026-08-21T09:21:58.848Z,3.848,1,46.25,46.75,30.75,62.3,105.6,31.71,49.4,995.6,8655,S05
2026-08-21T09:22:25.000Z,677,series/20260821_115655/20260821_122225.jpg,VALID,2026-08-21T09:22:28.860Z,3.86,1,46.25,46.75,31.0,62.2,105.4,30.64,50.4,995.6,8685,S05
2026-08-21T09:22:55.000Z,678,series/20260821_115655/20260821_122255.jpg,VALID,2026-08-21T09:22:58.864Z,3.864,1,46.25,46.5,31.0,62.4,105.5,30.53,50.89,995.5,8715,S05
2026-08-21T09:23:25.000Z,677,series/20260821_115655/20260821_122325.jpg,VALID,2026-08-21T09:23:28.876Z,3.876,1,46.25,46.5,30.75,62.0,105.1,30.79,50.67,995.5,8745,S05
2026-08-21T09:23:55.000Z,679,series/20260821_115655/20260821_122355.jpg,VALID,2026-08-21T09:23:58.885Z,3.885,1,46.0,46.5,30.75,62.2,105.6,31.06,50.42,995.5,8775,S05
2026-08-21T09:24:25.000Z,678,series/20260821_115655/20260821_122425.jpg,VALID,2026-08-21T09:24:28.899Z,3.899,1,46.0,46.5,30.75,62.2,105.5,31.26,50.1,995.5,8805,S05
2026-08-21T09:24:55.000Z,682,series/20260821_115655/20260821_122455.jpg,VALID,2026-08-21T09:24:58.906Z,3.906,1,46.0,46.5,30.75,62.7,106.3,31.33,50.19,995.5,8835,S05
2026-08-21T09:25:25.000Z,683,series/20260821_115655/20260821_122525.jpg,VALID,2026-08-21T09:25:28.917Z,3.917,1,46.25,46.5,31.0,62.8,106.6,31.31,49.92,995.5,8865,S05
2026-08-21T09:25:55.000Z,684,series/20260821_115655/20260821_122555.jpg,VALID,2026-08-21T09:25:58.927Z,3.927,1,46.25,46.75,31.0,62.8,106.6,31.52,50.27,995.6,8895,S05
2026-08-21T09:26:25.000Z,683,series/20260821_115655/20260821_122625.jpg,VALID,2026-08-21T09:26:28.938Z,3.938,1,46.5,46.75,31.0,62.9,106.8,31.85,49.77,995.6,8925,S05
2026-08-21T09:26:55.000Z,688,series/20260821_115655/20260821_122655.jpg,VALID,2026-08-21T09:26:58.944Z,3.944,1,46.75,47.0,31.0,63.3,107.3,31.65,49.82,995.6,8955,S05
2026-08-21T09:27:25.000Z,689,series/20260821_115655/20260821_122725.jpg,VALID,2026-08-21T09:27:28.955Z,3.955,1,46.75,47.25,31.25,63.5,107.8,31.92,49.78,995.6,8985,S05
2026-08-21T09:27:55.000Z,692,series/20260821_115655/20260821_122755.jpg,VALID,2026-08-21T09:27:58.957Z,3.957,1,47.0,47.25,31.25,63.6,108.0,32.0,49.37,995.6,9015,S05
2026-08-21T09:28:25.000Z,689,series/20260821_115655/20260821_122825.jpg,VALID,2026-08-21T09:28:28.969Z,3.969,1,47.25,47.5,31.25,63.5,107.6,32.16,48.76,995.6,9045,S05
2026-08-21T09:28:55.000Z,693,series/20260821_115655/20260821_122855.jpg,VALID,2026-08-21T09:28:59.157Z,4.157,1,47.5,47.5,31.25,63.9,108.3,31.46,49.81,995.5,9075,S05
2026-08-21T09:29:25.000Z,695,series/20260821_115655/20260821_122925.jpg,VALID,2026-08-21T09:29:28.983Z,3.983,1,47.5,47.75,31.5,64.1,108.8,31.36,49.88,995.5,9100,S05
2026-08-21T09:29:55.000Z,694,series/20260821_115655/20260821_122955.jpg,VALID,2026-08-21T09:29:58.993Z,3.993,1,47.5,47.75,31.5,64.19,108.8,31.5,50.25,995.5,9130,S05
2026-08-21T09:30:25.000Z,693,series/20260821_115655/20260821_123025.jpg,VALID,2026-08-21T09:30:29.005Z,4.005,1,47.5,47.75,31.5,64.0,108.6,31.98,49.4,995.6,9160,S05
2026-08-21T09:30:55.000Z,695,series/20260821_115655/20260821_123055.jpg,VALID,2026-08-21T09:30:59.015Z,4.015,1,47.75,48.0,31.5,64.19,109.0,32.08,49.18,995.6,9190,S05
2026-08-21T09:31:55.000Z,702,series/20260821_115655/20260821_123155.jpg,VALID,2026-08-21T09:31:59.037Z,4.037,1,48.0,48.25,31.5,65.1,110.3,32.03,49.18,995.6,9250,S05
2026-08-21T09:32:25.000Z,699,series/20260821_115655/20260821_123225.jpg,VALID,2026-08-21T09:32:29.049Z,4.049,1,48.25,48.25,31.5,64.6,109.7,32.2,48.88,995.6,9280,S05
2026-08-21T09:32:55.000Z,698,series/20260821_115655/20260821_123255.jpg,VALID,2026-08-21T09:32:59.053Z,4.053,1,48.25,48.5,31.5,64.4,109.3,31.7,49.54,995.6,9310,S05
2026-08-21T09:33:25.000Z,695,series/20260821_115655/20260821_123325.jpg,VALID,2026-08-21T09:33:29.065Z,4.065,1,48.25,48.5,31.5,64.1,108.8,31.96,49.67,995.6,9340,S05
2026-08-21T09:33:55.000Z,691,series/20260821_115655/20260821_123355.jpg,VALID,2026-08-21T09:33:59.079Z,4.079,1,48.25,48.5,31.5,63.7,108.1,32.16,49.17,995.6,9370,S05
2026-08-21T09:34:25.000Z,697,series/20260821_115655/20260821_123425.jpg,VALID,2026-08-21T09:34:29.088Z,4.088,1,48.25,48.5,31.5,64.4,109.1,32.33,48.87,995.6,9400,S05
2026-08-21T09:34:55.000Z,698,series/20260821_115655/20260821_123455.jpg,VALID,2026-08-21T09:34:59.102Z,4.102,1,48.25,48.5,31.75,64.4,109.4,32.59,48.87,995.6,9430,S05
2026-08-21T09:35:25.000Z,699,series/20260821_115655/20260821_123525.jpg,VALID,2026-08-21T09:35:29.118Z,4.118,1,48.5,48.75,31.75,64.6,109.6,32.78,48.36,995.6,9460,S05
2026-08-21T09:35:55.000Z,693,series/20260821_115655/20260821_123555.jpg,VALID,2026-08-21T09:35:59.126Z,4.126,1,48.5,49.0,31.75,63.7,108.5,32.78,48.35,995.6,9490,S05
2026-08-21T09:36:25.000Z,690,series/20260821_115655/20260821_123625.jpg,VALID,2026-08-21T09:36:29.142Z,4.142,1,48.75,49.0,31.75,63.6,107.7,32.91,47.98,995.6,9520,S05
2026-08-21T09:36:55.000Z,684,series/20260821_115655/20260821_123655.jpg,VALID,2026-08-21T09:36:59.154Z,4.154,1,48.75,49.25,31.75,62.8,106.7,32.5,48.51,995.6,9550,S05
2026-08-21T09:37:25.000Z,687,series/20260821_115655/20260821_123725.jpg,VALID,2026-08-21T09:37:29.181Z,4.181,1,49.0,49.25,31.75,63.2,107.5,32.08,49.21,995.6,9580,S05
2026-08-21T09:37:55.000Z,688,series/20260821_115655/20260821_123755.jpg,VALID,2026-08-21T09:37:59.170Z,4.17,1,48.75,49.0,31.75,63.2,107.4,31.45,49.82,995.6,9610,S05
2026-08-21T09:38:25.000Z,687,series/20260821_115655/20260821_123825.jpg,VALID,2026-08-21T09:38:29.179Z,4.179,1,48.75,49.0,31.75,63.1,107.0,30.72,51.29,995.6,9640,S05
2026-08-21T09:39:25.000Z,684,series/20260821_115655/20260821_123925.jpg,VALID,2026-08-21T09:39:29.200Z,4.2,1,48.25,48.5,31.75,62.8,106.6,31.4,50.64,995.6,9700,S05
2026-08-21T09:39:55.000Z,686,series/20260821_115655/20260821_123955.jpg,VALID,2026-08-21T09:39:59.219Z,4.219,1,48.0,48.25,31.5,63.1,107.1,31.61,50.35,995.6,9730,S05
2026-08-21T09:40:25.000Z,688,series/20260821_115655/20260821_124025.jpg,VALID,2026-08-21T09:40:29.217Z,4.217,1,47.75,48.25,31.5,63.0,107.2,31.0,50.41,995.5,9760,S05
2026-08-21T09:40:55.000Z,685,series/20260821_115655/20260821_124055.jpg,VALID,2026-08-21T09:40:59.230Z,4.23,1,47.75,48.0,31.5,62.7,106.8,31.14,50.71,995.5,9790,S05
2026-08-21T09:41:25.000Z,686,series/20260821_115655/20260821_124125.jpg,VALID,2026-08-21T09:41:29.242Z,4.242,1,47.5,48.0,31.5,62.7,106.6,31.34,50.62,995.5,9820,S05
2026-08-21T09:41:55.000Z,685,series/20260821_115655/20260821_124155.jpg,VALID,2026-08-21T09:41:59.418Z,4.418,1,47.5,48.0,31.5,62.9,106.9,31.73,49.89,995.5,9850,S05
2026-08-21T09:42:25.000Z,688,series/20260821_115655/20260821_124225.jpg,VALID,2026-08-21T09:42:29.262Z,4.262,1,47.5,48.0,31.5,63.0,107.2,31.95,49.34,995.5,9875,S05
2026-08-21T09:42:55.000Z,691,series/20260821_115655/20260821_124255.jpg,VALID,2026-08-21T09:42:59.267Z,4.267,1,47.5,48.0,31.5,63.6,108.0,32.28,48.93,995.5,9905,S05
2026-08-21T09:43:25.000Z,683,series/20260821_115655/20260821_124325.jpg,VALID,2026-08-21T09:43:29.275Z,4.275,1,47.75,48.0,31.5,62.7,106.7,32.52,49.12,995.5,9935,S05
2026-08-21T09:43:55.000Z,684,series/20260821_115655/20260821_124355.jpg,VALID,2026-08-21T09:43:59.285Z,4.285,1,47.75,48.25,31.5,62.6,106.5,32.52,48.59,995.5,9965,S05
2026-08-21T09:44:25.000Z,685,series/20260821_115655/20260821_124425.jpg,VALID,2026-08-21T09:44:29.298Z,4.298,1,48.0,48.25,31.5,62.7,106.7,32.43,48.36,995.5,9995,S05
2026-08-21T09:44:55.000Z,690,series/20260821_115655/20260821_124455.jpg,VALID,2026-08-21T09:44:59.309Z,4.309,1,48.0,48.25,31.5,63.2,107.4,32.33,48.68,995.5,10025,S05
2026-08-21T09:45:25.000Z,688,series/20260821_115655/20260821_124525.jpg,VALID,2026-08-21T09:45:29.321Z,4.321,1,47.75,48.0,31.5,63.1,107.3,32.45,48.82,995.5,10055,S05
2026-08-21T09:45:55.000Z,689,series/20260821_115655/20260821_124555.jpg,VALID,2026-08-21T09:45:59.332Z,4.332,1,47.75,48.0,31.5,63.2,107.3,32.31,48.85,995.5,10085,S05
2026-08-21T09:46:25.000Z,686,series/20260821_115655/20260821_124625.jpg,VALID,2026-08-21T09:46:29.345Z,4.345,1,47.5,48.0,31.5,62.9,107.0,32.4,48.87,995.5,10115,S05
2026-08-21T09:46:55.000Z,685,series/20260821_115655/20260821_124655.jpg,VALID,2026-08-21T09:46:59.354Z,4.354,1,47.5,47.75,31.5,62.8,106.8,32.36,48.83,995.5,10145,S05
2026-08-21T09:47:25.000Z,690,series/20260821_115655/20260821_124725.jpg,VALID,2026-08-21T09:47:29.366Z,4.366,1,47.5,47.75,31.75,63.3,107.9,31.86,49.64,995.4,10175,S05
2026-08-21T09:47:55.000Z,690,series/20260821_115655/20260821_124755.jpg,VALID,2026-08-21T09:47:59.376Z,4.376,1,47.5,48.0,31.75,63.3,107.6,31.74,50.15,995.5,10205,S05
2026-08-21T09:48:25.000Z,695,series/20260821_115655/20260821_124825.jpg,VALID,2026-08-21T09:48:29.389Z,4.389,1,47.5,48.0,31.75,63.9,108.6,31.92,50.0,995.4,10235,S05
2026-08-21T09:48:55.000Z,691,series/20260821_115655/20260821_124855.jpg,VALID,2026-08-21T09:48:59.399Z,4.399,1,47.25,47.75,31.75,63.4,107.8,31.89,49.86,995.4,10265,S05
2026-08-21T09:49:25.000Z,694,series/20260821_115655/20260821_124925.jpg,VALID,2026-08-21T09:49:29.411Z,4.411,1,47.5,47.75,32.0,63.7,108.5,31.97,49.75,995.4,10295,S05
2026-08-21T09:49:55.000Z,695,series/20260821_115655/20260821_124955.jpg,VALID,2026-08-21T09:49:59.423Z,4.423,1,47.5,48.0,32.0,63.8,108.6,31.74,49.79,995.4,10325,S05
2026-08-21T09:50:25.000Z,696,series/20260821_115655/20260821_125025.jpg,VALID,2026-08-21T09:50:29.434Z,4.434,1,47.75,48.0,32.25,64.0,108.8,31.44,50.13,995.4,10355,S05
2026-08-21T09:50:55.000Z,696,series/20260821_115655/20260821_125055.jpg,VALID,2026-08-21T09:50:59.446Z,4.446,1,48.0,48.0,32.25,64.0,108.9,31.93,49.85,995.4,10385,S05
2026-08-21T09:51:25.000Z,695,series/20260821_115655/20260821_125125.jpg,VALID,2026-08-21T09:51:29.454Z,4.454,1,48.0,48.25,32.25,63.9,108.8,32.34,49.52,995.4,10415,S05
2026-08-21T09:51:55.000Z,693,series/20260821_115655/20260821_125155.jpg,VALID,2026-08-21T09:51:59.467Z,4.467,1,48.25,48.25,32.0,63.7,108.2,32.5,48.79,995.4,10445,S05
2026-08-21T09:52:25.000Z,690,series/20260821_115655/20260821_125225.jpg,VALID,2026-08-21T09:52:29.478Z,4.478,1,48.25,48.5,32.25,63.4,107.5,32.18,49.55,995.4,10475,S05
2026-08-21T09:52:55.000Z,692,series/20260821_115655/20260821_125255.jpg,VALID,2026-08-21T09:52:59.489Z,4.489,1,48.25,48.5,32.25,63.5,108.1,32.46,48.59,995.3,10505,S05
2026-08-21T09:53:25.000Z,689,series/20260821_115655/20260821_125325.jpg,VALID,2026-08-21T09:53:29.499Z,4.499,1,48.25,48.5,32.25,63.3,107.7,32.38,48.88,995.4,10535,S05
2026-08-21T09:53:55.000Z,693,series/20260821_115655/20260821_125355.jpg,VALID,2026-08-21T09:53:59.511Z,4.511,1,48.25,48.5,32.25,63.5,108.1,32.5,48.49,995.3,10565,S05
2026-08-21T09:54:25.000Z,695,series/20260821_115655/20260821_125425.jpg,VALID,2026-08-21T09:54:29.519Z,4.519,1,48.25,48.5,32.25,63.6,108.2,32.45,48.66,995.4,10595,S05
2026-08-21T09:54:55.000Z,691,series/20260821_115655/20260821_125455.jpg,VALID,2026-08-21T09:54:59.680Z,4.68,1,48.25,48.5,32.0,63.2,107.7,32.38,48.15,995.3,10625,S05
2026-08-21T09:55:25.000Z,690,series/20260821_115655/20260821_125525.jpg,VALID,2026-08-21T09:55:29.542Z,4.542,1,48.0,48.25,32.0,63.4,107.8,32.12,48.73,995.3,10650,S05
2026-08-21T09:55:55.000Z,686,series/20260821_115655/20260821_125555.jpg,VALID,2026-08-21T09:55:59.554Z,4.554,1,47.75,48.25,32.0,62.6,106.7,32.0,48.97,995.4,10680,S05
2026-08-21T09:56:25.000Z,691,series/20260821_115655/20260821_125625.jpg,VALID,2026-08-21T09:56:29.563Z,4.563,1,47.5,48.0,31.75,63.1,107.5,32.14,48.91,995.3,10710,S05
2026-08-21T09:56:55.000Z,688,series/20260821_115655/20260821_125655.jpg,VALID,2026-08-21T09:56:59.574Z,4.574,1,47.25,47.75,31.75,62.9,107.2,32.3,48.58,995.4,10740,S05
2026-08-21T09:57:25.000Z,689,series/20260821_115655/20260821_125725.jpg,VALID,2026-08-21T09:57:29.581Z,4.581,1,47.25,47.75,31.75,63.0,107.3,32.43,48.74,995.4,10770,S05
2026-08-21T09:57:55.000Z,688,series/20260821_115655/20260821_125755.jpg,VALID,2026-08-21T09:57:59.591Z,4.591,1,47.25,47.75,31.75,63.0,107.2,32.47,48.7,995.3,10800,S05
2026-08-21T09:58:25.000Z,689,series/20260821_115655/20260821_125825.jpg,VALID,2026-08-21T09:58:29.602Z,4.602,1,47.25,47.75,31.75,63.1,107.3,32.7,48.11,995.2,10830,S05
2026-08-21T09:58:55.000Z,687,series/20260821_115655/20260821_125855.jpg,VALID,2026-08-21T09:58:59.615Z,4.615,1,47.25,47.5,32.0,62.9,106.9,32.48,48.32,995.2,10860,S05
2026-08-21T09:59:25.000Z,687,series/20260821_115655/20260821_125925.jpg,VALID,2026-08-21T09:59:29.626Z,4.626,1,47.25,47.5,32.0,62.9,107.2,32.81,48.02,995.2,10890,S05
2026-08-21T09:59:55.000Z,691,series/20260821_115655/20260821_125955.jpg,VALID,2026-08-21T09:59:59.639Z,4.639,1,47.25,47.5,32.0,63.3,107.8,33.05,47.74,995.3,10920,S05
2026-08-21T10:00:25.000Z,691,series/20260821_115655/20260821_130025.jpg,VALID,2026-08-21T10:00:29.652Z,4.652,1,47.25,47.75,32.0,63.3,107.8,33.09,47.49,995.2,10950,S05
2026-08-21T10:00:55.000Z,690,series/20260821_115655/20260821_130055.jpg,VALID,2026-08-21T10:00:59.664Z,4.664,1,47.25,47.75,32.0,63.2,107.7,33.06,47.49,995.2,10980,S05
2026-08-21T10:01:25.000Z,690,series/20260821_115655/20260821_130125.jpg,VALID,2026-08-21T10:01:29.674Z,4.674,1,47.25,47.75,32.25,63.1,107.5,32.71,48.03,995.3,11010,S05
2026-08-21T10:01:55.000Z,689,series/20260821_115655/20260821_130155.jpg,VALID,2026-08-21T10:01:59.688Z,4.688,1,47.25,47.75,32.25,63.2,107.7,33.04,48.07,995.2,11040,S05
2026-08-21T10:02:25.000Z,686,series/20260821_115655/20260821_130225.jpg,VALID,2026-08-21T10:02:29.702Z,4.702,1,47.5,48.0,32.25,62.8,107.0,33.27,47.41,995.2,11070,S05
2026-08-21T10:02:55.000Z,687,series/20260821_115655/20260821_130255.jpg,VALID,2026-08-21T10:02:59.712Z,4.712,1,47.75,48.25,32.5,63.1,107.4,33.59,47.28,995.2,11100,S05
2026-08-21T10:03:25.000Z,692,series/20260821_115655/20260821_130325.jpg,VALID,2026-08-21T10:03:29.722Z,4.722,1,48.25,48.25,32.5,63.6,108.3,33.16,47.15,995.2,11130,S05
2026-08-21T10:03:55.000Z,687,series/20260821_115655/20260821_130355.jpg,VALID,2026-08-21T10:03:59.731Z,4.731,1,48.25,48.5,32.5,63.0,107.2,32.78,47.81,995.2,11160,S05
2026-08-21T10:04:25.000Z,688,series/20260821_115655/20260821_130425.jpg,VALID,2026-08-21T10:04:29.743Z,4.743,1,48.25,48.5,32.5,63.2,107.3,32.22,48.5,995.2,11190,S05
2026-08-21T10:04:55.000Z,691,series/20260821_115655/20260821_130455.jpg,VALID,2026-08-21T10:04:59.754Z,4.754,1,48.25,48.5,32.5,63.3,107.9,31.86,49.05,995.2,11220,S05
2026-08-21T10:05:25.000Z,691,series/20260821_115655/20260821_130525.jpg,VALID,2026-08-21T10:05:29.763Z,4.763,1,48.25,48.5,32.75,63.4,107.9,32.09,48.91,995.2,11250,S05
2026-08-21T10:05:55.000Z,691,series/20260821_115655/20260821_130555.jpg,VALID,2026-08-21T10:05:59.776Z,4.776,1,48.25,48.5,32.5,63.5,108.1,32.59,48.4,995.1,11280,S05
2026-08-21T10:06:25.000Z,694,series/20260821_115655/20260821_130625.jpg,VALID,2026-08-21T10:06:29.789Z,4.789,1,48.25,48.5,32.5,63.7,108.4,32.59,48.11,995.1,11310,S05
2026-08-21T10:06:55.000Z,692,series/20260821_115655/20260821_130655.jpg,VALID,2026-08-21T10:06:59.795Z,4.795,1,48.25,48.5,32.5,63.6,108.2,32.78,48.06,995.2,11340,S05
2026-08-21T10:07:25.000Z,693,series/20260821_115655/20260821_130725.jpg,VALID,2026-08-21T10:07:29.807Z,4.807,1,48.25,48.5,32.5,63.6,108.3,33.03,47.83,995.2,11370,S05
2026-08-21T10:07:56.000Z,685,series/20260821_115655/20260821_130756.jpg,VALID,2026-08-21T10:07:59.958Z,3.958,1,48.25,48.5,32.5,62.7,106.8,32.77,47.93,995.2,11400,S05
2026-08-21T10:08:26.000Z,684,series/20260821_115655/20260821_130826.jpg,VALID,2026-08-21T10:08:29.829Z,3.829,1,48.25,48.5,32.5,62.7,106.8,32.98,47.67,995.2,11425,S05
2026-08-21T10:08:56.000Z,689,series/20260821_115655/20260821_130856.jpg,VALID,2026-08-21T10:08:59.842Z,3.842,1,48.25,48.5,32.5,63.1,107.5,33.06,47.52,995.2,11455,S05
2026-08-21T10:09:26.000Z,686,series/20260821_115655/20260821_130926.jpg,VALID,2026-08-21T10:09:29.854Z,3.854,1,48.25,48.5,32.5,62.9,107.2,33.31,46.96,995.2,11485,S05
2026-08-21T10:09:56.000Z,686,series/20260821_115655/20260821_130956.jpg,VALID,2026-08-21T10:09:59.868Z,3.868,1,48.25,48.5,32.5,62.8,107.1,32.84,47.59,995.2,11515,S05
2026-08-21T10:10:26.000Z,679,series/20260821_115655/20260821_131026.jpg,VALID,2026-08-21T10:10:29.882Z,3.882,1,48.25,48.75,32.75,62.1,105.9,32.3,48.5,995.2,11545,S05
2026-08-21T10:10:56.000Z,679,series/20260821_115655/20260821_131056.jpg,VALID,2026-08-21T10:10:59.894Z,3.894,1,48.25,48.75,32.75,62.1,105.6,32.65,48.2,995.1,11575,S05
2026-08-21T10:11:26.000Z,680,series/20260821_115655/20260821_131126.jpg,VALID,2026-08-21T10:11:29.895Z,3.895,1,48.25,48.75,32.75,62.3,106.1,33.21,47.64,995.1,11605,S05
2026-08-21T10:11:56.000Z,679,series/20260821_115655/20260821_131156.jpg,VALID,2026-08-21T10:11:59.909Z,3.909,1,48.5,48.75,32.75,62.1,106.0,33.45,47.17,995.1,11635,S05
2026-08-21T10:12:26.000Z,676,series/20260821_115655/20260821_131226.jpg,VALID,2026-08-21T10:12:29.919Z,3.919,1,48.5,49.0,32.75,61.8,105.3,33.5,46.73,995.1,11665,S05
2026-08-21T10:12:56.000Z,675,series/20260821_115655/20260821_131256.jpg,VALID,2026-08-21T10:12:59.932Z,3.932,1,48.5,49.0,32.75,61.6,105.1,33.79,46.85,995.1,11695,S05
2026-08-21T10:13:26.000Z,671,series/20260821_115655/20260821_131326.jpg,VALID,2026-08-21T10:13:29.945Z,3.945,1,48.5,49.0,32.75,61.2,104.3,33.56,47.05,995.1,11725,S05
2026-08-21T10:13:56.000Z,668,series/20260821_115655/20260821_131356.jpg,VALID,2026-08-21T10:13:59.954Z,3.954,1,48.75,49.0,32.75,60.9,103.9,32.86,47.43,995.1,11755,S05
2026-08-21T10:14:26.000Z,666,series/20260821_115655/20260821_131426.jpg,VALID,2026-08-21T10:14:29.963Z,3.963,1,48.75,49.0,33.0,60.6,103.3,32.86,48.1,995.1,11785,S05
2026-08-21T10:14:56.000Z,661,series/20260821_115655/20260821_131456.jpg,VALID,2026-08-21T10:14:59.974Z,3.974,1,48.5,48.75,33.0,60.0,102.3,33.27,47.49,995.0,11815,S05
2026-08-21T10:15:26.000Z,659,series/20260821_115655/20260821_131526.jpg,VALID,2026-08-21T10:15:29.988Z,3.988,1,48.5,49.0,33.0,59.9,102.1,33.39,47.67,995.0,11845,S05
2026-08-21T10:15:56.000Z,659,series/20260821_115655/20260821_131556.jpg,VALID,2026-08-21T10:15:59.991Z,3.991,1,48.75,49.0,33.0,59.9,102.1,33.49,47.23,995.0,11875,S05
2026-08-21T10:16:26.000Z,662,series/20260821_115655/20260821_131626.jpg,VALID,2026-08-21T10:16:30.003Z,4.003,1,48.75,49.0,33.25,60.2,102.9,33.63,47.33,995.0,11905,S05
2026-08-21T10:16:56.000Z,657,series/20260821_115655/20260821_131656.jpg,VALID,2026-08-21T10:17:00.015Z,4.015,1,49.0,49.25,33.25,59.8,102.0,33.02,47.62,995.0,11935,S05
2026-08-21T10:17:26.000Z,660,series/20260821_115655/20260821_131726.jpg,VALID,2026-08-21T10:17:30.028Z,4.028,1,49.0,49.25,33.25,60.1,102.3,33.31,47.41,994.9,11965,S05
2026-08-21T10:17:56.000Z,664,series/20260821_115655/20260821_131756.jpg,VALID,2026-08-21T10:18:00.042Z,4.042,1,49.0,49.25,33.5,60.5,103.0,32.97,47.85,994.9,11995,S05
2026-08-21T10:18:26.000Z,664,series/20260821_115655/20260821_131826.jpg,VALID,2026-08-21T10:18:30.047Z,4.047,1,49.0,49.25,33.5,60.5,103.2,33.25,48.13,994.9,12025,S05
2026-08-21T10:18:56.000Z,660,series/20260821_115655/20260821_131856.jpg,VALID,2026-08-21T10:19:00.058Z,4.058,1,49.25,49.25,33.75,60.2,102.6,33.62,47.35,994.9,12055,S05
2026-08-21T10:19:26.000Z,668,series/20260821_115655/20260821_131926.jpg,VALID,2026-08-21T10:19:30.070Z,4.07,1,49.25,49.5,33.5,60.9,103.8,33.88,46.61,994.9,12085,S05
2026-08-21T12:48:49.000Z,501,series/20260821_154849/20260821_154849.jpg,VALID,2026-08-21T12:48:54.622Z,5.622,1,30.5,29.75,28.75,81.1,83.0,32.77,44.45,993.1,110,S06
2026-08-21T12:49:19.000Z,501,series/20260821_154849/20260821_154919.jpg,VALID,2026-08-21T12:49:14.623Z,-4.377,1,31.5,30.5,29.0,81.0,83.0,33.28,43.75,993.1,130,S06
2026-08-21T12:49:49.000Z,498,series/20260821_154849/20260821_154949.jpg,VALID,2026-08-21T12:49:44.632Z,-4.368,1,32.75,32.0,29.75,81.0,83.0,33.84,42.72,993.0,160,S06
2026-08-21T12:50:19.000Z,496,series/20260821_154849/20260821_155019.jpg,VALID,2026-08-21T12:50:14.646Z,-4.354,1,34.25,33.25,30.25,80.6,82.6,34.22,42.09,993.1,190,S06
2026-08-21T12:50:49.000Z,495,series/20260821_154849/20260821_155049.jpg,VALID,2026-08-21T12:50:44.657Z,-4.343,1,35.5,34.25,30.75,66.0,82.2,34.58,41.72,993.1,220,S06
2026-08-21T12:51:19.000Z,495,series/20260821_154849/20260821_155119.jpg,VALID,2026-08-21T12:51:14.741Z,-4.259,1,36.5,35.5,31.25,60.4,82.1,34.89,41.78,993.1,250,S06
2026-08-21T12:51:49.000Z,493,series/20260821_154849/20260821_155149.jpg,VALID,2026-08-21T12:51:44.941Z,-4.059,1,37.5,36.5,31.75,57.3,82.0,35.33,41.31,993.1,280,S06
2026-08-21T12:52:19.000Z,492,series/20260821_154849/20260821_155219.jpg,VALID,2026-08-21T12:52:14.690Z,-4.31,1,38.25,37.5,32.25,50.3,81.69,35.11,41.03,993.1,305,S06
2026-08-21T12:52:49.000Z,489,series/20260821_154849/20260821_155249.jpg,VALID,2026-08-21T12:52:44.699Z,-4.301,1,39.25,38.25,32.5,49.4,81.3,35.18,40.76,993.1,335,S06
2026-08-21T12:53:19.000Z,489,series/20260821_154849/20260821_155319.jpg,VALID,2026-08-21T12:53:14.709Z,-4.291,1,40.25,39.25,33.0,49.3,81.4,35.28,40.5,993.1,365,S06
2026-08-21T12:53:49.000Z,488,series/20260821_154849/20260821_155349.jpg,VALID,2026-08-21T12:53:44.714Z,-4.286,1,41.0,40.0,33.25,49.4,81.4,35.4,40.45,993.1,395,S06
2026-08-21T12:54:19.000Z,487,series/20260821_154849/20260821_155419.jpg,VALID,2026-08-21T12:54:14.723Z,-4.277,1,41.5,40.75,33.5,46.6,81.3,35.36,40.5,993.1,425,S06
2026-08-21T12:54:49.000Z,488,series/20260821_154849/20260821_155449.jpg,VALID,2026-08-21T12:54:44.735Z,-4.265,1,42.0,41.25,33.75,46.7,81.5,35.41,40.21,993.1,455,S06
2026-08-21T12:55:19.000Z,487,series/20260821_154849/20260821_155519.jpg,VALID,2026-08-21T12:55:14.744Z,-4.256,1,42.5,41.75,34.0,46.7,81.5,35.43,40.37,993.1,485,S06
2026-08-21T12:55:49.000Z,486,series/20260821_154849/20260821_155549.jpg,VALID,2026-08-21T12:55:44.758Z,-4.242,1,43.0,42.25,34.0,46.7,81.3,35.27,40.51,993.1,515,S06
2026-08-21T12:56:19.000Z,485,series/20260821_154849/20260821_155619.jpg,VALID,2026-08-21T12:56:14.766Z,-4.234,1,43.25,42.75,34.25,46.5,81.19,35.15,40.62,993.0,545,S06
2026-08-21T12:56:49.000Z,484,series/20260821_154849/20260821_155649.jpg,VALID,2026-08-21T12:56:44.778Z,-4.222,1,43.5,43.25,34.5,46.6,81.3,35.39,40.42,993.0,575,S06
2026-08-21T12:57:19.000Z,485,series/20260821_154849/20260821_155719.jpg,VALID,2026-08-21T12:57:14.786Z,-4.214,1,44.0,43.5,34.5,46.7,81.6,35.54,40.1,993.0,605,S06
2026-08-21T12:57:49.000Z,487,series/20260821_154849/20260821_155749.jpg,VALID,2026-08-21T12:57:44.801Z,-4.199,1,44.25,43.75,34.75,46.9,81.9,35.55,40.15,993.0,635,S06
2026-08-21T12:58:19.000Z,488,series/20260821_154849/20260821_155819.jpg,VALID,2026-08-21T12:58:14.812Z,-4.188,1,44.5,44.0,34.75,47.1,82.1,35.75,39.98,993.1,665,S06
2026-08-21T12:58:49.000Z,488,series/20260821_154849/20260821_155849.jpg,VALID,2026-08-21T12:58:44.822Z,-4.178,1,44.75,44.25,34.75,47.0,82.0,35.79,39.86,993.0,695,S06
2026-08-21T12:59:19.000Z,489,series/20260821_154849/20260821_155919.jpg,VALID,2026-08-21T12:59:14.833Z,-4.167,1,45.0,44.5,35.0,47.2,82.4,35.86,39.61,993.0,725,S06
2026-08-21T12:59:49.000Z,489,series/20260821_154849/20260821_155949.jpg,VALID,2026-08-21T12:59:44.847Z,-4.153,1,45.0,44.75,35.0,47.4,82.6,36.02,39.66,993.1,755,S06
2026-08-21T13:00:19.000Z,489,series/20260821_154849/20260821_160019.jpg,VALID,2026-08-21T13:00:14.854Z,-4.146,1,45.25,45.0,35.25,47.5,82.7,35.93,39.64,993.0,785,S06
2026-08-21T13:00:49.000Z,488,series/20260821_154849/20260821_160049.jpg,VALID,2026-08-21T13:00:44.869Z,-4.131,1,45.25,45.25,35.25,47.4,82.6,35.59,39.81,993.1,815,S06
2026-08-21T13:01:19.000Z,487,series/20260821_154849/20260821_160119.jpg,VALID,2026-08-21T13:01:14.885Z,-4.115,1,45.5,45.5,35.5,47.1,82.3,35.31,40.21,993.0,845,S06
2026-08-21T13:01:49.000Z,485,series/20260821_154849/20260821_160149.jpg,VALID,2026-08-21T13:01:44.897Z,-4.103,1,45.5,45.5,35.75,47.0,82.0,35.24,40.53,993.1,875,S06
2026-08-21T13:02:19.000Z,484,series/20260821_154849/20260821_160219.jpg,VALID,2026-08-21T13:02:14.910Z,-4.09,1,45.75,45.75,35.75,47.0,81.9,35.23,40.35,993.0,905,S06
2026-08-21T13:02:49.000Z,482,series/20260821_154849/20260821_160249.jpg,VALID,2026-08-21T13:02:44.925Z,-4.075,1,45.75,46.0,36.0,46.8,81.6,35.38,40.43,993.1,935,S06
2026-08-21T13:03:19.000Z,481,series/20260821_154849/20260821_160319.jpg,VALID,2026-08-21T13:03:14.938Z,-4.062,1,46.0,46.0,36.25,46.8,81.6,35.88,39.87,993.0,965,S06
2026-08-21T13:03:49.000Z,478,series/20260821_154849/20260821_160349.jpg,VALID,2026-08-21T13:03:44.947Z,-4.053,1,46.0,46.25,36.25,46.5,81.19,36.09,39.76,993.1,995,S06
2026-08-21T13:04:19.000Z,476,series/20260821_154849/20260821_160419.jpg,VALID,2026-08-21T13:04:14.999Z,-4.001,1,46.25,46.25,36.25,46.4,80.9,36.08,39.55,993.0,1025,S06
2026-08-21T13:04:49.000Z,477,series/20260821_154849/20260821_160449.jpg,VALID,2026-08-21T13:04:45.204Z,-3.796,1,46.25,46.5,36.25,46.1,80.3,36.16,39.64,992.9,1055,S06
2026-08-21T13:05:19.000Z,474,series/20260821_154849/20260821_160519.jpg,VALID,2026-08-21T13:05:14.978Z,-4.022,1,46.5,46.5,36.25,46.0,80.3,35.74,39.99,993.0,1080,S06
2026-08-21T13:05:49.000Z,474,series/20260821_154849/20260821_160549.jpg,VALID,2026-08-21T13:05:44.994Z,-4.006,1,46.5,46.75,36.25,46.1,80.6,35.39,40.39,993.0,1110,S06
2026-08-21T13:06:19.000Z,473,series/20260821_154849/20260821_160619.jpg,VALID,2026-08-21T13:06:15.001Z,-3.999,1,46.5,46.75,36.5,46.1,80.4,35.23,40.75,993.0,1140,S06
2026-08-21T13:06:49.000Z,473,series/20260821_154849/20260821_160649.jpg,VALID,2026-08-21T13:06:45.015Z,-3.985,1,46.5,46.75,36.5,46.0,80.3,34.98,40.59,993.1,1170,S06
2026-08-21T13:07:19.000Z,472,series/20260821_154849/20260821_160719.jpg,VALID,2026-08-21T13:07:15.025Z,-3.975,1,46.5,46.75,36.5,46.1,80.4,35.4,40.38,993.1,1200,S06
2026-08-21T13:07:49.000Z,470,series/20260821_154849/20260821_160749.jpg,VALID,2026-08-21T13:07:45.034Z,-3.966,1,46.5,46.75,36.5,46.0,80.1,35.23,40.06,993.0,1230,S06
2026-08-21T13:08:19.000Z,470,series/20260821_154849/20260821_160819.jpg,VALID,2026-08-21T13:08:15.042Z,-3.958,1,46.25,46.75,36.5,45.9,80.1,35.43,39.97,993.0,1260,S06
2026-08-21T13:08:49.000Z,470,series/20260821_154849/20260821_160849.jpg,VALID,2026-08-21T13:08:45.057Z,-3.943,1,46.25,46.75,36.25,45.9,80.1,35.75,39.6,993.0,1290,S06
2026-08-21T13:09:19.000Z,468,series/20260821_154849/20260821_160919.jpg,VALID,2026-08-21T13:09:15.067Z,-3.933,1,46.25,46.75,36.5,45.7,79.69,35.24,40.1,993.0,1320,S06
2026-08-21T13:09:49.000Z,469,series/20260821_154849/20260821_160949.jpg,VALID,2026-08-21T13:09:45.075Z,-3.925,1,46.25,46.75,36.5,45.7,79.69,35.07,40.31,993.0,1350,S06
2026-08-21T13:10:19.000Z,468,series/20260821_154849/20260821_161019.jpg,VALID,2026-08-21T13:10:15.084Z,-3.916,1,46.25,46.5,36.5,45.7,79.6,35.0,40.37,993.0,1380,S06
2026-08-21T13:10:49.000Z,467,series/20260821_154849/20260821_161049.jpg,VALID,2026-08-21T13:10:45.094Z,-3.906,1,46.25,46.5,36.5,45.7,79.9,35.4,40.12,993.0,1410,S06
2026-08-21T13:11:19.000Z,462,series/20260821_154849/20260821_161119.jpg,VALID,2026-08-21T13:11:15.107Z,-3.893,1,46.0,46.5,36.5,45.5,79.3,35.91,39.66,993.0,1440,S06
2026-08-21T13:11:49.000Z,461,series/20260821_154849/20260821_161149.jpg,VALID,2026-08-21T13:11:45.119Z,-3.881,1,46.0,46.5,36.5,45.2,79.1,36.02,39.67,993.0,1470,S06
2026-08-21T13:12:19.000Z,460,series/20260821_154849/20260821_161219.jpg,VALID,2026-08-21T13:12:15.127Z,-3.873,1,46.25,46.75,36.75,45.0,78.69,35.88,39.97,993.0,1500,S06
2026-08-21T13:12:49.000Z,459,series/20260821_154849/20260821_161249.jpg,VALID,2026-08-21T13:12:45.140Z,-3.86,1,46.25,46.75,36.75,45.0,78.5,36.0,39.79,993.0,1530,S06
2026-08-21T13:13:19.000Z,458,series/20260821_154849/20260821_161319.jpg,VALID,2026-08-21T13:13:15.148Z,-3.852,1,46.25,46.75,36.75,44.9,78.5,35.56,39.88,993.0,1560,S06
2026-08-21T13:13:49.000Z,457,series/20260821_154849/20260821_161349.jpg,VALID,2026-08-21T13:13:45.159Z,-3.841,1,46.25,46.75,36.75,44.8,78.19,35.66,39.95,993.0,1590,S06
2026-08-21T13:14:19.000Z,455,series/20260821_154849/20260821_161419.jpg,VALID,2026-08-21T13:14:15.171Z,-3.829,1,46.25,46.75,36.75,44.6,78.1,35.84,39.87,993.0,1620,S06
2026-08-21T13:14:49.000Z,453,series/20260821_154849/20260821_161449.jpg,VALID,2026-08-21T13:14:45.183Z,-3.817,1,46.25,46.75,36.75,44.5,77.69,35.81,39.73,992.9,1650,S06
2026-08-21T13:15:19.000Z,452,series/20260821_154849/20260821_161519.jpg,VALID,2026-08-21T13:15:15.193Z,-3.807,1,46.25,46.75,36.5,44.3,77.4,35.89,39.5,993.0,1680,S06
2026-08-21T13:15:49.000Z,451,series/20260821_154849/20260821_161549.jpg,VALID,2026-08-21T13:15:45.203Z,-3.797,1,46.25,46.5,36.5,44.3,77.4,35.73,39.35,992.9,1710,S06
2026-08-21T13:16:19.000Z,450,series/20260821_154849/20260821_161619.jpg,VALID,2026-08-21T13:16:15.214Z,-3.786,1,46.25,46.5,36.5,44.0,77.1,35.56,39.81,993.0,1740,S06
2026-08-21T13:16:49.000Z,448,series/20260821_154849/20260821_161649.jpg,VALID,2026-08-21T13:16:45.223Z,-3.777,1,46.0,46.5,36.75,43.9,76.8,35.41,39.92,993.0,1770,S06
2026-08-21T13:17:19.000Z,446,series/20260821_154849/20260821_161719.jpg,VALID,2026-08-21T13:17:15.297Z,-3.703,1,46.0,46.5,36.75,43.8,76.5,35.41,39.95,993.0,1800,S06
2026-08-21T13:17:49.000Z,444,series/20260821_154849/20260821_161749.jpg,VALID,2026-08-21T13:17:45.502Z,-3.498,1,46.0,46.5,36.75,43.6,76.3,35.86,39.9,993.0,1830,S06
2026-08-21T13:18:19.000Z,441,series/20260821_154849/20260821_161819.jpg,VALID,2026-08-21T13:18:15.246Z,-3.754,1,46.0,46.5,36.75,43.4,76.1,36.27,39.57,993.0,1855,S06
2026-08-21T13:18:49.000Z,438,series/20260821_154849/20260821_161849.jpg,VALID,2026-08-21T13:18:45.254Z,-3.746,1,46.25,46.5,37.0,43.0,75.3,35.74,40.13,993.0,1885,S06
2026-08-21T13:19:19.000Z,437,series/20260821_154849/20260821_161919.jpg,VALID,2026-08-21T13:19:15.263Z,-3.737,1,46.25,46.75,37.25,42.9,75.1,36.0,39.99,993.0,1915,S06
2026-08-21T13:19:49.000Z,436,series/20260821_154849/20260821_161949.jpg,VALID,2026-08-21T13:19:45.270Z,-3.73,1,46.25,46.75,37.25,42.8,74.69,36.02,39.61,993.0,1945,S06
2026-08-21T13:20:19.000Z,434,series/20260821_154849/20260821_162019.jpg,VALID,2026-08-21T13:20:15.276Z,-3.724,1,46.5,46.75,37.25,42.6,74.4,35.43,39.65,993.0,1975,S06
2026-08-21T13:20:49.000Z,432,series/20260821_154849/20260821_162049.jpg,VALID,2026-08-21T13:20:45.283Z,-3.717,1,46.5,46.75,37.25,42.4,74.3,35.41,40.13,993.0,2005,S06
2026-08-21T13:21:19.000Z,431,series/20260821_154849/20260821_162119.jpg,VALID,2026-08-21T13:21:15.298Z,-3.702,1,46.5,46.75,37.5,42.3,74.0,35.46,40.01,993.0,2035,S06
2026-08-21T13:21:49.000Z,428,series/20260821_154849/20260821_162149.jpg,VALID,2026-08-21T13:21:45.306Z,-3.694,1,46.5,46.75,37.25,42.0,73.6,35.5,39.99,993.0,2065,S06
2026-08-21T13:22:19.000Z,428,series/20260821_154849/20260821_162219.jpg,VALID,2026-08-21T13:22:15.321Z,-3.679,1,46.25,46.75,37.25,41.9,73.5,35.41,40.17,993.0,2095,S06
2026-08-21T13:22:49.000Z,427,series/20260821_154849/20260821_162249.jpg,VALID,2026-08-21T13:22:45.333Z,-3.667,1,46.25,46.75,37.25,41.9,73.4,35.68,40.18,993.0,2125,S06
2026-08-21T13:23:19.000Z,425,series/20260821_154849/20260821_162319.jpg,VALID,2026-08-21T13:23:15.342Z,-3.658,1,46.25,46.75,37.25,41.8,73.1,35.65,39.91,993.0,2155,S06
2026-08-21T13:24:19.000Z,422,series/20260821_154849/20260821_162419.jpg,VALID,2026-08-21T13:24:15.366Z,-3.634,1,46.0,46.5,37.0,41.3,72.4,35.59,39.99,993.1,2215,S06
2026-08-21T13:24:49.000Z,420,series/20260821_154849/20260821_162449.jpg,VALID,2026-08-21T13:24:45.381Z,-3.619,1,46.0,46.25,37.0,41.2,72.1,35.14,40.5,993.1,2245,S06
2026-08-21T13:25:19.000Z,418,series/20260821_154849/20260821_162519.jpg,VALID,2026-08-21T13:25:15.393Z,-3.607,1,45.75,46.25,37.0,41.0,71.9,35.02,40.47,993.1,2275,S06
2026-08-21T13:25:49.000Z,417,series/20260821_154849/20260821_162549.jpg,VALID,2026-08-21T13:25:45.405Z,-3.595,1,45.5,46.0,36.75,40.9,71.8,35.15,40.16,993.0,2305,S06
2026-08-21T13:26:19.000Z,416,series/20260821_154849/20260821_162619.jpg,VALID,2026-08-21T13:26:15.420Z,-3.58,1,45.5,45.75,36.5,40.8,71.6,35.2,40.23,993.0,2335,S06
2026-08-21T13:26:49.000Z,415,series/20260821_154849/20260821_162649.jpg,VALID,2026-08-21T13:26:45.430Z,-3.57,1,45.25,45.75,36.5,40.7,71.5,35.5,40.17,993.0,2365,S06
2026-08-21T13:27:19.000Z,415,series/20260821_154849/20260821_162719.jpg,VALID,2026-08-21T13:27:15.451Z,-3.549,1,45.25,45.5,36.5,40.7,71.3,35.59,40.09,993.0,2395,S06
2026-08-21T13:27:49.000Z,413,series/20260821_154849/20260821_162749.jpg,VALID,2026-08-21T13:27:45.462Z,-3.538,1,45.0,45.5,36.5,40.59,71.19,35.7,39.77,993.0,2425,S06
2026-08-21T13:28:19.000Z,412,series/20260821_154849/20260821_162819.jpg,VALID,2026-08-21T13:28:15.482Z,-3.518,1,45.0,45.5,36.25,40.4,70.9,35.5,40.17,993.0,2455,S06
2026-08-21T13:28:49.000Z,410,series/20260821_154849/20260821_162849.jpg,VALID,2026-08-21T13:28:45.478Z,-3.522,1,45.0,45.25,36.5,40.3,70.69,35.74,40.09,993.0,2485,S06
2026-08-21T13:29:19.000Z,408,series/20260821_154849/20260821_162919.jpg,VALID,2026-08-21T13:29:15.485Z,-3.515,1,45.0,45.25,36.5,40.2,70.5,35.86,40.29,993.0,2515,S06
2026-08-21T13:29:49.000Z,407,series/20260821_154849/20260821_162949.jpg,VALID,2026-08-21T13:29:45.496Z,-3.504,1,45.0,45.25,36.75,40.09,70.3,36.09,40.11,993.0,2545,S06
2026-08-21T13:30:19.000Z,407,series/20260821_154849/20260821_163019.jpg,VALID,2026-08-21T13:30:15.633Z,-3.367,1,45.0,45.5,36.75,40.0,70.3,35.79,40.13,993.0,2575,S06
2026-08-21T13:30:49.000Z,406,series/20260821_154849/20260821_163049.jpg,VALID,2026-08-21T13:30:45.519Z,-3.481,1,45.0,45.5,37.0,39.9,70.1,36.16,40.27,993.0,2600,S06
2026-08-21T13:31:19.000Z,405,series/20260821_154849/20260821_163119.jpg,VALID,2026-08-21T13:31:15.528Z,-3.472,1,45.25,45.75,37.0,39.9,70.0,36.56,39.72,993.0,2630,S06
2026-08-21T13:31:49.000Z,404,series/20260821_154849/20260821_163149.jpg,VALID,2026-08-21T13:31:45.542Z,-3.458,1,45.5,45.75,37.25,39.9,70.1,36.83,39.3,992.9,2660,S06
2026-08-21T13:32:19.000Z,404,series/20260821_154849/20260821_163219.jpg,VALID,2026-08-21T13:32:15.551Z,-3.449,1,45.5,46.0,37.25,39.8,69.8,36.81,39.02,993.0,2690,S06
2026-08-21T13:32:49.000Z,403,series/20260821_154849/20260821_163249.jpg,VALID,2026-08-21T13:32:45.563Z,-3.437,1,45.75,46.0,37.5,39.8,69.8,37.11,38.78,993.0,2720,S06
2026-08-21T13:33:19.000Z,402,series/20260821_154849/20260821_163319.jpg,VALID,2026-08-21T13:33:15.571Z,-3.429,1,45.75,46.25,37.5,39.7,69.69,37.21,38.46,993.0,2750,S06
2026-08-21T13:33:49.000Z,401,series/20260821_154849/20260821_163349.jpg,VALID,2026-08-21T13:33:45.583Z,-3.417,1,46.0,46.25,37.5,39.59,69.6,36.95,38.61,992.9,2780,S06
2026-08-21T13:34:19.000Z,400,series/20260821_154849/20260821_163419.jpg,VALID,2026-08-21T13:34:15.594Z,-3.406,1,46.0,46.25,37.5,39.5,69.4,36.09,39.35,993.0,2810,S06
2026-08-21T13:34:49.000Z,398,series/20260821_154849/20260821_163449.jpg,VALID,2026-08-21T13:34:45.602Z,-3.398,1,46.25,46.25,37.5,39.2,69.0,36.21,39.61,992.9,2840,S06
2026-08-21T13:35:19.000Z,396,series/20260821_154849/20260821_163519.jpg,VALID,2026-08-21T13:35:15.617Z,-3.383,1,46.25,46.25,37.75,39.2,68.8,36.55,39.01,993.0,2870,S06
2026-08-21T13:35:49.000Z,394,series/20260821_154849/20260821_163549.jpg,VALID,2026-08-21T13:35:45.627Z,-3.373,1,46.0,46.25,37.5,39.0,68.5,36.49,39.03,992.9,2900,S06
2026-08-21T13:36:19.000Z,392,series/20260821_154849/20260821_163619.jpg,VALID,2026-08-21T13:36:15.636Z,-3.364,1,46.0,46.25,37.25,38.8,68.19,36.31,39.28,992.9,2930,S06
2026-08-21T13:36:49.000Z,391,series/20260821_154849/20260821_163649.jpg,VALID,2026-08-21T13:36:45.653Z,-3.347,1,46.0,46.0,37.25,38.5,67.8,36.36,39.49,992.9,2960,S06
2026-08-21T13:37:19.000Z,389,series/20260821_154849/20260821_163719.jpg,VALID,2026-08-21T13:37:15.663Z,-3.337,1,46.0,46.25,37.25,38.59,67.69,36.59,39.33,992.9,2990,S06
2026-08-21T13:37:49.000Z,388,series/20260821_154849/20260821_163749.jpg,VALID,2026-08-21T13:37:45.667Z,-3.333,1,46.0,46.25,37.5,38.4,67.5,36.79,39.32,992.9,3020,S06
2026-08-21T13:38:19.000Z,387,series/20260821_154849/20260821_163819.jpg,VALID,2026-08-21T13:38:15.685Z,-3.315,1,46.0,46.25,37.5,38.2,67.19,36.49,39.11,992.9,3050,S06
2026-08-21T13:38:49.000Z,385,series/20260821_154849/20260821_163849.jpg,VALID,2026-08-21T13:38:45.693Z,-3.307,1,46.0,46.25,37.5,38.09,67.1,36.0,39.58,992.9,3080,S06
2026-08-21T13:39:19.000Z,383,series/20260821_154849/20260821_163919.jpg,VALID,2026-08-21T13:39:15.709Z,-3.291,1,46.0,46.25,37.75,38.0,66.8,35.95,39.71,992.9,3110,S06
2026-08-21T13:39:49.000Z,381,series/20260821_154849/20260821_163949.jpg,VALID,2026-08-21T13:39:45.718Z,-3.282,1,46.0,46.25,37.5,37.7,66.3,36.24,39.42,992.9,3140,S06
2026-08-21T13:40:19.000Z,379,series/20260821_154849/20260821_164019.jpg,VALID,2026-08-21T13:40:15.732Z,-3.268,1,46.0,46.0,37.5,37.5,65.9,36.08,39.39,992.9,3170,S06
2026-08-21T13:40:49.000Z,378,series/20260821_154849/20260821_164049.jpg,VALID,2026-08-21T13:40:45.738Z,-3.262,1,45.75,46.0,37.75,37.3,65.6,35.73,39.79,992.9,3200,S06
2026-08-21T13:41:20.000Z,376,series/20260821_154849/20260821_164120.jpg,VALID,2026-08-21T13:41:15.749Z,-4.251,1,45.75,46.0,37.75,37.3,65.5,36.06,39.31,992.8,3230,S06
2026-08-21T13:41:50.000Z,375,series/20260821_154849/20260821_164150.jpg,VALID,2026-08-21T13:41:45.760Z,-4.24,1,45.75,46.0,37.75,37.09,65.3,36.07,39.59,992.8,3260,S06
2026-08-21T13:42:20.000Z,373,series/20260821_154849/20260821_164220.jpg,VALID,2026-08-21T13:42:15.773Z,-4.227,1,45.75,46.0,37.75,36.9,65.0,36.36,39.36,992.8,3290,S06
2026-08-21T13:42:50.000Z,372,series/20260821_154849/20260821_164250.jpg,VALID,2026-08-21T13:42:45.783Z,-4.217,1,45.75,46.0,37.75,36.8,64.8,36.38,39.48,992.9,3320,S06
2026-08-21T13:43:50.000Z,368,series/20260821_154849/20260821_164350.jpg,VALID,2026-08-21T13:43:45.809Z,-4.191,1,45.75,46.0,37.5,36.4,64.1,35.88,39.39,992.8,3375,S06
2026-08-21T13:44:20.000Z,366,series/20260821_154849/20260821_164420.jpg,VALID,2026-08-21T13:44:15.823Z,-4.177,1,45.5,45.75,37.5,36.2,63.8,35.99,39.69,992.9,3405,S06
2026-08-21T13:44:50.000Z,364,series/20260821_154849/20260821_164450.jpg,VALID,2026-08-21T13:44:45.834Z,-4.166,1,45.5,45.75,37.5,36.0,63.5,36.0,39.5,992.8,3435,S06
2026-08-21T13:45:20.000Z,363,series/20260821_154849/20260821_164520.jpg,VALID,2026-08-21T13:45:15.850Z,-4.15,1,45.25,45.75,37.5,35.9,63.3,35.74,39.76,992.9,3465,S06
2026-08-21T13:45:50.000Z,362,series/20260821_154849/20260821_164550.jpg,VALID,2026-08-21T13:45:45.864Z,-4.136,1,45.25,45.5,37.5,35.8,63.0,36.02,39.84,992.9,3495,S06
2026-08-21T13:46:20.000Z,360,series/20260821_154849/20260821_164620.jpg,VALID,2026-08-21T13:46:15.875Z,-4.125,1,45.25,45.5,37.5,35.59,62.8,36.28,39.35,992.8,3525,S06
2026-08-21T13:46:50.000Z,358,series/20260821_154849/20260821_164650.jpg,VALID,2026-08-21T13:46:45.884Z,-4.116,1,45.0,45.5,37.5,35.4,62.5,36.07,39.48,992.9,3555,S06
2026-08-21T13:47:20.000Z,357,series/20260821_154849/20260821_164720.jpg,VALID,2026-08-21T13:47:15.895Z,-4.105,1,45.0,45.25,37.5,35.4,62.3,36.33,39.18,992.8,3585,S06
2026-08-21T13:47:50.000Z,356,series/20260821_154849/20260821_164750.jpg,VALID,2026-08-21T13:47:45.906Z,-4.094,1,45.0,45.25,37.5,35.3,62.2,36.13,39.62,992.9,3615,S06
2026-08-21T13:48:20.000Z,354,series/20260821_154849/20260821_164820.jpg,VALID,2026-08-21T13:48:15.922Z,-4.078,1,45.0,45.25,37.25,35.09,61.9,35.86,39.53,992.9,3645,S06
2026-08-21T13:48:50.000Z,354,series/20260821_154849/20260821_164850.jpg,VALID,2026-08-21T13:48:45.934Z,-4.066,1,44.75,45.25,37.25,35.0,61.7,35.62,39.41,992.9,3675,S06
2026-08-21T13:49:20.000Z,353,series/20260821_154849/20260821_164920.jpg,VALID,2026-08-21T13:49:15.946Z,-4.054,1,44.75,45.0,37.25,34.9,61.6,35.63,39.64,992.8,3705,S06
2026-08-21T13:49:50.000Z,351,series/20260821_154849/20260821_164950.jpg,VALID,2026-08-21T13:49:45.958Z,-4.042,1,44.5,45.0,37.0,34.7,61.3,35.64,39.66,992.9,3735,S06
2026-08-21T13:50:20.000Z,349,series/20260821_154849/20260821_165020.jpg,VALID,2026-08-21T13:50:15.970Z,-4.03,1,44.5,44.75,36.75,43.7,61.0,35.68,39.5,992.8,3765,S06
2026-08-21T13:50:50.000Z,348,series/20260821_154849/20260821_165050.jpg,VALID,2026-08-21T13:50:45.975Z,-4.025,1,44.25,44.5,36.75,43.8,60.9,35.66,39.78,992.9,3795,S06
2026-08-21T13:51:20.000Z,346,series/20260821_154849/20260821_165120.jpg,VALID,2026-08-21T13:51:15.989Z,-4.011,1,44.0,44.5,36.75,43.8,60.5,35.91,39.2,992.9,3825,S06
2026-08-21T13:51:50.000Z,345,series/20260821_154849/20260821_165150.jpg,VALID,2026-08-21T13:51:46.003Z,-3.997,1,44.0,44.25,36.75,43.7,60.2,35.68,39.36,992.8,3855,S06
2026-08-21T13:52:20.000Z,343,series/20260821_154849/20260821_165220.jpg,VALID,2026-08-21T13:52:16.014Z,-3.986,1,44.0,44.25,36.5,43.4,59.8,35.49,39.5,992.9,3885,S06
2026-08-21T13:52:50.000Z,343,series/20260821_154849/20260821_165250.jpg,VALID,2026-08-21T13:52:46.022Z,-3.978,1,43.75,44.0,36.5,43.2,59.5,35.31,39.62,992.9,3915,S06
2026-08-21T13:53:20.000Z,341,series/20260821_154849/20260821_165320.jpg,VALID,2026-08-21T13:53:16.033Z,-3.967,1,43.5,44.0,36.5,43.1,59.4,34.88,40.25,992.9,3945,S06
2026-08-21T13:53:50.000Z,340,series/20260821_154849/20260821_165350.jpg,VALID,2026-08-21T13:53:46.043Z,-3.957,1,43.5,43.75,36.75,43.2,59.2,35.13,39.93,992.8,3975,S06
2026-08-21T13:54:20.000Z,339,series/20260821_154849/20260821_165420.jpg,VALID,2026-08-21T13:54:16.057Z,-3.943,1,43.25,43.75,36.75,43.1,59.2,35.2,39.96,992.9,4005,S06
2026-08-21T13:54:50.000Z,338,series/20260821_154849/20260821_165450.jpg,VALID,2026-08-21T13:54:46.067Z,-3.933,1,43.25,43.5,36.75,42.8,59.0,35.16,40.22,992.8,4035,S06
2026-08-21T13:55:20.000Z,336,series/20260821_154849/20260821_165520.jpg,VALID,2026-08-21T13:55:16.071Z,-3.929,1,43.25,43.5,36.75,42.6,58.7,35.08,40.14,992.8,4065,S06
2026-08-21T13:55:50.000Z,334,series/20260821_154849/20260821_165550.jpg,VALID,2026-08-21T13:55:46.085Z,-3.915,1,43.0,43.25,36.5,42.6,58.5,35.39,39.94,992.9,4095,S06
2026-08-21T13:56:20.000Z,333,series/20260821_154849/20260821_165620.jpg,VALID,2026-08-21T13:56:16.288Z,-3.712,1,43.0,43.25,36.5,42.6,58.3,35.34,39.93,992.8,4125,S06
2026-08-21T13:56:50.000Z,332,series/20260821_154849/20260821_165650.jpg,VALID,2026-08-21T13:56:46.106Z,-3.894,1,43.0,43.25,36.5,42.5,58.2,35.56,39.66,992.8,4150,S06
2026-08-21T13:57:20.000Z,330,series/20260821_154849/20260821_165720.jpg,VALID,2026-08-21T13:57:16.114Z,-3.886,1,43.0,43.25,36.5,42.2,57.6,35.53,39.47,992.8,4180,S06
2026-08-21T13:57:50.000Z,328,series/20260821_154849/20260821_165750.jpg,VALID,2026-08-21T13:57:46.126Z,-3.874,1,42.75,43.25,36.5,42.1,57.5,35.49,39.56,992.7,4210,S06
2026-08-21T13:58:20.000Z,327,series/20260821_154849/20260821_165820.jpg,VALID,2026-08-21T13:58:16.136Z,-3.864,1,42.75,43.0,36.25,41.7,57.1,35.54,39.41,992.8,4240,S06
2026-08-21T13:58:50.000Z,327,series/20260821_154849/20260821_165850.jpg,VALID,2026-08-21T13:58:46.151Z,-3.849,1,42.75,43.0,36.25,41.8,57.1,35.41,39.77,992.8,4270,S06
2026-08-21T13:59:20.000Z,324,series/20260821_154849/20260821_165920.jpg,VALID,2026-08-21T13:59:16.161Z,-3.839,1,42.5,43.0,36.5,32.09,56.7,35.04,40.07,992.9,4300,S06
2026-08-21T13:59:50.000Z,323,series/20260821_154849/20260821_165950.jpg,VALID,2026-08-21T13:59:46.177Z,-3.823,1,42.5,43.0,36.5,41.2,56.5,35.23,39.82,992.8,4330,S06
2026-08-21T14:00:20.000Z,321,series/20260821_154849/20260821_170020.jpg,VALID,2026-08-21T14:00:16.191Z,-3.809,1,42.5,43.0,36.5,41.1,56.2,35.36,39.86,992.8,4360,S06
2026-08-21T14:00:50.000Z,318,series/20260821_154849/20260821_170050.jpg,VALID,2026-08-21T14:00:46.204Z,-3.796,1,42.5,42.75,36.5,40.8,55.8,35.43,39.95,992.7,4390,S06
2026-08-21T14:01:20.000Z,316,series/20260821_154849/20260821_170120.jpg,VALID,2026-08-21T14:01:16.214Z,-3.786,1,42.75,42.75,36.5,40.7,55.4,35.57,39.66,992.8,4420,S06
2026-08-21T14:01:50.000Z,317,series/20260821_154849/20260821_170150.jpg,VALID,2026-08-21T14:01:46.229Z,-3.771,1,42.5,42.75,36.5,53.3,55.5,35.28,39.58,992.8,4450,S06
2026-08-21T14:02:20.000Z,315,series/20260821_154849/20260821_170220.jpg,VALID,2026-08-21T14:02:16.243Z,-3.757,1,42.75,42.75,36.5,53.2,55.4,35.34,39.61,992.8,4480,S06
2026-08-21T14:02:50.000Z,313,series/20260821_154849/20260821_170250.jpg,VALID,2026-08-21T14:02:46.253Z,-3.747,1,42.5,42.75,36.75,52.6,54.8,35.2,39.94,992.8,4510,S06
2026-08-21T14:03:20.000Z,312,series/20260821_154849/20260821_170320.jpg,VALID,2026-08-21T14:03:16.268Z,-3.732,1,42.5,42.75,36.75,52.4,54.6,35.09,39.93,992.8,4540,S06
2026-08-21T14:03:50.000Z,311,series/20260821_154849/20260821_170350.jpg,VALID,2026-08-21T14:03:46.275Z,-3.725,1,42.5,42.75,36.75,52.3,54.5,34.89,40.16,992.8,4570,S06
2026-08-21T14:04:20.000Z,310,series/20260821_154849/20260821_170420.jpg,VALID,2026-08-21T14:04:16.281Z,-3.719,1,42.5,42.75,37.0,52.2,54.4,35.03,40.2,992.7,4600,S06
2026-08-21T14:04:50.000Z,309,series/20260821_154849/20260821_170450.jpg,VALID,2026-08-21T14:04:46.293Z,-3.707,1,42.5,42.75,36.75,52.3,54.5,35.04,39.79,992.9,4630,S06
2026-08-21T14:05:20.000Z,307,series/20260821_154849/20260821_170520.jpg,VALID,2026-08-21T14:05:16.303Z,-3.697,1,42.25,42.75,36.75,52.0,54.1,34.87,39.98,992.7,4660,S06
2026-08-21T14:05:50.000Z,306,series/20260821_154849/20260821_170550.jpg,VALID,2026-08-21T14:05:46.312Z,-3.688,1,42.25,42.75,36.5,51.6,53.8,35.0,39.88,992.8,4690,S06
2026-08-21T14:06:20.000Z,304,series/20260821_154849/20260821_170620.jpg,VALID,2026-08-21T14:06:16.326Z,-3.674,1,42.25,42.5,36.25,51.3,53.5,35.27,40.06,992.8,4720,S06
2026-08-21T14:06:50.000Z,303,series/20260821_154849/20260821_170650.jpg,VALID,2026-08-21T14:06:46.338Z,-3.662,1,42.25,42.5,36.25,50.9,53.1,35.43,39.86,992.8,4750,S06
2026-08-21T14:07:20.000Z,301,series/20260821_154849/20260821_170720.jpg,VALID,2026-08-21T14:07:16.350Z,-3.65,1,42.0,42.5,36.25,50.8,53.0,35.49,39.66,992.7,4780,S06
2026-08-21T14:07:50.000Z,302,series/20260821_154849/20260821_170750.jpg,VALID,2026-08-21T14:07:46.362Z,-3.638,1,42.0,42.25,36.25,50.6,52.9,35.43,39.88,992.8,4810,S06
2026-08-21T14:08:20.000Z,299,series/20260821_154849/20260821_170820.jpg,VALID,2026-08-21T14:08:16.373Z,-3.627,1,42.0,42.25,36.25,50.4,52.5,34.73,40.52,992.7,4840,S06
2026-08-21T14:08:50.000Z,299,series/20260821_154849/20260821_170850.jpg,VALID,2026-08-21T14:08:46.403Z,-3.597,1,41.75,42.25,36.25,50.4,52.5,35.05,40.31,992.6,4870,S06
2026-08-21T14:09:20.000Z,298,series/20260821_154849/20260821_170920.jpg,VALID,2026-08-21T14:09:16.608Z,-3.392,1,41.75,42.25,36.25,50.2,52.3,35.09,40.2,992.7,4900,S06
2026-08-21T14:09:50.000Z,296,series/20260821_154849/20260821_170950.jpg,VALID,2026-08-21T14:09:46.406Z,-3.594,1,41.75,42.0,36.25,50.1,52.3,35.16,40.45,992.8,4925,S06
2026-08-21T14:10:20.000Z,296,series/20260821_154849/20260821_171020.jpg,VALID,2026-08-21T14:10:16.415Z,-3.585,1,41.75,42.0,36.25,50.0,52.3,35.43,40.22,992.8,4955,S06
2026-08-21T14:10:50.000Z,296,series/20260821_154849/20260821_171050.jpg,VALID,2026-08-21T14:10:46.427Z,-3.573,1,41.75,42.0,36.5,50.0,52.2,35.7,39.79,992.8,4985,S06
2026-08-21T14:11:20.000Z,295,series/20260821_154849/20260821_171120.jpg,VALID,2026-08-21T14:11:16.439Z,-3.561,1,41.75,42.0,36.5,49.7,52.0,35.55,39.82,992.8,5015,S06
2026-08-22T13:37:02.000Z,369,series/20260822_163702/20260822_163702.jpg,VALID,2026-08-22T13:37:03.247Z,1.247,1,30.75,30.25,30.75,61.1,63.7,32.64,48.82,989.4,18010,S07
2026-08-22T13:37:32.000Z,368,series/20260822_163702/20260822_163732.jpg,VALID,2026-08-22T13:37:33.251Z,1.251,1,31.75,31.25,31.75,61.0,63.5,33.34,47.66,989.5,18040,S07
2026-08-22T13:38:02.000Z,367,series/20260822_163702/20260822_163802.jpg,VALID,2026-08-22T13:38:03.259Z,1.259,1,32.75,32.25,32.75,61.0,63.4,33.93,46.72,989.4,18070,S07
2026-08-22T13:38:32.000Z,366,series/20260822_163702/20260822_163832.jpg,VALID,2026-08-22T13:38:33.271Z,1.271,1,33.75,33.25,33.5,60.8,63.3,34.32,46.05,989.4,18100,S07
2026-08-22T13:39:02.000Z,365,series/20260822_163702/20260822_163902.jpg,VALID,2026-08-22T13:39:03.279Z,1.279,1,34.75,34.0,34.25,60.5,63.0,34.72,45.09,989.4,18130,S07
2026-08-22T13:39:32.000Z,363,series/20260822_163702/20260822_163932.jpg,VALID,2026-08-22T13:39:33.287Z,1.287,1,35.5,34.75,34.75,60.2,62.7,34.75,45.01,989.4,18160,S07
2026-08-22T13:40:02.000Z,362,series/20260822_163702/20260822_164002.jpg,VALID,2026-08-22T13:40:03.296Z,1.296,1,36.25,35.5,35.25,35.09,62.5,35.09,44.67,989.4,18190,S07
2026-08-22T13:40:32.000Z,359,series/20260822_163702/20260822_164032.jpg,VALID,2026-08-22T13:40:33.303Z,1.303,1,37.0,36.25,35.75,34.8,62.0,35.18,44.13,989.4,18220,S07
2026-08-22T13:41:02.000Z,355,series/20260822_163702/20260822_164102.jpg,VALID,2026-08-22T13:41:03.306Z,1.306,1,37.75,37.0,36.0,34.5,61.5,35.41,44.17,989.4,18250,S07
2026-08-22T13:41:32.000Z,352,series/20260822_163702/20260822_164132.jpg,VALID,2026-08-22T13:41:33.314Z,1.314,1,38.25,37.75,36.25,34.09,60.8,35.59,43.98,989.4,18280,S07
2026-08-22T13:42:02.000Z,349,series/20260822_163702/20260822_164202.jpg,VALID,2026-08-22T13:42:03.319Z,1.319,1,39.0,38.25,36.75,33.9,60.3,35.81,43.73,989.5,18310,S07
2026-08-22T13:42:32.000Z,346,series/20260822_163702/20260822_164232.jpg,VALID,2026-08-22T13:42:33.330Z,1.33,1,39.5,38.75,37.0,33.5,59.7,35.66,43.72,989.4,18340,S07
2026-08-22T13:43:02.000Z,346,series/20260822_163702/20260822_164302.jpg,VALID,2026-08-22T13:43:03.519Z,1.519,1,40.0,39.25,37.25,33.5,59.8,35.18,44.08,989.4,18370,S07
2026-08-22T13:43:32.000Z,345,series/20260822_163702/20260822_164332.jpg,VALID,2026-08-22T13:43:33.348Z,1.348,1,40.25,39.75,37.5,33.4,59.6,35.37,44.26,989.4,18395,S07
2026-08-22T13:44:02.000Z,344,series/20260822_163702/20260822_164402.jpg,VALID,2026-08-22T13:44:03.355Z,1.355,1,40.5,40.0,37.75,33.4,59.5,35.22,44.16,989.4,18425,S07
2026-08-22T13:44:32.000Z,345,series/20260822_163702/20260822_164432.jpg,VALID,2026-08-22T13:44:33.364Z,1.364,1,41.0,40.5,38.0,33.5,59.7,35.59,43.88,989.5,18455,S07
2026-08-22T13:45:02.000Z,342,series/20260822_163702/20260822_164502.jpg,VALID,2026-08-22T13:45:03.371Z,1.371,1,41.25,40.75,38.0,33.3,59.3,35.49,43.67,989.4,18485,S07
2026-08-22T13:45:32.000Z,341,series/20260822_163702/20260822_164532.jpg,VALID,2026-08-22T13:45:33.384Z,1.384,1,41.75,41.0,38.0,33.09,59.1,35.79,43.43,989.4,18515,S07
2026-08-22T13:46:02.000Z,339,series/20260822_163702/20260822_164602.jpg,VALID,2026-08-22T13:46:03.392Z,1.392,1,42.0,41.5,38.25,32.9,58.6,36.0,43.3,989.4,18545,S07
2026-08-22T13:46:32.000Z,338,series/20260822_163702/20260822_164632.jpg,VALID,2026-08-22T13:46:33.399Z,1.399,1,42.25,41.75,38.5,32.8,58.6,35.91,43.16,989.5,18575,S07
2026-08-22T13:47:02.000Z,333,series/20260822_163702/20260822_164702.jpg,VALID,2026-08-22T13:47:03.410Z,1.41,1,42.25,42.0,38.5,32.4,57.6,36.22,42.98,989.4,18605,S07
2026-08-22T13:47:32.000Z,328,series/20260822_163702/20260822_164732.jpg,VALID,2026-08-22T13:47:33.419Z,1.419,1,42.5,42.0,38.75,31.9,57.0,36.54,42.57,989.5,18635,S07
2026-08-22T13:48:02.000Z,327,series/20260822_163702/20260822_164802.jpg,VALID,2026-08-22T13:48:03.430Z,1.43,1,42.75,42.25,38.75,31.6,56.4,36.34,42.61,989.4,18665,S07
2026-08-22T13:48:32.000Z,331,series/20260822_163702/20260822_164832.jpg,VALID,2026-08-22T13:48:33.435Z,1.435,1,43.0,42.5,38.75,32.09,57.3,36.47,42.69,989.4,18695,S07
2026-08-22T13:49:02.000Z,331,series/20260822_163702/20260822_164902.jpg,VALID,2026-08-22T13:49:03.446Z,1.446,1,43.0,42.75,39.0,32.2,57.5,36.62,42.36,989.4,18725,S07
2026-08-22T13:49:32.000Z,327,series/20260822_163702/20260822_164932.jpg,VALID,2026-08-22T13:49:33.453Z,1.453,1,43.25,43.0,39.25,31.9,56.7,36.59,42.25,989.4,18755,S07
2026-08-22T13:50:02.000Z,327,series/20260822_163702/20260822_165002.jpg,VALID,2026-08-22T13:50:03.454Z,1.454,1,43.25,43.0,39.25,31.9,56.8,36.53,42.4,989.4,18785,S07
2026-08-22T13:50:32.000Z,326,series/20260822_163702/20260822_165032.jpg,VALID,2026-08-22T13:50:33.467Z,1.467,1,43.5,43.25,39.25,31.8,56.6,36.53,42.62,989.5,18815,S07
2026-08-22T13:51:02.000Z,327,series/20260822_163702/20260822_165102.jpg,VALID,2026-08-22T13:51:03.472Z,1.472,1,43.5,43.25,39.25,31.9,56.8,36.59,42.31,989.5,18845,S07
2026-08-22T13:51:32.000Z,327,series/20260822_163702/20260822_165132.jpg,VALID,2026-08-22T13:51:33.475Z,1.475,1,43.5,43.5,39.25,31.9,56.9,36.59,42.18,989.4,18875,S07
2026-08-22T13:52:02.000Z,327,series/20260822_163702/20260822_165202.jpg,VALID,2026-08-22T13:52:03.487Z,1.487,1,43.75,43.5,39.5,32.0,57.0,36.75,42.26,989.5,18905,S07
2026-08-22T13:52:32.000Z,326,series/20260822_163702/20260822_165232.jpg,VALID,2026-08-22T13:52:33.502Z,1.502,1,43.75,43.5,39.25,32.0,57.0,36.57,42.25,989.4,18935,S07
2026-08-22T13:53:02.000Z,327,series/20260822_163702/20260822_165302.jpg,VALID,2026-08-22T13:53:03.514Z,1.514,1,43.75,43.75,39.25,32.0,57.2,36.62,42.28,989.5,18965,S07
2026-08-22T13:53:32.000Z,325,series/20260822_163702/20260822_165332.jpg,VALID,2026-08-22T13:53:33.526Z,1.526,1,43.75,43.75,39.5,31.8,56.7,36.71,42.16,989.5,18995,S07
2026-08-22T13:54:02.000Z,322,series/20260822_163702/20260822_165402.jpg,VALID,2026-08-22T13:54:03.536Z,1.536,1,43.75,43.75,39.25,31.5,56.3,36.02,42.66,989.4,19025,S07
2026-08-22T13:54:32.000Z,321,series/20260822_163702/20260822_165432.jpg,VALID,2026-08-22T13:54:33.539Z,1.539,1,43.75,43.75,38.75,31.3,56.0,35.83,43.0,989.4,19055,S07
2026-08-22T13:55:02.000Z,319,series/20260822_163702/20260822_165502.jpg,VALID,2026-08-22T13:55:03.551Z,1.551,1,43.75,43.75,38.75,31.1,55.5,36.16,42.88,989.4,19085,S07
2026-08-22T13:55:32.000Z,319,series/20260822_163702/20260822_165532.jpg,VALID,2026-08-22T13:55:33.558Z,1.558,1,43.5,43.75,39.0,31.1,55.6,36.37,42.63,989.5,19115,S07
2026-08-22T13:56:02.000Z,317,series/20260822_163702/20260822_165602.jpg,VALID,2026-08-22T13:56:03.764Z,1.764,1,43.5,43.75,38.75,30.9,55.3,36.18,42.48,989.4,19145,S07
2026-08-22T13:56:32.000Z,317,series/20260822_163702/20260822_165632.jpg,VALID,2026-08-22T13:56:33.581Z,1.581,1,43.5,43.5,38.75,30.9,55.2,35.98,42.97,989.4,19170,S07
2026-08-22T13:57:02.000Z,314,series/20260822_163702/20260822_165702.jpg,VALID,2026-08-22T13:57:03.595Z,1.595,1,43.25,43.5,38.75,30.7,54.8,35.54,43.4,989.5,19200,S07
2026-08-22T13:57:32.000Z,311,series/20260822_163702/20260822_165732.jpg,VALID,2026-08-22T13:57:33.608Z,1.608,1,43.25,43.5,38.75,30.4,54.3,35.65,43.28,989.4,19230,S07
2026-08-22T13:58:02.000Z,311,series/20260822_163702/20260822_165802.jpg,VALID,2026-08-22T13:58:03.618Z,1.618,1,43.25,43.5,38.75,30.3,54.2,35.77,43.12,989.5,19260,S07
2026-08-22T13:58:32.000Z,310,series/20260822_163702/20260822_165832.jpg,VALID,2026-08-22T13:58:33.631Z,1.631,1,43.0,43.25,38.75,30.3,54.1,36.04,42.84,989.5,19290,S07
2026-08-22T13:59:02.000Z,309,series/20260822_163702/20260822_165902.jpg,VALID,2026-08-22T13:59:03.642Z,1.642,1,43.0,43.25,39.0,30.2,54.0,36.23,42.75,989.5,19320,S07
2026-08-22T13:59:32.000Z,308,series/20260822_163702/20260822_165932.jpg,VALID,2026-08-22T13:59:33.655Z,1.655,1,43.0,43.25,39.0,30.0,53.7,36.32,42.71,989.4,19350,S07
2026-08-22T14:00:02.000Z,306,series/20260822_163702/20260822_170002.jpg,VALID,2026-08-22T14:00:03.670Z,1.67,1,43.0,43.25,39.0,29.8,53.3,35.87,43.1,989.5,19380,S07
2026-08-22T14:00:32.000Z,304,series/20260822_163702/20260822_170032.jpg,VALID,2026-08-22T14:00:33.679Z,1.679,1,43.0,43.25,39.25,29.6,53.0,35.84,43.13,989.4,19410,S07
2026-08-22T14:01:02.000Z,299,series/20260822_163702/20260822_170102.jpg,VALID,2026-08-22T14:01:03.691Z,1.691,1,43.0,43.25,39.25,29.1,52.2,35.41,43.64,989.5,19440,S07
2026-08-22T14:01:32.000Z,299,series/20260822_163702/20260822_170132.jpg,VALID,2026-08-22T14:01:33.707Z,1.707,1,43.0,43.25,39.25,29.0,51.9,35.2,43.92,989.4,19470,S07
2026-08-22T14:02:02.000Z,297,series/20260822_163702/20260822_170202.jpg,VALID,2026-08-22T14:02:03.718Z,1.718,1,42.75,43.0,39.25,28.9,51.8,35.54,43.64,989.4,19500,S07
2026-08-22T14:02:32.000Z,297,series/20260822_163702/20260822_170232.jpg,VALID,2026-08-22T14:02:33.730Z,1.73,1,42.75,43.0,39.25,28.9,51.6,35.06,43.91,989.4,19530,S07
2026-08-22T14:03:02.000Z,293,series/20260822_163702/20260822_170302.jpg,VALID,2026-08-22T14:03:03.732Z,1.732,1,42.75,43.0,39.25,28.5,50.9,35.2,43.64,989.4,19560,S07
2026-08-22T14:03:32.000Z,289,series/20260822_163702/20260822_170332.jpg,VALID,2026-08-22T14:03:33.743Z,1.743,1,42.75,42.75,39.0,27.8,50.0,35.5,43.5,989.4,19590,S07
2026-08-22T14:04:02.000Z,287,series/20260822_163702/20260822_170402.jpg,VALID,2026-08-22T14:04:03.747Z,1.747,1,42.75,42.75,39.0,27.8,49.7,35.77,43.37,989.4,19620,S07
2026-08-22T14:04:32.000Z,288,series/20260822_163702/20260822_170432.jpg,VALID,2026-08-22T14:04:33.761Z,1.761,1,42.5,42.75,39.0,27.8,49.8,36.08,42.83,989.4,19650,S07
2026-08-22T14:05:02.000Z,176,series/20260822_163702/20260822_170502.jpg,VALID,2026-08-22T14:05:03.775Z,1.775,1,42.5,42.75,38.75,18.2,32.59,35.32,43.63,989.4,19680,S07
2026-08-22T14:05:32.000Z,72,series/20260822_163702/20260822_170532.jpg,VALID,2026-08-22T14:05:33.783Z,1.783,1,42.25,42.5,38.5,8.8,15.4,34.73,44.62,989.4,19710,S07
2026-08-22T14:06:02.000Z,64,series/20260822_163702/20260822_170602.jpg,VALID,2026-08-22T14:06:03.793Z,1.793,1,41.75,42.0,38.0,7.5,13.3,34.3,45.05,989.5,19740,S07
2026-08-22T14:06:32.000Z,65,series/20260822_163702/20260822_170632.jpg,VALID,2026-08-22T14:06:33.807Z,1.807,1,41.25,41.5,37.5,13.0,13.5,34.28,45.29,989.4,19770,S07
2026-08-22T14:07:02.000Z,67,series/20260822_163702/20260822_170702.jpg,VALID,2026-08-22T14:07:03.821Z,1.821,1,40.75,41.0,37.0,13.3,13.9,34.18,45.43,989.4,19800,S07
2026-08-22T14:07:32.000Z,171,series/20260822_163702/20260822_170732.jpg,VALID,2026-08-22T14:07:33.834Z,1.834,1,40.25,40.5,36.75,28.0,29.5,34.0,45.69,989.4,19830,S07
2026-08-22T14:08:02.000Z,298,series/20260822_163702/20260822_170802.jpg,VALID,2026-08-22T14:08:03.845Z,1.845,1,39.75,40.25,36.75,37.8,51.2,34.54,45.08,989.5,19860,S07
2026-08-22T14:08:32.000Z,124,series/20260822_163702/20260822_170832.jpg,VALID,2026-08-22T14:08:33.867Z,1.867,1,39.75,40.25,36.75,22.0,22.9,34.65,44.8,989.5,19890,S07
2026-08-22T14:09:02.000Z,294,series/20260822_163702/20260822_170902.jpg,VALID,2026-08-22T14:09:04.069Z,2.069,1,39.75,40.0,37.0,48.0,50.4,34.83,44.53,989.4,19920,S07
2026-08-22T14:09:32.000Z,287,series/20260822_163702/20260822_170932.jpg,VALID,2026-08-22T14:09:33.882Z,1.882,1,39.75,40.0,37.25,45.6,47.9,35.05,44.27,989.4,19945,S07
2026-08-22T14:10:02.000Z,287,series/20260822_163702/20260822_171002.jpg,VALID,2026-08-22T14:10:03.894Z,1.894,1,39.75,40.0,37.5,47.0,49.4,34.95,44.32,989.4,19975,S07
2026-08-22T14:10:32.000Z,286,series/20260822_163702/20260822_171032.jpg,VALID,2026-08-22T14:10:33.908Z,1.908,1,40.0,40.25,37.75,27.3,48.9,35.16,44.33,989.4,20005,S07
2026-08-22T14:11:02.000Z,244,series/20260822_163702/20260822_171102.jpg,VALID,2026-08-22T14:11:03.920Z,1.92,1,40.0,40.25,38.0,24.8,44.3,35.39,43.83,989.4,20035,S07
2026-08-22T14:12:02.000Z,221,series/20260822_163702/20260822_171202.jpg,VALID,2026-08-22T14:12:03.943Z,1.943,1,40.25,40.25,37.5,21.2,38.0,35.24,43.95,989.4,20095,S07
2026-08-22T14:12:32.000Z,249,series/20260822_163702/20260822_171232.jpg,VALID,2026-08-22T14:12:33.955Z,1.955,1,40.25,40.25,37.5,25.1,44.9,35.33,44.02,989.4,20125,S07
2026-08-22T14:13:02.000Z,190,series/20260822_163702/20260822_171302.jpg,VALID,2026-08-22T14:13:03.970Z,1.97,1,40.25,40.25,37.5,27.1,28.4,35.18,43.77,989.4,20155,S07
2026-08-22T14:13:32.000Z,83,series/20260822_163702/20260822_171332.jpg,VALID,2026-08-22T14:13:33.979Z,1.979,1,40.0,40.25,37.25,15.6,16.2,34.83,44.02,989.4,20185,S07
2026-08-22T14:14:02.000Z,231,series/20260822_163702/20260822_171402.jpg,VALID,2026-08-22T14:14:03.988Z,1.988,1,39.75,40.0,37.0,37.8,39.59,34.87,44.18,989.4,20215,S07
2026-08-22T14:14:32.000Z,97,series/20260822_163702/20260822_171432.jpg,VALID,2026-08-22T14:14:33.999Z,1.999,1,39.75,39.75,36.75,16.6,17.29,34.89,44.43,989.4,20245,S07
2026-08-22T14:15:02.000Z,240,series/20260822_163702/20260822_171502.jpg,VALID,2026-08-22T14:15:04.012Z,2.012,1,39.5,39.5,36.75,38.59,40.5,34.96,44.5,989.4,20275,S07
2026-08-22T14:15:32.000Z,271,series/20260822_163702/20260822_171532.jpg,VALID,2026-08-22T14:15:34.022Z,2.022,1,39.5,39.5,37.0,43.8,46.0,35.08,44.25,989.4,20305,S07
2026-08-22T14:16:02.000Z,272,series/20260822_163702/20260822_171602.jpg,VALID,2026-08-22T14:16:04.037Z,2.037,1,39.5,39.5,37.25,44.0,46.4,35.43,43.89,989.4,20335,S07
2026-08-22T14:16:32.000Z,272,series/20260822_163702/20260822_171632.jpg,VALID,2026-08-22T14:16:34.051Z,2.051,1,39.75,39.75,37.5,44.0,46.4,35.41,43.41,989.4,20365,S07
2026-08-22T14:17:02.000Z,270,series/20260822_163702/20260822_171702.jpg,VALID,2026-08-22T14:17:04.061Z,2.061,1,39.75,39.75,37.5,43.7,46.0,35.43,43.51,989.4,20395,S07
2026-08-22T14:17:32.000Z,268,series/20260822_163702/20260822_171732.jpg,VALID,2026-08-22T14:17:34.067Z,2.067,1,39.75,40.0,37.5,43.5,45.8,35.21,43.84,989.4,20425,S07
2026-08-22T14:18:02.000Z,266,series/20260822_163702/20260822_171802.jpg,VALID,2026-08-22T14:18:04.080Z,2.08,1,40.0,40.0,37.75,43.1,45.4,35.18,43.93,989.4,20455,S07
2026-08-22T14:18:32.000Z,265,series/20260822_163702/20260822_171832.jpg,VALID,2026-08-22T14:18:34.091Z,2.091,1,40.0,40.0,37.75,43.0,45.3,35.4,43.78,989.4,20485,S07
2026-08-22T14:19:02.000Z,252,series/20260822_163702/20260822_171902.jpg,VALID,2026-08-22T14:19:04.105Z,2.105,1,40.0,40.25,38.0,40.8,42.9,35.47,43.49,989.4,20515,S07
2026-08-22T14:19:32.000Z,255,series/20260822_163702/20260822_171932.jpg,VALID,2026-08-22T14:19:34.118Z,2.118,1,40.25,40.25,38.0,41.1,43.3,35.73,43.48,989.4,20545,S07
2026-08-22T14:20:02.000Z,259,series/20260822_163702/20260822_172002.jpg,VALID,2026-08-22T14:20:04.131Z,2.131,1,40.25,40.5,38.25,42.0,44.3,35.84,43.27,989.4,20575,S07
2026-08-22T14:20:32.000Z,261,series/20260822_163702/20260822_172032.jpg,VALID,2026-08-22T14:20:34.143Z,2.143,1,40.5,40.5,38.25,42.2,44.5,35.7,42.89,989.4,20605,S07
2026-08-22T14:21:02.000Z,261,series/20260822_163702/20260822_172102.jpg,VALID,2026-08-22T14:21:04.155Z,2.155,1,40.5,40.5,38.5,42.1,44.4,35.89,42.85,989.4,20635,S07
2026-08-22T14:21:32.000Z,262,series/20260822_163702/20260822_172132.jpg,VALID,2026-08-22T14:21:34.169Z,2.169,1,40.5,40.75,38.5,42.3,44.6,35.84,42.89,989.4,20665,S07
2026-08-22T14:22:02.000Z,264,series/20260822_163702/20260822_172202.jpg,VALID,2026-08-22T14:22:04.357Z,2.357,1,40.75,40.75,38.25,42.7,45.1,35.66,43.06,989.4,20695,S07
2026-08-22T14:22:32.000Z,266,series/20260822_163702/20260822_172232.jpg,VALID,2026-08-22T14:22:24.494Z,-7.506,1,40.75,40.75,38.0,43.0,45.3,35.33,43.26,989.4,20715,S07
2026-08-22T14:23:02.000Z,269,series/20260822_163702/20260822_172302.jpg,VALID,2026-08-22T14:23:04.203Z,2.203,1,40.75,40.75,38.25,43.4,45.7,35.12,43.64,989.4,20750,S07
2026-08-22T14:23:32.000Z,269,series/20260822_163702/20260822_172332.jpg,VALID,2026-08-22T14:23:34.214Z,2.214,1,40.75,40.75,38.25,43.4,45.7,35.2,43.41,989.5,20780,S07
2026-08-22T14:24:02.000Z,271,series/20260822_163702/20260822_172402.jpg,VALID,2026-08-22T14:24:04.229Z,2.229,1,40.75,40.75,38.25,43.6,45.8,35.52,43.41,989.4,20810,S07
2026-08-22T14:25:02.000Z,212,series/20260822_163702/20260822_172502.jpg,VALID,2026-08-22T14:25:04.252Z,2.252,1,40.75,40.75,37.75,36.7,38.5,35.11,43.97,989.4,20870,S07
2026-08-22T14:25:32.000Z,278,series/20260822_163702/20260822_172532.jpg,VALID,2026-08-22T14:25:34.263Z,2.263,1,40.5,40.75,38.0,44.6,46.9,35.03,43.66,989.4,20900,S07
2026-08-22T14:26:02.000Z,281,series/20260822_163702/20260822_172602.jpg,VALID,2026-08-22T14:26:04.277Z,2.277,1,40.5,40.75,38.0,44.9,47.3,35.09,43.76,989.4,20930,S07
2026-08-22T14:26:32.000Z,280,series/20260822_163702/20260822_172632.jpg,VALID,2026-08-22T14:26:34.291Z,2.291,1,40.75,40.75,38.0,44.8,47.3,35.49,43.57,989.4,20960,S07
2026-08-22T14:27:02.000Z,280,series/20260822_163702/20260822_172702.jpg,VALID,2026-08-22T14:27:04.303Z,2.303,1,40.75,41.0,38.0,26.3,47.2,35.54,43.45,989.4,20990,S07
2026-08-22T14:27:32.000Z,278,series/20260822_163702/20260822_172732.jpg,VALID,2026-08-22T14:27:34.311Z,2.311,1,40.75,41.0,38.0,26.1,47.0,35.61,43.24,989.4,21020,S07
2026-08-22T14:28:02.000Z,277,series/20260822_163702/20260822_172802.jpg,VALID,2026-08-22T14:28:04.323Z,2.323,1,40.75,41.0,37.75,26.0,46.9,35.46,42.89,989.4,21050,S07
2026-08-22T14:28:32.000Z,275,series/20260822_163702/20260822_172832.jpg,VALID,2026-08-22T14:28:34.331Z,2.331,1,40.75,41.0,38.0,25.8,46.4,34.41,44.22,989.4,21080,S07
2026-08-22T14:29:02.000Z,275,series/20260822_163702/20260822_172902.jpg,VALID,2026-08-22T14:29:04.338Z,2.338,1,40.75,41.0,38.0,25.9,46.5,34.55,44.61,989.4,21110,S07
2026-08-22T14:29:32.000Z,224,series/20260822_163702/20260822_172932.jpg,VALID,2026-08-22T14:29:34.352Z,2.352,1,40.75,41.0,38.0,23.2,41.6,34.95,43.85,989.4,21140,S07
2026-08-22T14:30:02.000Z,269,series/20260822_163702/20260822_173002.jpg,VALID,2026-08-22T14:30:04.359Z,2.359,1,40.75,41.0,38.0,25.3,45.5,35.16,43.69,989.4,21170,S07
2026-08-22T14:30:32.000Z,259,series/20260822_163702/20260822_173032.jpg,VALID,2026-08-22T14:30:34.366Z,2.366,1,40.75,41.0,38.0,24.3,43.8,35.58,43.3,989.4,21200,S07
2026-08-22T14:31:02.000Z,212,series/20260822_163702/20260822_173102.jpg,VALID,2026-08-22T14:31:04.379Z,2.379,1,40.75,41.0,38.25,20.7,37.2,35.64,43.4,989.4,21230,S07
2026-08-22T14:31:32.000Z,203,series/20260822_163702/20260822_173132.jpg,VALID,2026-08-22T14:31:34.391Z,2.391,1,40.75,41.0,37.75,18.7,33.59,35.64,43.08,989.3,21260,S07
2026-08-22T14:32:02.000Z,102,series/20260822_163702/20260822_173202.jpg,VALID,2026-08-22T14:32:04.406Z,2.406,1,40.5,40.75,37.75,10.9,19.1,35.45,43.04,989.3,21290,S07
2026-08-22T14:32:32.000Z,104,series/20260822_163702/20260822_173232.jpg,VALID,2026-08-22T14:32:34.419Z,2.419,1,40.25,40.75,37.0,18.29,19.0,35.14,43.54,989.4,21320,S07
2026-08-22T14:33:02.000Z,207,series/20260822_163702/20260822_173302.jpg,VALID,2026-08-22T14:33:04.432Z,2.432,1,40.0,40.25,36.5,33.5,35.2,34.58,44.3,989.3,21350,S07
2026-08-22T14:33:32.000Z,202,series/20260822_163702/20260822_173332.jpg,VALID,2026-08-22T14:33:34.446Z,2.446,1,39.75,40.25,36.75,33.09,34.8,34.36,44.76,989.4,21380,S07
2026-08-22T14:34:02.000Z,231,series/20260822_163702/20260822_173402.jpg,VALID,2026-08-22T14:34:04.454Z,2.454,1,39.5,40.0,36.75,37.5,39.5,34.73,44.45,989.3,21410,S07
2026-08-22T14:34:32.000Z,242,series/20260822_163702/20260822_173432.jpg,VALID,2026-08-22T14:34:34.463Z,2.463,1,39.5,40.0,37.0,39.09,41.4,34.96,43.92,989.3,21440,S07
2026-08-22T14:35:02.000Z,101,series/20260822_163702/20260822_173502.jpg,VALID,2026-08-22T14:35:04.619Z,2.619,1,39.5,40.0,37.0,17.4,18.1,35.09,43.75,989.3,21470,S07
2026-08-22T14:35:32.000Z,80,series/20260822_163702/20260822_173532.jpg,VALID,2026-08-22T14:35:34.487Z,2.487,1,39.5,39.75,36.75,14.5,15.0,34.81,43.97,989.3,21495,S07
2026-08-22T14:36:02.000Z,78,series/20260822_163702/20260822_173602.jpg,VALID,2026-08-22T14:36:04.498Z,2.498,1,39.25,39.5,36.25,14.0,14.5,34.5,44.42,989.3,21525,S07
2026-08-22T14:36:32.000Z,76,series/20260822_163702/20260822_173632.jpg,VALID,2026-08-22T14:36:34.514Z,2.514,1,38.75,39.25,35.75,13.6,14.3,34.2,44.58,989.3,21555,S07
2026-08-22T14:37:02.000Z,74,series/20260822_163702/20260822_173702.jpg,VALID,2026-08-22T14:37:04.522Z,2.522,1,38.5,38.75,35.5,13.2,13.8,34.02,45.02,989.3,21585,S07
2026-08-22T14:37:32.000Z,71,series/20260822_163702/20260822_173732.jpg,VALID,2026-08-22T14:37:34.538Z,2.538,1,38.25,38.5,35.25,12.8,13.4,33.91,45.33,989.3,21615,S07
2026-08-22T14:38:03.000Z,70,series/20260822_163702/20260822_173803.jpg,VALID,2026-08-22T14:38:04.543Z,1.543,1,37.75,38.25,34.75,12.6,13.1,33.75,45.41,989.3,21645,S07
2026-08-22T14:38:33.000Z,69,series/20260822_163702/20260822_173833.jpg,VALID,2026-08-22T14:38:34.554Z,1.554,1,37.5,37.75,34.5,12.4,12.9,33.66,45.88,989.4,21675,S07
2026-08-22T14:39:03.000Z,68,series/20260822_163702/20260822_173903.jpg,VALID,2026-08-22T14:39:04.559Z,1.559,1,37.25,37.5,34.5,12.2,12.7,33.39,46.21,989.4,21705,S07
2026-08-22T14:39:33.000Z,68,series/20260822_163702/20260822_173933.jpg,VALID,2026-08-22T14:39:34.571Z,1.571,1,37.0,37.25,34.25,12.0,12.4,33.3,46.31,989.4,21735,S07
2026-08-22T14:40:03.000Z,68,series/20260822_163702/20260822_174003.jpg,VALID,2026-08-22T14:40:04.583Z,1.583,1,36.75,37.0,34.25,11.9,12.4,33.34,46.47,989.3,21765,S07
2026-08-22T14:40:33.000Z,68,series/20260822_163702/20260822_174033.jpg,VALID,2026-08-22T14:40:34.591Z,1.591,1,36.5,36.75,34.0,11.9,12.4,33.38,46.51,989.4,21795,S07
2026-08-22T14:41:03.000Z,67,series/20260822_163702/20260822_174103.jpg,VALID,2026-08-22T14:41:04.604Z,1.604,1,36.25,36.5,34.0,11.8,12.3,33.38,46.6,989.4,21825,S07
2026-08-22T14:41:33.000Z,66,series/20260822_163702/20260822_174133.jpg,VALID,2026-08-22T14:41:34.615Z,1.615,1,36.0,36.25,33.75,11.7,12.1,33.28,46.09,989.4,21855,S07
2026-08-22T14:42:03.000Z,66,series/20260822_163702/20260822_174203.jpg,VALID,2026-08-22T14:42:04.628Z,1.628,1,36.0,36.25,33.75,11.5,12.0,33.3,46.26,989.4,21885,S07
2026-08-22T14:42:33.000Z,66,series/20260822_163702/20260822_174233.jpg,VALID,2026-08-22T14:42:34.638Z,1.638,1,35.75,36.0,33.5,11.4,11.9,33.3,46.3,989.4,21915,S07
2026-08-22T14:43:03.000Z,65,series/20260822_163702/20260822_174303.jpg,VALID,2026-08-22T14:43:04.654Z,1.654,1,35.5,35.75,33.5,11.3,11.7,33.23,46.3,989.4,21945,S07
2026-08-22T14:43:33.000Z,64,series/20260822_163702/20260822_174333.jpg,VALID,2026-08-22T14:43:34.666Z,1.666,1,35.5,35.5,33.5,11.1,11.5,33.2,46.6,989.4,21975,S07
2026-08-22T14:44:03.000Z,63,series/20260822_163702/20260822_174403.jpg,VALID,2026-08-22T14:44:04.679Z,1.679,1,35.25,35.5,33.5,11.0,11.4,32.93,46.91,989.4,22005,S07
2026-08-22T14:44:33.000Z,63,series/20260822_163702/20260822_174433.jpg,VALID,2026-08-22T14:44:34.692Z,1.692,1,35.0,35.25,33.5,10.8,11.3,33.04,46.89,989.4,22035,S07
2026-08-22T14:45:03.000Z,62,series/20260822_163702/20260822_174503.jpg,VALID,2026-08-22T14:45:04.706Z,1.706,1,35.0,35.25,33.25,10.7,11.2,33.09,47.13,989.4,22065,S07
